open,high,low,close,volume,thscode,time,thsname_cn,thsname_en,currency
13.19,13.33,12.95,12.96,10007900.0,000695.SZ,2026-03-02,滨海能源,,CNY
13.05,13.19,12.6,12.61,11054821.0,000695.SZ,2026-03-03,滨海能源,,CNY
12.55,12.73,12.36,12.52,8460200.0,000695.SZ,2026-03-04,滨海能源,,CNY
12.77,13.14,12.77,12.99,11632800.0,000695.SZ,2026-03-05,滨海能源,,CNY
12.91,13.45,12.89,13.3,11550800.0,000695.SZ,2026-03-06,滨海能源,,CNY
13.35,13.66,13.1,13.52,16024669.0,000695.SZ,2026-03-09,滨海能源,,CNY
13.6,13.89,13.39,13.62,15104700.0,000695.SZ,2026-03-10,滨海能源,,CNY
13.62,13.83,13.51,13.6,13880506.0,000695.SZ,2026-03-11,滨海能源,,CNY
13.67,13.88,13.4,13.85,18352305.0,000695.SZ,2026-03-12,滨海能源,,CNY
13.85,15.15,13.83,14.43,39276233.0,000695.SZ,2026-03-13,滨海能源,,CNY
15.1,15.5,14.7,15.3,40508898.0,000695.SZ,2026-03-16,滨海能源,,CNY
15.28,15.36,14.3,14.31,24643395.0,000695.SZ,2026-03-17,滨海能源,,CNY
14.35,14.5,13.77,13.95,18051902.0,000695.SZ,2026-03-18,滨海能源,,CNY
13.91,14.02,13.34,13.41,11970600.0,000695.SZ,2026-03-19,滨海能源,,CNY
13.39,13.74,13.04,13.08,14726701.0,000695.SZ,2026-03-20,滨海能源,,CNY
12.91,13.54,12.54,12.71,17673800.0,000695.SZ,2026-03-23,滨海能源,,CNY
12.9,13.21,12.4,13.21,13878400.0,000695.SZ,2026-03-24,滨海能源,,CNY
13.2,13.26,12.79,12.89,16994705.0,000695.SZ,2026-03-25,滨海能源,,CNY
12.77,13.43,12.7,12.99,18389900.0,000695.SZ,2026-03-26,滨海能源,,CNY
12.93,14.29,12.85,14.29,29887600.0,000695.SZ,2026-03-27,滨海能源,,CNY
14.54,14.8,13.87,13.98,34320501.0,000695.SZ,2026-03-30,滨海能源,,CNY
13.98,14.02,13.27,13.27,21009100.0,000695.SZ,2026-03-31,滨海能源,,CNY
13.71,13.76,12.74,13.01,27734700.0,000695.SZ,2026-04-01,滨海能源,,CNY
13.0,13.87,12.76,12.87,29401605.0,000695.SZ,2026-04-02,滨海能源,,CNY
12.87,12.87,11.61,11.73,26498800.0,000695.SZ,2026-04-03,滨海能源,,CNY
11.72,12.9,11.71,12.9,29102800.0,000695.SZ,2026-04-07,滨海能源,,CNY
12.9,13.08,12.65,13.01,25523900.0,000695.SZ,2026-04-08,滨海能源,,CNY
13.21,13.32,12.75,13.09,17411400.0,000695.SZ,2026-04-09,滨海能源,,CNY
13.25,13.62,13.07,13.45,18793000.0,000695.SZ,2026-04-10,滨海能源,,CNY
13.31,14.1,13.31,13.96,19551500.0,000695.SZ,2026-04-13,滨海能源,,CNY
14.2,14.39,13.79,14.39,21050490.0,000695.SZ,2026-04-14,滨海能源,,CNY
14.67,14.97,14.48,14.79,22830200.0,000695.SZ,2026-04-15,滨海能源,,CNY
14.8,14.99,14.41,14.81,16421590.0,000695.SZ,2026-04-16,滨海能源,,CNY
14.73,15.31,14.72,14.99,17311690.0,000695.SZ,2026-04-17,滨海能源,,CNY
15.08,15.35,14.9,15.27,12677100.0,000695.SZ,2026-04-20,滨海能源,,CNY
15.17,15.21,14.69,15.07,13616190.0,000695.SZ,2026-04-21,滨海能源,,CNY
15.08,15.34,14.65,14.82,12597300.0,000695.SZ,2026-04-22,滨海能源,,CNY
14.82,14.85,14.4,14.57,12063383.0,000695.SZ,2026-04-23,滨海能源,,CNY
14.48,14.89,14.3,14.67,9791500.0,000695.SZ,2026-04-24,滨海能源,,CNY
14.49,15.18,14.49,14.95,9133900.0,000695.SZ,2026-04-27,滨海能源,,CNY
14.88,15.41,14.85,15.06,10818500.0,000695.SZ,2026-04-28,滨海能源,,CNY
15.01,15.81,14.76,15.66,16358301.0,000695.SZ,2026-04-29,滨海能源,,CNY
15.71,15.96,15.33,15.5,12288500.0,000695.SZ,2026-04-30,滨海能源,,CNY
6.19,6.24,6.03,6.12,19004236.0,000701.SZ,2026-03-02,厦门信达,,CNY
6.11,6.2,5.96,5.96,16984801.0,000701.SZ,2026-03-03,厦门信达,,CNY
5.92,6.02,5.86,5.93,12083150.0,000701.SZ,2026-03-04,厦门信达,,CNY
6.03,6.2,5.99,6.18,18516250.0,000701.SZ,2026-03-05,厦门信达,,CNY
6.15,6.4,6.11,6.34,22836681.0,000701.SZ,2026-03-06,厦门信达,,CNY
6.26,6.27,6.07,6.16,20100900.0,000701.SZ,2026-03-09,厦门信达,,CNY
6.23,6.27,6.2,6.24,10546514.0,000701.SZ,2026-03-10,厦门信达,,CNY
6.24,6.34,6.15,6.19,13885900.0,000701.SZ,2026-03-11,厦门信达,,CNY
6.16,6.19,6.06,6.08,12385080.0,000701.SZ,2026-03-12,厦门信达,,CNY
6.05,6.14,6.01,6.02,11377177.0,000701.SZ,2026-03-13,厦门信达,,CNY
6.03,6.14,6.02,6.11,10831000.0,000701.SZ,2026-03-16,厦门信达,,CNY
6.15,6.19,6.03,6.03,13305438.0,000701.SZ,2026-03-17,厦门信达,,CNY
6.06,6.06,5.95,6.06,9279200.0,000701.SZ,2026-03-18,厦门信达,,CNY
5.98,6.05,5.87,5.88,12814751.0,000701.SZ,2026-03-19,厦门信达,,CNY
5.89,5.93,5.69,5.7,13948851.0,000701.SZ,2026-03-20,厦门信达,,CNY
5.6,5.65,5.28,5.34,18171301.0,000701.SZ,2026-03-23,厦门信达,,CNY
5.44,5.64,5.34,5.64,18767806.0,000701.SZ,2026-03-24,厦门信达,,CNY
5.64,5.84,5.63,5.83,12836301.0,000701.SZ,2026-03-25,厦门信达,,CNY
5.82,5.93,5.64,5.68,10711000.0,000701.SZ,2026-03-26,厦门信达,,CNY
5.6,5.82,5.56,5.82,10659000.0,000701.SZ,2026-03-27,厦门信达,,CNY
5.7,5.94,5.7,5.93,13941501.0,000701.SZ,2026-03-30,厦门信达,,CNY
5.9,6.13,5.86,5.94,20035862.0,000701.SZ,2026-03-31,厦门信达,,CNY
6.04,6.09,5.92,5.98,16562314.0,000701.SZ,2026-04-01,厦门信达,,CNY
5.96,6.04,5.84,5.88,10091000.0,000701.SZ,2026-04-02,厦门信达,,CNY
5.94,5.98,5.74,5.76,10947800.0,000701.SZ,2026-04-03,厦门信达,,CNY
5.76,5.95,5.76,5.89,11504000.0,000701.SZ,2026-04-07,厦门信达,,CNY
5.95,6.14,5.95,6.02,11976401.0,000701.SZ,2026-04-08,厦门信达,,CNY
5.97,6.02,5.84,5.84,11131600.0,000701.SZ,2026-04-09,厦门信达,,CNY
5.88,5.94,5.83,5.84,8885200.0,000701.SZ,2026-04-10,厦门信达,,CNY
5.87,5.99,5.84,5.89,10424900.0,000701.SZ,2026-04-13,厦门信达,,CNY
5.93,5.95,5.84,5.91,8638300.0,000701.SZ,2026-04-14,厦门信达,,CNY
5.92,5.93,5.82,5.83,9963050.0,000701.SZ,2026-04-15,厦门信达,,CNY
5.85,5.88,5.8,5.87,9197403.0,000701.SZ,2026-04-16,厦门信达,,CNY
5.85,5.88,5.77,5.84,9968200.0,000701.SZ,2026-04-17,厦门信达,,CNY
5.85,5.89,5.8,5.86,7949124.0,000701.SZ,2026-04-20,厦门信达,,CNY
5.84,5.86,5.66,5.7,11650825.0,000701.SZ,2026-04-21,厦门信达,,CNY
5.67,5.87,5.65,5.85,14445700.0,000701.SZ,2026-04-22,厦门信达,,CNY
5.85,5.85,5.68,5.71,11416279.0,000701.SZ,2026-04-23,厦门信达,,CNY
5.73,5.76,5.54,5.72,13892704.0,000701.SZ,2026-04-24,厦门信达,,CNY
5.7,5.86,5.57,5.82,16860800.0,000701.SZ,2026-04-27,厦门信达,,CNY
5.78,5.95,5.75,5.85,18543200.0,000701.SZ,2026-04-28,厦门信达,,CNY
5.84,5.97,5.8,5.91,15009760.0,000701.SZ,2026-04-29,厦门信达,,CNY
5.91,6.0,5.9,5.93,12430960.0,000701.SZ,2026-04-30,厦门信达,,CNY
7.14,7.17,6.93,6.95,8770488.0,000702.SZ,2026-03-02,正虹科技,,CNY
6.95,7.08,6.8,6.8,7028260.0,000702.SZ,2026-03-03,正虹科技,,CNY
6.81,6.93,6.73,6.84,5626700.0,000702.SZ,2026-03-04,正虹科技,,CNY
6.92,6.98,6.76,6.78,5998428.0,000702.SZ,2026-03-05,正虹科技,,CNY
6.79,7.1,6.76,7.1,8804318.0,000702.SZ,2026-03-06,正虹科技,,CNY
7.01,7.16,7.0,7.01,6334200.0,000702.SZ,2026-03-09,正虹科技,,CNY
7.07,7.18,7.02,7.15,6283296.0,000702.SZ,2026-03-10,正虹科技,,CNY
7.15,7.16,7.04,7.11,4339600.0,000702.SZ,2026-03-11,正虹科技,,CNY
7.12,7.14,7.01,7.04,4551000.0,000702.SZ,2026-03-12,正虹科技,,CNY
7.09,7.17,6.99,7.07,5669105.0,000702.SZ,2026-03-13,正虹科技,,CNY
7.07,7.2,7.03,7.1,6125095.0,000702.SZ,2026-03-16,正虹科技,,CNY
7.1,7.15,6.93,6.96,6982195.0,000702.SZ,2026-03-17,正虹科技,,CNY
6.96,7.05,6.88,7.01,5199100.0,000702.SZ,2026-03-18,正虹科技,,CNY
7.0,7.04,6.81,6.83,6422695.0,000702.SZ,2026-03-19,正虹科技,,CNY
6.82,6.9,6.45,6.47,10635001.0,000702.SZ,2026-03-20,正虹科技,,CNY
6.29,6.34,5.9,5.95,13220057.0,000702.SZ,2026-03-23,正虹科技,,CNY
6.2,6.31,6.0,6.29,11873300.0,000702.SZ,2026-03-24,正虹科技,,CNY
6.3,6.45,6.27,6.42,9210130.0,000702.SZ,2026-03-25,正虹科技,,CNY
6.49,6.56,6.3,6.33,5599000.0,000702.SZ,2026-03-26,正虹科技,,CNY
6.29,6.56,6.27,6.55,6153395.0,000702.SZ,2026-03-27,正虹科技,,CNY
6.53,6.75,6.48,6.73,7951700.0,000702.SZ,2026-03-30,正虹科技,,CNY
6.72,6.97,6.69,6.7,11360600.0,000702.SZ,2026-03-31,正虹科技,,CNY
6.85,6.9,6.63,6.69,6794800.0,000702.SZ,2026-04-01,正虹科技,,CNY
6.75,6.8,6.49,6.58,7697500.0,000702.SZ,2026-04-02,正虹科技,,CNY
6.55,6.57,6.13,6.15,7343730.0,000702.SZ,2026-04-03,正虹科技,,CNY
6.08,6.46,5.96,6.4,9972688.0,000702.SZ,2026-04-07,正虹科技,,CNY
6.6,6.68,6.4,6.65,8727296.0,000702.SZ,2026-04-08,正虹科技,,CNY
6.65,6.69,6.36,6.39,6633900.0,000702.SZ,2026-04-09,正虹科技,,CNY
6.45,6.55,6.37,6.4,4775200.0,000702.SZ,2026-04-10,正虹科技,,CNY
6.39,6.54,6.31,6.52,6065796.0,000702.SZ,2026-04-13,正虹科技,,CNY
6.55,6.72,6.43,6.71,9241200.0,000702.SZ,2026-04-14,正虹科技,,CNY
6.7,7.3,6.53,6.95,28426124.0,000702.SZ,2026-04-15,正虹科技,,CNY
6.99,7.08,6.55,6.75,27861079.0,000702.SZ,2026-04-16,正虹科技,,CNY
6.72,6.79,6.48,6.59,16729792.0,000702.SZ,2026-04-17,正虹科技,,CNY
6.61,7.01,6.51,6.96,19848392.0,000702.SZ,2026-04-20,正虹科技,,CNY
6.94,7.21,6.86,7.04,19514800.0,000702.SZ,2026-04-21,正虹科技,,CNY
7.04,7.09,6.78,6.81,12148400.0,000702.SZ,2026-04-22,正虹科技,,CNY
6.8,6.88,6.62,6.73,9943800.0,000702.SZ,2026-04-23,正虹科技,,CNY
6.73,6.75,6.55,6.64,7647000.0,000702.SZ,2026-04-24,正虹科技,,CNY
6.61,6.82,6.54,6.74,7784295.0,000702.SZ,2026-04-27,正虹科技,,CNY
6.79,6.91,6.68,6.87,9397943.0,000702.SZ,2026-04-28,正虹科技,,CNY
6.96,7.1,6.81,7.0,10070497.0,000702.SZ,2026-04-29,正虹科技,,CNY
7.0,7.18,6.93,7.13,10061200.0,000702.SZ,2026-04-30,正虹科技,,CNY
9.3,9.31,8.98,9.03,11578700.0,000705.SZ,2026-03-02,浙江震元,,CNY
9.08,9.17,8.95,8.95,8600990.0,000705.SZ,2026-03-03,浙江震元,,CNY
8.9,9.04,8.81,8.85,7748200.0,000705.SZ,2026-03-04,浙江震元,,CNY
8.95,9.05,8.91,8.96,6003500.0,000705.SZ,2026-03-05,浙江震元,,CNY
8.92,9.19,8.92,9.18,5472400.0,000705.SZ,2026-03-06,浙江震元,,CNY
9.14,9.17,9.03,9.08,5555700.0,000705.SZ,2026-03-09,浙江震元,,CNY
9.14,9.21,9.09,9.19,3707700.0,000705.SZ,2026-03-10,浙江震元,,CNY
9.18,9.2,9.12,9.17,4804100.0,000705.SZ,2026-03-11,浙江震元,,CNY
9.17,9.18,9.07,9.07,3981800.0,000705.SZ,2026-03-12,浙江震元,,CNY
9.08,9.22,9.03,9.17,7667800.0,000705.SZ,2026-03-13,浙江震元,,CNY
9.13,9.25,9.09,9.17,4742400.0,000705.SZ,2026-03-16,浙江震元,,CNY
9.22,9.23,9.06,9.07,4128700.0,000705.SZ,2026-03-17,浙江震元,,CNY
9.02,9.18,8.97,9.17,4596951.0,000705.SZ,2026-03-18,浙江震元,,CNY
9.1,9.18,8.98,8.99,3910900.0,000705.SZ,2026-03-19,浙江震元,,CNY
9.05,9.06,8.71,8.73,7107500.0,000705.SZ,2026-03-20,浙江震元,,CNY
8.6,8.6,8.05,8.11,9512600.0,000705.SZ,2026-03-23,浙江震元,,CNY
8.27,8.58,8.21,8.58,9985900.0,000705.SZ,2026-03-24,浙江震元,,CNY
8.61,8.72,8.54,8.63,4934594.0,000705.SZ,2026-03-25,浙江震元,,CNY
8.62,8.77,8.49,8.53,6278300.0,000705.SZ,2026-03-26,浙江震元,,CNY
8.46,8.76,8.45,8.76,5694500.0,000705.SZ,2026-03-27,浙江震元,,CNY
8.69,8.91,8.68,8.89,4734200.0,000705.SZ,2026-03-30,浙江震元,,CNY
8.86,9.01,8.79,8.8,4661410.0,000705.SZ,2026-03-31,浙江震元,,CNY
8.93,9.13,8.78,9.07,10697900.0,000705.SZ,2026-04-01,浙江震元,,CNY
9.1,9.17,9.03,9.07,12583789.0,000705.SZ,2026-04-02,浙江震元,,CNY
9.06,9.13,8.81,8.82,7726234.0,000705.SZ,2026-04-03,浙江震元,,CNY
8.82,9.23,8.59,9.06,11286800.0,000705.SZ,2026-04-07,浙江震元,,CNY
9.18,9.21,9.0,9.08,9048200.0,000705.SZ,2026-04-08,浙江震元,,CNY
9.05,9.17,8.8,8.84,10586609.0,000705.SZ,2026-04-09,浙江震元,,CNY
8.93,9.17,8.83,9.07,8825300.0,000705.SZ,2026-04-10,浙江震元,,CNY
9.07,9.07,8.73,8.86,8294900.0,000705.SZ,2026-04-13,浙江震元,,CNY
8.9,8.92,8.76,8.86,5077500.0,000705.SZ,2026-04-14,浙江震元,,CNY
8.96,9.07,8.83,9.0,8637700.0,000705.SZ,2026-04-15,浙江震元,,CNY
8.98,8.99,8.84,8.96,5845610.0,000705.SZ,2026-04-16,浙江震元,,CNY
8.94,8.94,8.71,8.8,7266700.0,000705.SZ,2026-04-17,浙江震元,,CNY
8.78,8.78,8.47,8.73,8888000.0,000705.SZ,2026-04-20,浙江震元,,CNY
8.75,8.78,8.58,8.62,4362500.0,000705.SZ,2026-04-21,浙江震元,,CNY
8.62,8.68,8.55,8.62,3826250.0,000705.SZ,2026-04-22,浙江震元,,CNY
8.65,8.65,8.47,8.53,3949708.0,000705.SZ,2026-04-23,浙江震元,,CNY
8.46,8.64,8.43,8.6,3555650.0,000705.SZ,2026-04-24,浙江震元,,CNY
8.58,8.77,8.51,8.69,4665160.0,000705.SZ,2026-04-27,浙江震元,,CNY
8.68,8.8,8.66,8.77,4853800.0,000705.SZ,2026-04-28,浙江震元,,CNY
8.1,8.42,7.96,8.24,19700493.0,000705.SZ,2026-04-29,浙江震元,,CNY
8.24,8.49,8.21,8.26,12101566.0,000705.SZ,2026-04-30,浙江震元,,CNY
6.73,6.86,6.41,6.58,46958971.0,000707.SZ,2026-03-02,双环科技,,CNY
6.71,6.73,6.42,6.45,22115901.0,000707.SZ,2026-03-03,双环科技,,CNY
6.41,6.53,6.34,6.38,16440170.0,000707.SZ,2026-03-04,双环科技,,CNY
6.49,6.49,6.28,6.4,15705685.0,000707.SZ,2026-03-05,双环科技,,CNY
6.37,6.67,6.36,6.6,28204543.0,000707.SZ,2026-03-06,双环科技,,CNY
6.73,7.0,6.63,6.65,31209037.0,000707.SZ,2026-03-09,双环科技,,CNY
6.63,6.69,6.49,6.5,27336552.0,000707.SZ,2026-03-10,双环科技,,CNY
6.5,6.72,6.4,6.68,27844130.0,000707.SZ,2026-03-11,双环科技,,CNY
6.79,6.85,6.65,6.72,25017543.0,000707.SZ,2026-03-12,双环科技,,CNY
6.7,6.93,6.7,6.78,25039651.0,000707.SZ,2026-03-13,双环科技,,CNY
6.74,6.95,6.59,6.63,22307301.0,000707.SZ,2026-03-16,双环科技,,CNY
6.65,6.81,6.56,6.57,21091300.0,000707.SZ,2026-03-17,双环科技,,CNY
6.55,6.58,6.35,6.42,23397057.0,000707.SZ,2026-03-18,双环科技,,CNY
6.42,6.53,6.12,6.14,32334119.0,000707.SZ,2026-03-19,双环科技,,CNY
6.19,6.2,5.91,5.95,27207059.0,000707.SZ,2026-03-20,双环科技,,CNY
5.89,6.03,5.72,5.8,22583661.0,000707.SZ,2026-03-23,双环科技,,CNY
5.9,5.92,5.65,5.81,18240655.0,000707.SZ,2026-03-24,双环科技,,CNY
5.82,6.07,5.78,6.0,16157806.0,000707.SZ,2026-03-25,双环科技,,CNY
5.99,6.22,5.94,5.99,15474193.0,000707.SZ,2026-03-26,双环科技,,CNY
5.98,6.18,5.94,6.15,16004832.0,000707.SZ,2026-03-27,双环科技,,CNY
6.12,6.25,6.07,6.19,13475513.0,000707.SZ,2026-03-30,双环科技,,CNY
6.19,6.25,6.0,6.01,12577200.0,000707.SZ,2026-03-31,双环科技,,CNY
6.11,6.14,6.01,6.1,10885701.0,000707.SZ,2026-04-01,双环科技,,CNY
6.09,6.12,5.97,6.01,9164700.0,000707.SZ,2026-04-02,双环科技,,CNY
6.02,6.05,5.75,5.78,13579718.0,000707.SZ,2026-04-03,双环科技,,CNY
5.82,6.13,5.77,6.1,17704876.0,000707.SZ,2026-04-07,双环科技,,CNY
6.08,6.12,5.9,5.99,24400043.0,000707.SZ,2026-04-08,双环科技,,CNY
5.95,6.17,5.9,5.95,20599919.0,000707.SZ,2026-04-09,双环科技,,CNY
5.95,6.01,5.88,5.96,11593000.0,000707.SZ,2026-04-10,双环科技,,CNY
5.96,6.05,5.88,5.99,12455000.0,000707.SZ,2026-04-13,双环科技,,CNY
6.0,6.01,5.82,5.9,15145019.0,000707.SZ,2026-04-14,双环科技,,CNY
5.9,5.91,5.82,5.84,9483409.0,000707.SZ,2026-04-15,双环科技,,CNY
5.85,5.91,5.83,5.88,8038995.0,000707.SZ,2026-04-16,双环科技,,CNY
5.86,5.9,5.8,5.84,7090639.0,000707.SZ,2026-04-17,双环科技,,CNY
5.85,5.88,5.8,5.83,7597289.0,000707.SZ,2026-04-20,双环科技,,CNY
5.84,5.9,5.75,5.89,10467140.0,000707.SZ,2026-04-21,双环科技,,CNY
5.9,6.48,5.9,6.27,61606059.0,000707.SZ,2026-04-22,双环科技,,CNY
6.21,6.25,6.0,6.0,41110209.0,000707.SZ,2026-04-23,双环科技,,CNY
6.04,6.28,5.92,6.16,35587988.0,000707.SZ,2026-04-24,双环科技,,CNY
6.11,6.11,5.89,5.93,26964263.0,000707.SZ,2026-04-27,双环科技,,CNY
5.92,6.12,5.91,6.0,19189682.0,000707.SZ,2026-04-28,双环科技,,CNY
5.95,6.05,5.89,6.01,15069107.0,000707.SZ,2026-04-29,双环科技,,CNY
6.05,6.07,5.92,5.95,14069091.0,000707.SZ,2026-04-30,双环科技,,CNY
6.4,6.47,6.23,6.24,16743060.0,000715.SZ,2026-03-02,中兴商业,,CNY
6.23,6.3,5.98,6.01,15956950.0,000715.SZ,2026-03-03,中兴商业,,CNY
5.95,6.08,5.9,6.01,9341177.0,000715.SZ,2026-03-04,中兴商业,,CNY
6.1,6.25,6.02,6.12,10602411.0,000715.SZ,2026-03-05,中兴商业,,CNY
6.1,6.26,6.07,6.25,8548580.0,000715.SZ,2026-03-06,中兴商业,,CNY
6.21,6.28,6.13,6.18,8399147.0,000715.SZ,2026-03-09,中兴商业,,CNY
6.22,6.3,6.22,6.27,7957570.0,000715.SZ,2026-03-10,中兴商业,,CNY
6.29,6.31,6.15,6.2,8010520.0,000715.SZ,2026-03-11,中兴商业,,CNY
6.2,6.22,6.11,6.14,8002252.0,000715.SZ,2026-03-12,中兴商业,,CNY
6.15,6.2,6.06,6.08,8426518.0,000715.SZ,2026-03-13,中兴商业,,CNY
6.14,6.19,6.08,6.16,7531799.0,000715.SZ,2026-03-16,中兴商业,,CNY
6.14,6.21,6.05,6.06,7349116.0,000715.SZ,2026-03-17,中兴商业,,CNY
6.07,6.09,5.98,6.09,8086330.0,000715.SZ,2026-03-18,中兴商业,,CNY
6.03,6.09,5.89,5.92,8216750.0,000715.SZ,2026-03-19,中兴商业,,CNY
5.92,5.96,5.73,5.73,7531738.0,000715.SZ,2026-03-20,中兴商业,,CNY
5.68,5.68,5.31,5.37,13072731.0,000715.SZ,2026-03-23,中兴商业,,CNY
5.48,5.68,5.4,5.64,14828684.0,000715.SZ,2026-03-24,中兴商业,,CNY
5.65,5.79,5.63,5.72,8328030.0,000715.SZ,2026-03-25,中兴商业,,CNY
5.71,5.81,5.66,5.68,7167760.0,000715.SZ,2026-03-26,中兴商业,,CNY
5.66,5.78,5.56,5.73,7577337.0,000715.SZ,2026-03-27,中兴商业,,CNY
5.72,5.81,5.64,5.81,7504165.0,000715.SZ,2026-03-30,中兴商业,,CNY
5.81,6.0,5.81,5.84,10024580.0,000715.SZ,2026-03-31,中兴商业,,CNY
5.91,5.95,5.78,5.86,8183139.0,000715.SZ,2026-04-01,中兴商业,,CNY
5.85,5.9,5.78,5.85,7448820.0,000715.SZ,2026-04-02,中兴商业,,CNY
5.83,5.86,5.62,5.65,6316920.0,000715.SZ,2026-04-03,中兴商业,,CNY
5.66,5.84,5.63,5.82,7182891.0,000715.SZ,2026-04-07,中兴商业,,CNY
5.88,5.93,5.81,5.85,8930177.0,000715.SZ,2026-04-08,中兴商业,,CNY
5.85,5.85,5.67,5.68,8588750.0,000715.SZ,2026-04-09,中兴商业,,CNY
5.71,5.81,5.68,5.73,7686570.0,000715.SZ,2026-04-10,中兴商业,,CNY
5.73,5.74,5.64,5.71,5979550.0,000715.SZ,2026-04-13,中兴商业,,CNY
5.76,5.76,5.6,5.67,6997410.0,000715.SZ,2026-04-14,中兴商业,,CNY
5.71,5.71,5.6,5.63,5210400.0,000715.SZ,2026-04-15,中兴商业,,CNY
5.64,5.77,5.61,5.77,7003368.0,000715.SZ,2026-04-16,中兴商业,,CNY
5.76,5.78,5.64,5.72,6095020.0,000715.SZ,2026-04-17,中兴商业,,CNY
5.7,5.7,5.6,5.7,6329818.0,000715.SZ,2026-04-20,中兴商业,,CNY
5.69,6.27,5.58,6.27,26935202.0,000715.SZ,2026-04-21,中兴商业,,CNY
6.21,6.37,5.95,6.01,51008215.0,000715.SZ,2026-04-22,中兴商业,,CNY
5.93,6.61,5.78,6.61,62013943.0,000715.SZ,2026-04-23,中兴商业,,CNY
6.3,6.48,6.17,6.23,74531857.0,000715.SZ,2026-04-24,中兴商业,,CNY
6.2,6.68,6.14,6.35,67644816.0,000715.SZ,2026-04-27,中兴商业,,CNY
6.21,6.34,6.1,6.15,46414754.0,000715.SZ,2026-04-28,中兴商业,,CNY
6.13,6.65,6.04,6.24,51461171.0,000715.SZ,2026-04-29,中兴商业,,CNY
6.17,6.29,5.97,5.99,42819998.0,000715.SZ,2026-04-30,中兴商业,,CNY
2.77,2.8,2.71,2.78,56937088.0,000717.SZ,2026-03-02,中南股份,,CNY
2.77,2.81,2.7,2.71,40662790.0,000717.SZ,2026-03-03,中南股份,,CNY
2.71,2.74,2.65,2.67,31884852.0,000717.SZ,2026-03-04,中南股份,,CNY
2.72,2.74,2.66,2.69,25941900.0,000717.SZ,2026-03-05,中南股份,,CNY
2.67,2.76,2.65,2.74,30457876.0,000717.SZ,2026-03-06,中南股份,,CNY
2.73,2.76,2.7,2.75,34478000.0,000717.SZ,2026-03-09,中南股份,,CNY
2.75,2.75,2.68,2.69,39636200.0,000717.SZ,2026-03-10,中南股份,,CNY
2.69,2.72,2.63,2.72,40312411.0,000717.SZ,2026-03-11,中南股份,,CNY
2.72,2.78,2.7,2.77,49880136.0,000717.SZ,2026-03-12,中南股份,,CNY
2.76,2.88,2.76,2.84,74879768.0,000717.SZ,2026-03-13,中南股份,,CNY
2.82,2.84,2.67,2.69,70015159.0,000717.SZ,2026-03-16,中南股份,,CNY
2.7,2.96,2.7,2.88,185211346.0,000717.SZ,2026-03-17,中南股份,,CNY
2.84,2.86,2.74,2.79,166838603.0,000717.SZ,2026-03-18,中南股份,,CNY
2.76,2.77,2.6,2.61,118207265.0,000717.SZ,2026-03-19,中南股份,,CNY
2.65,2.67,2.52,2.54,70377641.0,000717.SZ,2026-03-20,中南股份,,CNY
2.49,2.52,2.4,2.41,64699915.0,000717.SZ,2026-03-23,中南股份,,CNY
2.46,2.49,2.37,2.48,53644558.0,000717.SZ,2026-03-24,中南股份,,CNY
2.49,2.58,2.46,2.58,53683549.0,000717.SZ,2026-03-25,中南股份,,CNY
2.57,2.63,2.49,2.51,46037857.0,000717.SZ,2026-03-26,中南股份,,CNY
2.48,2.55,2.46,2.53,27580165.0,000717.SZ,2026-03-27,中南股份,,CNY
2.5,2.54,2.46,2.53,31434969.0,000717.SZ,2026-03-30,中南股份,,CNY
2.52,2.57,2.48,2.49,29054202.0,000717.SZ,2026-03-31,中南股份,,CNY
2.52,2.54,2.48,2.49,26206200.0,000717.SZ,2026-04-01,中南股份,,CNY
2.49,2.49,2.42,2.43,26360748.0,000717.SZ,2026-04-02,中南股份,,CNY
2.43,2.44,2.37,2.38,23072302.0,000717.SZ,2026-04-03,中南股份,,CNY
2.38,2.42,2.37,2.42,19365508.0,000717.SZ,2026-04-07,中南股份,,CNY
2.45,2.48,2.44,2.48,27127189.0,000717.SZ,2026-04-08,中南股份,,CNY
2.47,2.48,2.42,2.42,21938800.0,000717.SZ,2026-04-09,中南股份,,CNY
2.44,2.47,2.43,2.44,15990754.0,000717.SZ,2026-04-10,中南股份,,CNY
2.43,2.47,2.42,2.47,18009702.0,000717.SZ,2026-04-13,中南股份,,CNY
2.47,2.48,2.42,2.47,19977300.0,000717.SZ,2026-04-14,中南股份,,CNY
2.48,2.48,2.43,2.44,13571800.0,000717.SZ,2026-04-15,中南股份,,CNY
2.44,2.47,2.43,2.46,16929002.0,000717.SZ,2026-04-16,中南股份,,CNY
2.46,2.46,2.42,2.43,14413050.0,000717.SZ,2026-04-17,中南股份,,CNY
2.43,2.45,2.41,2.43,12769201.0,000717.SZ,2026-04-20,中南股份,,CNY
2.43,2.45,2.42,2.44,11836400.0,000717.SZ,2026-04-21,中南股份,,CNY
2.43,2.44,2.41,2.42,12721945.0,000717.SZ,2026-04-22,中南股份,,CNY
2.42,2.43,2.38,2.41,15764008.0,000717.SZ,2026-04-23,中南股份,,CNY
2.4,2.45,2.4,2.43,18207001.0,000717.SZ,2026-04-24,中南股份,,CNY
2.42,2.45,2.39,2.44,17039700.0,000717.SZ,2026-04-27,中南股份,,CNY
2.43,2.47,2.43,2.47,20557800.0,000717.SZ,2026-04-28,中南股份,,CNY
2.47,2.51,2.46,2.49,21007300.0,000717.SZ,2026-04-29,中南股份,,CNY
2.49,2.51,2.46,2.48,20639100.0,000717.SZ,2026-04-30,中南股份,,CNY
2.33,2.35,2.29,2.3,53523653.0,000718.SZ,2026-03-02,苏宁环球,,CNY
2.31,2.32,2.24,2.25,48859861.0,000718.SZ,2026-03-03,苏宁环球,,CNY
2.23,2.24,2.17,2.2,42139356.0,000718.SZ,2026-03-04,苏宁环球,,CNY
2.23,2.24,2.2,2.22,23214384.0,000718.SZ,2026-03-05,苏宁环球,,CNY
2.21,2.28,2.2,2.28,28645770.0,000718.SZ,2026-03-06,苏宁环球,,CNY
2.25,2.26,2.23,2.24,23777320.0,000718.SZ,2026-03-09,苏宁环球,,CNY
2.25,2.27,2.25,2.26,21122527.0,000718.SZ,2026-03-10,苏宁环球,,CNY
2.26,2.27,2.23,2.26,20908337.0,000718.SZ,2026-03-11,苏宁环球,,CNY
2.25,2.29,2.25,2.28,31341420.0,000718.SZ,2026-03-12,苏宁环球,,CNY
2.27,2.32,2.26,2.27,35333650.0,000718.SZ,2026-03-13,苏宁环球,,CNY
2.27,2.31,2.27,2.29,28585370.0,000718.SZ,2026-03-16,苏宁环球,,CNY
2.29,2.35,2.28,2.29,56880310.0,000718.SZ,2026-03-17,苏宁环球,,CNY
2.29,2.3,2.22,2.24,44341946.0,000718.SZ,2026-03-18,苏宁环球,,CNY
2.23,2.24,2.18,2.18,35273700.0,000718.SZ,2026-03-19,苏宁环球,,CNY
2.18,2.2,2.14,2.14,40173138.0,000718.SZ,2026-03-20,苏宁环球,,CNY
2.12,2.12,1.99,2.0,52070811.0,000718.SZ,2026-03-23,苏宁环球,,CNY
2.03,2.07,2.0,2.07,28197706.0,000718.SZ,2026-03-24,苏宁环球,,CNY
2.08,2.14,2.06,2.14,31043041.0,000718.SZ,2026-03-25,苏宁环球,,CNY
2.13,2.18,2.1,2.12,27930600.0,000718.SZ,2026-03-26,苏宁环球,,CNY
2.09,2.14,2.08,2.14,24286160.0,000718.SZ,2026-03-27,苏宁环球,,CNY
2.11,2.14,2.08,2.13,24241520.0,000718.SZ,2026-03-30,苏宁环球,,CNY
2.14,2.18,2.1,2.11,31503500.0,000718.SZ,2026-03-31,苏宁环球,,CNY
2.14,2.16,2.09,2.11,35379000.0,000718.SZ,2026-04-01,苏宁环球,,CNY
2.1,2.11,2.04,2.06,32977213.0,000718.SZ,2026-04-02,苏宁环球,,CNY
2.06,2.07,1.99,2.0,31470934.0,000718.SZ,2026-04-03,苏宁环球,,CNY
2.0,2.06,1.99,2.05,25131959.0,000718.SZ,2026-04-07,苏宁环球,,CNY
2.08,2.11,2.07,2.11,32279600.0,000718.SZ,2026-04-08,苏宁环球,,CNY
2.1,2.11,2.08,2.1,29464054.0,000718.SZ,2026-04-09,苏宁环球,,CNY
2.11,2.15,2.1,2.1,30115856.0,000718.SZ,2026-04-10,苏宁环球,,CNY
2.1,2.14,2.09,2.14,33346497.0,000718.SZ,2026-04-13,苏宁环球,,CNY
2.15,2.18,2.13,2.18,42800262.0,000718.SZ,2026-04-14,苏宁环球,,CNY
2.18,2.19,2.12,2.13,40832854.0,000718.SZ,2026-04-15,苏宁环球,,CNY
2.13,2.15,2.11,2.14,22586516.0,000718.SZ,2026-04-16,苏宁环球,,CNY
2.15,2.18,2.12,2.13,42228767.0,000718.SZ,2026-04-17,苏宁环球,,CNY
2.12,2.13,2.09,2.12,24483799.0,000718.SZ,2026-04-20,苏宁环球,,CNY
2.12,2.13,2.09,2.11,21426416.0,000718.SZ,2026-04-21,苏宁环球,,CNY
2.1,2.11,2.09,2.1,15007791.0,000718.SZ,2026-04-22,苏宁环球,,CNY
2.1,2.11,2.06,2.08,25549924.0,000718.SZ,2026-04-23,苏宁环球,,CNY
2.07,2.09,2.05,2.07,21454637.0,000718.SZ,2026-04-24,苏宁环球,,CNY
2.06,2.09,2.02,2.09,26760659.0,000718.SZ,2026-04-27,苏宁环球,,CNY
2.09,2.11,2.07,2.09,25128613.0,000718.SZ,2026-04-28,苏宁环球,,CNY
2.08,2.17,2.07,2.15,46682466.0,000718.SZ,2026-04-29,苏宁环球,,CNY
2.15,2.2,2.13,2.19,51659609.0,000718.SZ,2026-04-30,苏宁环球,,CNY
7.64,7.68,7.5,7.57,12558289.0,000726.SZ,2026-03-02,鲁泰纺织,,CNY
7.64,7.67,7.43,7.45,13006174.0,000726.SZ,2026-03-03,鲁泰纺织,,CNY
7.41,7.53,7.36,7.37,15831131.0,000726.SZ,2026-03-04,鲁泰纺织,,CNY
7.47,7.52,7.37,7.39,8362675.0,000726.SZ,2026-03-05,鲁泰纺织,,CNY
7.37,7.58,7.36,7.57,8197567.0,000726.SZ,2026-03-06,鲁泰纺织,,CNY
7.53,7.59,7.41,7.44,10311174.0,000726.SZ,2026-03-09,鲁泰纺织,,CNY
7.47,7.53,7.42,7.52,7517635.0,000726.SZ,2026-03-10,鲁泰纺织,,CNY
7.52,7.59,7.47,7.58,7755802.0,000726.SZ,2026-03-11,鲁泰纺织,,CNY
7.57,7.7,7.57,7.58,11283404.0,000726.SZ,2026-03-12,鲁泰纺织,,CNY
7.58,7.69,7.57,7.6,9094319.0,000726.SZ,2026-03-13,鲁泰纺织,,CNY
7.59,7.65,7.55,7.61,9354982.0,000726.SZ,2026-03-16,鲁泰纺织,,CNY
7.61,7.68,7.48,7.48,8416300.0,000726.SZ,2026-03-17,鲁泰纺织,,CNY
7.48,7.5,7.35,7.45,7525350.0,000726.SZ,2026-03-18,鲁泰纺织,,CNY
7.4,7.45,7.24,7.29,8450200.0,000726.SZ,2026-03-19,鲁泰纺织,,CNY
7.28,7.3,7.15,7.15,7746150.0,000726.SZ,2026-03-20,鲁泰纺织,,CNY
7.07,7.07,6.58,6.63,18014007.0,000726.SZ,2026-03-23,鲁泰纺织,,CNY
6.79,6.86,6.6,6.85,8979170.0,000726.SZ,2026-03-24,鲁泰纺织,,CNY
6.85,7.02,6.82,7.0,9620500.0,000726.SZ,2026-03-25,鲁泰纺织,,CNY
6.97,7.09,6.92,6.97,6987912.0,000726.SZ,2026-03-26,鲁泰纺织,,CNY
6.94,7.02,6.89,6.99,6639449.0,000726.SZ,2026-03-27,鲁泰纺织,,CNY
6.91,7.07,6.89,7.06,7659080.0,000726.SZ,2026-03-30,鲁泰纺织,,CNY
7.04,7.14,7.0,7.02,6457901.0,000726.SZ,2026-03-31,鲁泰纺织,,CNY
7.08,7.12,7.05,7.1,6785800.0,000726.SZ,2026-04-01,鲁泰纺织,,CNY
7.08,7.1,6.93,6.98,5725850.0,000726.SZ,2026-04-02,鲁泰纺织,,CNY
6.98,7.0,6.75,6.78,6977000.0,000726.SZ,2026-04-03,鲁泰纺织,,CNY
6.8,6.93,6.74,6.87,5455334.0,000726.SZ,2026-04-07,鲁泰纺织,,CNY
6.96,7.05,6.96,7.02,7727680.0,000726.SZ,2026-04-08,鲁泰纺织,,CNY
7.0,7.05,6.92,6.95,5993399.0,000726.SZ,2026-04-09,鲁泰纺织,,CNY
6.99,7.1,6.96,7.04,6828183.0,000726.SZ,2026-04-10,鲁泰纺织,,CNY
6.99,7.01,6.92,6.99,6144095.0,000726.SZ,2026-04-13,鲁泰纺织,,CNY
7.04,7.04,6.81,6.9,11659562.0,000726.SZ,2026-04-14,鲁泰纺织,,CNY
6.89,6.91,6.81,6.88,6921910.0,000726.SZ,2026-04-15,鲁泰纺织,,CNY
6.9,6.99,6.87,6.97,8499923.0,000726.SZ,2026-04-16,鲁泰纺织,,CNY
6.95,6.95,6.63,6.69,21449285.0,000726.SZ,2026-04-17,鲁泰纺织,,CNY
6.66,6.7,6.63,6.69,8409538.0,000726.SZ,2026-04-20,鲁泰纺织,,CNY
6.68,6.8,6.66,6.71,7326616.0,000726.SZ,2026-04-21,鲁泰纺织,,CNY
6.69,6.7,6.64,6.68,7353569.0,000726.SZ,2026-04-22,鲁泰纺织,,CNY
6.68,6.72,6.6,6.68,7423911.0,000726.SZ,2026-04-23,鲁泰纺织,,CNY
6.65,6.68,6.6,6.65,6370740.0,000726.SZ,2026-04-24,鲁泰纺织,,CNY
6.63,6.65,6.53,6.58,7811323.0,000726.SZ,2026-04-27,鲁泰纺织,,CNY
6.57,6.6,6.53,6.56,6708313.0,000726.SZ,2026-04-28,鲁泰纺织,,CNY
6.53,6.69,6.52,6.64,8287805.0,000726.SZ,2026-04-29,鲁泰纺织,,CNY
6.65,6.65,6.53,6.55,9901800.0,000726.SZ,2026-04-30,鲁泰纺织,,CNY
2.62,2.66,2.58,2.64,117495053.0,000727.SZ,2026-03-02,冠捷科技,,CNY
2.65,2.68,2.52,2.53,128235600.0,000727.SZ,2026-03-03,冠捷科技,,CNY
2.51,2.54,2.48,2.48,82088853.0,000727.SZ,2026-03-04,冠捷科技,,CNY
2.55,2.73,2.55,2.73,197059801.0,000727.SZ,2026-03-05,冠捷科技,,CNY
2.64,2.72,2.57,2.7,330672876.0,000727.SZ,2026-03-06,冠捷科技,,CNY
2.7,2.73,2.66,2.71,186972600.0,000727.SZ,2026-03-09,冠捷科技,,CNY
2.72,2.76,2.69,2.75,153448100.0,000727.SZ,2026-03-10,冠捷科技,,CNY
2.73,2.8,2.72,2.75,144687595.0,000727.SZ,2026-03-11,冠捷科技,,CNY
2.74,2.82,2.72,2.77,154573848.0,000727.SZ,2026-03-12,冠捷科技,,CNY
2.75,2.81,2.72,2.76,128042448.0,000727.SZ,2026-03-13,冠捷科技,,CNY
2.77,2.82,2.72,2.82,155022310.0,000727.SZ,2026-03-16,冠捷科技,,CNY
2.84,2.85,2.73,2.74,129904808.0,000727.SZ,2026-03-17,冠捷科技,,CNY
2.74,2.79,2.72,2.77,107526018.0,000727.SZ,2026-03-18,冠捷科技,,CNY
2.75,2.79,2.71,2.75,111003602.0,000727.SZ,2026-03-19,冠捷科技,,CNY
2.76,2.83,2.68,2.7,140895202.0,000727.SZ,2026-03-20,冠捷科技,,CNY
2.62,2.7,2.55,2.58,148933760.0,000727.SZ,2026-03-23,冠捷科技,,CNY
2.65,2.72,2.59,2.71,121834500.0,000727.SZ,2026-03-24,冠捷科技,,CNY
2.71,2.76,2.69,2.75,99797204.0,000727.SZ,2026-03-25,冠捷科技,,CNY
2.75,2.79,2.66,2.67,100046082.0,000727.SZ,2026-03-26,冠捷科技,,CNY
2.63,2.71,2.62,2.68,75928076.0,000727.SZ,2026-03-27,冠捷科技,,CNY
2.64,2.7,2.55,2.69,124274300.0,000727.SZ,2026-03-30,冠捷科技,,CNY
2.67,2.69,2.59,2.6,79599672.0,000727.SZ,2026-03-31,冠捷科技,,CNY
2.67,2.77,2.62,2.65,113790702.0,000727.SZ,2026-04-01,冠捷科技,,CNY
2.64,2.68,2.55,2.56,113670200.0,000727.SZ,2026-04-02,冠捷科技,,CNY
2.58,2.59,2.52,2.52,70533900.0,000727.SZ,2026-04-03,冠捷科技,,CNY
2.53,2.57,2.53,2.56,49253600.0,000727.SZ,2026-04-07,冠捷科技,,CNY
2.61,2.82,2.6,2.82,210443660.0,000727.SZ,2026-04-08,冠捷科技,,CNY
2.84,2.86,2.78,2.81,322155866.0,000727.SZ,2026-04-09,冠捷科技,,CNY
2.82,2.88,2.76,2.77,159120000.0,000727.SZ,2026-04-10,冠捷科技,,CNY
2.77,2.77,2.71,2.74,100854513.0,000727.SZ,2026-04-13,冠捷科技,,CNY
2.76,2.78,2.71,2.75,105241719.0,000727.SZ,2026-04-14,冠捷科技,,CNY
2.75,2.78,2.7,2.7,122517100.0,000727.SZ,2026-04-15,冠捷科技,,CNY
2.71,2.75,2.69,2.73,89535400.0,000727.SZ,2026-04-16,冠捷科技,,CNY
2.73,2.74,2.7,2.72,80801502.0,000727.SZ,2026-04-17,冠捷科技,,CNY
2.72,2.81,2.71,2.77,123530500.0,000727.SZ,2026-04-20,冠捷科技,,CNY
2.75,2.76,2.66,2.69,109182900.0,000727.SZ,2026-04-21,冠捷科技,,CNY
2.68,2.75,2.65,2.74,98070062.0,000727.SZ,2026-04-22,冠捷科技,,CNY
2.73,2.77,2.64,2.67,114631800.0,000727.SZ,2026-04-23,冠捷科技,,CNY
2.65,2.66,2.58,2.59,94140600.0,000727.SZ,2026-04-24,冠捷科技,,CNY
2.59,2.7,2.58,2.69,113992213.0,000727.SZ,2026-04-27,冠捷科技,,CNY
2.67,2.7,2.62,2.65,103699725.0,000727.SZ,2026-04-28,冠捷科技,,CNY
2.63,2.68,2.59,2.66,68534176.0,000727.SZ,2026-04-29,冠捷科技,,CNY
2.66,2.68,2.62,2.65,70520068.0,000727.SZ,2026-04-30,冠捷科技,,CNY
139.9,143.87,136.08,137.0,7839558.0,001270.SZ,2026-03-02,铖昌科技,,CNY
134.65,134.65,130.15,130.15,3648010.0,001270.SZ,2026-03-03,铖昌科技,,CNY
123.64,125.75,123.64,123.64,6781026.0,001270.SZ,2026-03-04,铖昌科技,,CNY
126.5,126.5,120.0,124.22,7082806.0,001270.SZ,2026-03-05,铖昌科技,,CNY
123.5,125.3,119.9,120.39,5750758.0,001270.SZ,2026-03-06,铖昌科技,,CNY
115.11,116.59,114.37,115.42,6062394.0,001270.SZ,2026-03-09,铖昌科技,,CNY
118.2,121.19,117.51,121.19,5568630.0,001270.SZ,2026-03-10,铖昌科技,,CNY
123.66,126.44,121.08,123.39,5777662.0,001270.SZ,2026-03-11,铖昌科技,,CNY
122.0,124.9,117.22,117.8,6242255.0,001270.SZ,2026-03-12,铖昌科技,,CNY
117.0,118.5,111.91,111.91,6464685.0,001270.SZ,2026-03-13,铖昌科技,,CNY
110.16,111.45,106.31,107.96,6242321.0,001270.SZ,2026-03-16,铖昌科技,,CNY
110.13,112.99,105.6,106.53,4745903.0,001270.SZ,2026-03-17,铖昌科技,,CNY
107.49,111.86,105.5,111.86,5845970.0,001270.SZ,2026-03-18,铖昌科技,,CNY
108.65,117.33,108.52,113.76,8544389.0,001270.SZ,2026-03-19,铖昌科技,,CNY
115.5,116.26,108.07,108.07,6960470.0,001270.SZ,2026-03-20,铖昌科技,,CNY
103.97,107.25,102.67,102.67,5433109.0,001270.SZ,2026-03-23,铖昌科技,,CNY
104.23,105.0,97.54,100.33,7742488.0,001270.SZ,2026-03-24,铖昌科技,,CNY
102.02,104.25,99.6,101.16,5246470.0,001270.SZ,2026-03-25,铖昌科技,,CNY
103.35,106.22,99.86,106.22,9558992.0,001270.SZ,2026-03-26,铖昌科技,,CNY
105.0,106.28,102.7,103.8,6297900.0,001270.SZ,2026-03-27,铖昌科技,,CNY
101.0,108.99,100.8,108.99,5218180.0,001270.SZ,2026-03-30,铖昌科技,,CNY
112.43,114.44,111.68,112.5,9404502.0,001270.SZ,2026-03-31,铖昌科技,,CNY
114.2,116.83,112.99,116.24,7618196.0,001270.SZ,2026-04-01,铖昌科技,,CNY
114.1,120.5,112.43,113.51,7697970.0,001270.SZ,2026-04-02,铖昌科技,,CNY
116.06,117.39,109.0,113.58,6744746.0,001270.SZ,2026-04-03,铖昌科技,,CNY
112.0,113.97,109.54,110.41,4375740.0,001270.SZ,2026-04-07,铖昌科技,,CNY
113.99,115.93,113.66,115.93,2139402.0,001270.SZ,2026-04-08,铖昌科技,,CNY
120.58,121.73,117.71,121.73,8930970.0,001270.SZ,2026-04-09,铖昌科技,,CNY
123.0,127.78,122.0,122.98,7027120.0,001270.SZ,2026-04-10,铖昌科技,,CNY
121.02,129.13,121.02,129.13,6226571.0,001270.SZ,2026-04-13,铖昌科技,,CNY
132.1,135.59,132.1,135.59,4357177.0,001270.SZ,2026-04-14,铖昌科技,,CNY
142.37,142.37,142.33,142.37,2526492.0,001270.SZ,2026-04-15,铖昌科技,,CNY
144.92,148.9,139.22,141.04,13574829.0,001270.SZ,2026-04-16,铖昌科技,,CNY
140.88,146.0,135.0,136.0,11844431.0,001270.SZ,2026-04-17,铖昌科技,,CNY
136.11,142.8,136.11,142.8,5005432.0,001270.SZ,2026-04-20,铖昌科技,,CNY
149.78,149.78,142.0,147.0,9713986.0,001270.SZ,2026-04-21,铖昌科技,,CNY
143.98,154.35,142.8,154.35,7620213.0,001270.SZ,2026-04-22,铖昌科技,,CNY
156.48,160.98,155.0,159.3,7870208.0,001270.SZ,2026-04-23,铖昌科技,,CNY
158.0,160.0,151.5,154.0,7231796.0,001270.SZ,2026-04-24,铖昌科技,,CNY
153.81,153.9,146.33,148.1,7421338.0,001270.SZ,2026-04-27,铖昌科技,,CNY
150.18,150.4,140.7,140.7,6569068.0,001270.SZ,2026-04-28,铖昌科技,,CNY
133.68,135.8,133.67,133.67,6228928.0,001270.SZ,2026-04-29,铖昌科技,,CNY
133.67,140.35,132.0,140.35,5801760.0,001270.SZ,2026-04-30,铖昌科技,,CNY
24.75,25.68,23.81,24.59,5806602.0,001278.SZ,2026-03-02,一彬科技,,CNY
24.76,26.45,24.57,25.62,8348615.0,001278.SZ,2026-03-03,一彬科技,,CNY
25.37,27.07,25.37,26.01,6260312.0,001278.SZ,2026-03-04,一彬科技,,CNY
26.26,26.38,24.1,24.5,6598500.0,001278.SZ,2026-03-05,一彬科技,,CNY
24.35,24.84,24.0,24.24,4884000.0,001278.SZ,2026-03-06,一彬科技,,CNY
24.24,24.55,23.27,23.73,4933033.0,001278.SZ,2026-03-09,一彬科技,,CNY
23.73,25.38,23.52,24.95,5771200.0,001278.SZ,2026-03-10,一彬科技,,CNY
25.3,25.38,23.64,23.84,7214433.0,001278.SZ,2026-03-11,一彬科技,,CNY
23.8,24.04,22.76,22.99,5370100.0,001278.SZ,2026-03-12,一彬科技,,CNY
22.99,23.34,22.4,23.02,3984700.0,001278.SZ,2026-03-13,一彬科技,,CNY
22.81,25.32,22.81,25.32,5014666.0,001278.SZ,2026-03-16,一彬科技,,CNY
25.7,25.7,22.79,22.79,12913300.0,001278.SZ,2026-03-17,一彬科技,,CNY
22.67,22.84,22.0,22.66,8608733.0,001278.SZ,2026-03-18,一彬科技,,CNY
22.57,23.07,21.71,21.78,6017437.0,001278.SZ,2026-03-19,一彬科技,,CNY
22.0,22.04,20.7,20.78,4695200.0,001278.SZ,2026-03-20,一彬科技,,CNY
20.5,20.62,18.95,19.13,5565600.0,001278.SZ,2026-03-23,一彬科技,,CNY
19.85,20.8,19.38,20.63,5707479.0,001278.SZ,2026-03-24,一彬科技,,CNY
20.83,21.66,20.64,21.26,4956400.0,001278.SZ,2026-03-25,一彬科技,,CNY
21.26,21.55,20.65,20.95,2425500.0,001278.SZ,2026-03-26,一彬科技,,CNY
20.58,21.18,20.5,20.91,2135203.0,001278.SZ,2026-03-27,一彬科技,,CNY
20.99,21.95,20.67,21.89,3991382.0,001278.SZ,2026-03-30,一彬科技,,CNY
22.23,22.29,21.0,21.24,3494300.0,001278.SZ,2026-03-31,一彬科技,,CNY
21.52,21.8,21.12,21.29,2475510.0,001278.SZ,2026-04-01,一彬科技,,CNY
21.21,21.65,20.33,20.7,1986900.0,001278.SZ,2026-04-02,一彬科技,,CNY
20.7,20.75,19.98,20.21,1842700.0,001278.SZ,2026-04-03,一彬科技,,CNY
20.21,21.47,19.89,21.25,3781100.0,001278.SZ,2026-04-07,一彬科技,,CNY
21.61,22.18,21.4,22.0,2986400.0,001278.SZ,2026-04-08,一彬科技,,CNY
21.98,21.98,21.39,21.52,1977710.0,001278.SZ,2026-04-09,一彬科技,,CNY
21.88,21.88,21.42,21.52,1984050.0,001278.SZ,2026-04-10,一彬科技,,CNY
21.46,21.75,20.91,21.69,2201200.0,001278.SZ,2026-04-13,一彬科技,,CNY
21.77,21.88,21.47,21.87,1755600.0,001278.SZ,2026-04-14,一彬科技,,CNY
21.93,22.0,21.32,21.42,1866300.0,001278.SZ,2026-04-15,一彬科技,,CNY
21.43,21.82,21.12,21.49,1738900.0,001278.SZ,2026-04-16,一彬科技,,CNY
21.56,21.56,20.92,21.11,1810800.0,001278.SZ,2026-04-17,一彬科技,,CNY
21.11,21.98,20.8,21.68,3001300.0,001278.SZ,2026-04-20,一彬科技,,CNY
21.72,21.8,21.21,21.44,1888195.0,001278.SZ,2026-04-21,一彬科技,,CNY
21.45,22.1,21.3,21.9,2441000.0,001278.SZ,2026-04-22,一彬科技,,CNY
21.67,21.67,21.1,21.23,2305494.0,001278.SZ,2026-04-23,一彬科技,,CNY
21.08,21.37,20.62,21.24,2046900.0,001278.SZ,2026-04-24,一彬科技,,CNY
21.2,22.27,20.8,22.18,4240800.0,001278.SZ,2026-04-27,一彬科技,,CNY
21.97,23.68,21.93,22.47,5153675.0,001278.SZ,2026-04-28,一彬科技,,CNY
22.49,23.38,22.12,22.67,3607400.0,001278.SZ,2026-04-29,一彬科技,,CNY
22.58,22.69,21.8,22.0,3962794.0,001278.SZ,2026-04-30,一彬科技,,CNY
22.96,24.95,22.77,24.43,22647020.0,001282.SZ,2026-03-02,三联锻造,,CNY
24.19,24.3,22.89,23.0,11480227.0,001282.SZ,2026-03-03,三联锻造,,CNY
22.51,25.3,22.51,25.3,16048742.0,001282.SZ,2026-03-04,三联锻造,,CNY
25.86,26.24,24.17,24.32,20633192.0,001282.SZ,2026-03-05,三联锻造,,CNY
24.32,25.69,24.06,25.12,13836575.0,001282.SZ,2026-03-06,三联锻造,,CNY
24.83,25.41,24.0,24.79,11932581.0,001282.SZ,2026-03-09,三联锻造,,CNY
24.78,25.38,24.3,24.84,10112359.0,001282.SZ,2026-03-10,三联锻造,,CNY
24.69,25.3,23.95,24.11,9729034.0,001282.SZ,2026-03-11,三联锻造,,CNY
23.96,24.0,22.85,22.86,8366216.0,001282.SZ,2026-03-12,三联锻造,,CNY
22.8,23.43,22.4,22.7,5730416.0,001282.SZ,2026-03-13,三联锻造,,CNY
22.79,22.88,22.25,22.72,3768186.0,001282.SZ,2026-03-16,三联锻造,,CNY
23.23,23.45,22.0,22.03,7742779.0,001282.SZ,2026-03-17,三联锻造,,CNY
22.21,22.34,21.68,22.24,4809811.0,001282.SZ,2026-03-18,三联锻造,,CNY
22.22,22.24,21.12,21.3,4138609.0,001282.SZ,2026-03-19,三联锻造,,CNY
21.3,21.49,20.45,20.46,3949400.0,001282.SZ,2026-03-20,三联锻造,,CNY
20.29,20.29,18.88,19.01,4567768.0,001282.SZ,2026-03-23,三联锻造,,CNY
19.5,19.59,19.12,19.57,2940411.0,001282.SZ,2026-03-24,三联锻造,,CNY
19.57,20.18,19.57,20.09,3257360.0,001282.SZ,2026-03-25,三联锻造,,CNY
20.08,20.16,19.45,19.58,2841062.0,001282.SZ,2026-03-26,三联锻造,,CNY
19.41,19.86,19.27,19.85,1818051.0,001282.SZ,2026-03-27,三联锻造,,CNY
19.65,19.92,19.4,19.8,2206040.0,001282.SZ,2026-03-30,三联锻造,,CNY
19.8,20.04,19.58,19.64,2206334.0,001282.SZ,2026-03-31,三联锻造,,CNY
19.88,20.06,19.77,19.98,2305000.0,001282.SZ,2026-04-01,三联锻造,,CNY
19.99,20.14,19.44,19.65,2706603.0,001282.SZ,2026-04-02,三联锻造,,CNY
19.66,19.73,19.05,19.07,2102100.0,001282.SZ,2026-04-03,三联锻造,,CNY
18.99,19.39,18.99,19.19,1877800.0,001282.SZ,2026-04-07,三联锻造,,CNY
19.57,20.09,19.54,20.08,2809472.0,001282.SZ,2026-04-08,三联锻造,,CNY
19.9,22.0,19.79,21.2,11566382.0,001282.SZ,2026-04-09,三联锻造,,CNY
21.11,22.71,20.85,21.95,11780170.0,001282.SZ,2026-04-10,三联锻造,,CNY
21.51,21.95,20.85,20.96,7253266.0,001282.SZ,2026-04-13,三联锻造,,CNY
21.16,21.53,20.81,21.3,4435233.0,001282.SZ,2026-04-14,三联锻造,,CNY
21.4,22.58,21.4,21.88,7289342.0,001282.SZ,2026-04-15,三联锻造,,CNY
22.11,22.25,21.39,21.7,5502226.0,001282.SZ,2026-04-16,三联锻造,,CNY
21.5,21.63,20.88,21.05,4793162.0,001282.SZ,2026-04-17,三联锻造,,CNY
21.02,21.18,20.82,20.95,3081970.0,001282.SZ,2026-04-20,三联锻造,,CNY
20.92,21.03,20.5,21.03,3745147.0,001282.SZ,2026-04-21,三联锻造,,CNY
20.89,21.66,20.59,21.5,4640694.0,001282.SZ,2026-04-22,三联锻造,,CNY
21.98,23.32,21.71,22.12,12602753.0,001282.SZ,2026-04-23,三联锻造,,CNY
21.93,22.04,21.2,21.36,5002094.0,001282.SZ,2026-04-24,三联锻造,,CNY
21.26,21.37,20.81,20.9,4475436.0,001282.SZ,2026-04-27,三联锻造,,CNY
20.9,20.98,19.88,20.07,4274516.0,001282.SZ,2026-04-28,三联锻造,,CNY
19.99,20.65,19.9,20.39,3388956.0,001282.SZ,2026-04-29,三联锻造,,CNY
20.39,21.18,20.37,20.88,3959576.0,001282.SZ,2026-04-30,三联锻造,,CNY
16.46,17.5,16.38,17.03,18363835.0,001289.SZ,2026-03-02,龙源电力,,CNY
17.03,17.37,16.88,17.08,14859053.0,001289.SZ,2026-03-03,龙源电力,,CNY
16.96,17.2,16.7,17.19,10467271.0,001289.SZ,2026-03-04,龙源电力,,CNY
17.19,17.4,17.02,17.22,10220516.0,001289.SZ,2026-03-05,龙源电力,,CNY
17.11,17.85,17.1,17.7,14005883.0,001289.SZ,2026-03-06,龙源电力,,CNY
17.76,18.02,17.66,17.81,15141019.0,001289.SZ,2026-03-09,龙源电力,,CNY
17.8,18.13,17.5,17.69,14441972.0,001289.SZ,2026-03-10,龙源电力,,CNY
17.59,18.27,17.37,18.13,14716009.0,001289.SZ,2026-03-11,龙源电力,,CNY
18.25,18.73,18.01,18.48,15010767.0,001289.SZ,2026-03-12,龙源电力,,CNY
18.69,18.84,18.19,18.43,14418708.0,001289.SZ,2026-03-13,龙源电力,,CNY
18.8,19.08,18.3,18.45,14683985.0,001289.SZ,2026-03-16,龙源电力,,CNY
18.45,18.59,18.09,18.12,11140660.0,001289.SZ,2026-03-17,龙源电力,,CNY
18.25,18.45,18.02,18.26,8408696.0,001289.SZ,2026-03-18,龙源电力,,CNY
18.15,18.57,18.0,18.33,9062066.0,001289.SZ,2026-03-19,龙源电力,,CNY
18.33,18.6,18.15,18.22,7931749.0,001289.SZ,2026-03-20,龙源电力,,CNY
18.12,18.44,17.8,17.92,11291459.0,001289.SZ,2026-03-23,龙源电力,,CNY
18.14,19.05,17.92,19.05,21600188.0,001289.SZ,2026-03-24,龙源电力,,CNY
19.29,19.5,18.68,19.18,16911306.0,001289.SZ,2026-03-25,龙源电力,,CNY
19.18,19.18,18.53,18.65,15453309.0,001289.SZ,2026-03-26,龙源电力,,CNY
18.48,18.81,18.19,18.29,10863434.0,001289.SZ,2026-03-27,龙源电力,,CNY
18.11,18.23,17.59,17.66,10978456.0,001289.SZ,2026-03-30,龙源电力,,CNY
17.72,17.76,16.61,16.68,13521891.0,001289.SZ,2026-03-31,龙源电力,,CNY
16.81,16.99,16.1,16.19,16495655.0,001289.SZ,2026-04-01,龙源电力,,CNY
16.16,16.41,15.63,16.25,19240516.0,001289.SZ,2026-04-02,龙源电力,,CNY
16.19,16.19,15.43,15.58,11493681.0,001289.SZ,2026-04-03,龙源电力,,CNY
15.78,15.83,15.3,15.36,10147504.0,001289.SZ,2026-04-07,龙源电力,,CNY
15.5,15.53,15.31,15.53,14505770.0,001289.SZ,2026-04-08,龙源电力,,CNY
15.3,15.32,15.09,15.11,10959233.0,001289.SZ,2026-04-09,龙源电力,,CNY
15.14,15.28,15.01,15.24,10037768.0,001289.SZ,2026-04-10,龙源电力,,CNY
15.19,15.41,15.02,15.37,10996154.0,001289.SZ,2026-04-13,龙源电力,,CNY
15.41,15.5,15.25,15.41,8542122.0,001289.SZ,2026-04-14,龙源电力,,CNY
15.42,15.52,15.29,15.39,8098634.0,001289.SZ,2026-04-15,龙源电力,,CNY
15.41,15.49,15.31,15.48,6473164.0,001289.SZ,2026-04-16,龙源电力,,CNY
15.46,15.53,15.33,15.36,6057717.0,001289.SZ,2026-04-17,龙源电力,,CNY
15.35,15.53,15.3,15.53,7229358.0,001289.SZ,2026-04-20,龙源电力,,CNY
15.53,15.92,15.37,15.75,11522711.0,001289.SZ,2026-04-21,龙源电力,,CNY
15.8,16.3,15.7,16.13,13922597.0,001289.SZ,2026-04-22,龙源电力,,CNY
16.33,16.41,15.99,16.36,14669848.0,001289.SZ,2026-04-23,龙源电力,,CNY
16.22,17.25,16.1,16.67,18801232.0,001289.SZ,2026-04-24,龙源电力,,CNY
16.51,16.85,15.98,16.42,13072340.0,001289.SZ,2026-04-27,龙源电力,,CNY
16.3,16.52,16.1,16.25,11484609.0,001289.SZ,2026-04-28,龙源电力,,CNY
16.19,16.4,16.11,16.18,7649865.0,001289.SZ,2026-04-29,龙源电力,,CNY
16.16,16.96,16.0,16.8,14380803.0,001289.SZ,2026-04-30,龙源电力,,CNY
28.52,28.94,28.01,28.37,4672987.0,001296.SZ,2026-03-02,长江材料,,CNY
28.59,29.29,27.44,27.84,8077748.0,001296.SZ,2026-03-03,长江材料,,CNY
27.17,27.94,26.69,27.37,4534968.0,001296.SZ,2026-03-04,长江材料,,CNY
27.83,27.94,26.85,27.04,3459320.0,001296.SZ,2026-03-05,长江材料,,CNY
27.0,27.56,26.88,27.19,2268580.0,001296.SZ,2026-03-06,长江材料,,CNY
27.03,27.03,25.68,26.08,4167998.0,001296.SZ,2026-03-09,长江材料,,CNY
26.34,27.13,26.25,27.11,3488466.0,001296.SZ,2026-03-10,长江材料,,CNY
27.11,27.46,26.53,26.57,2690380.0,001296.SZ,2026-03-11,长江材料,,CNY
26.57,26.65,25.92,26.03,2210000.0,001296.SZ,2026-03-12,长江材料,,CNY
25.93,26.29,25.8,25.84,1825806.0,001296.SZ,2026-03-13,长江材料,,CNY
25.72,26.28,25.65,26.03,1560903.0,001296.SZ,2026-03-16,长江材料,,CNY
26.02,26.27,25.51,25.54,1891926.0,001296.SZ,2026-03-17,长江材料,,CNY
25.63,25.73,25.16,25.63,1892132.0,001296.SZ,2026-03-18,长江材料,,CNY
25.4,25.51,24.74,24.84,2070640.0,001296.SZ,2026-03-19,长江材料,,CNY
24.94,25.53,24.43,24.65,2699848.0,001296.SZ,2026-03-20,长江材料,,CNY
24.19,24.41,22.98,23.1,3027052.0,001296.SZ,2026-03-23,长江材料,,CNY
23.56,24.06,23.16,24.0,2450048.0,001296.SZ,2026-03-24,长江材料,,CNY
24.01,24.37,23.96,24.18,1440780.0,001296.SZ,2026-03-25,长江材料,,CNY
24.0,24.49,23.82,24.0,1420049.0,001296.SZ,2026-03-26,长江材料,,CNY
23.87,24.45,23.53,24.33,1312810.0,001296.SZ,2026-03-27,长江材料,,CNY
24.18,24.54,24.06,24.54,1401300.0,001296.SZ,2026-03-30,长江材料,,CNY
24.54,24.68,24.0,24.06,1498794.0,001296.SZ,2026-03-31,长江材料,,CNY
24.43,24.53,24.2,24.38,1178193.0,001296.SZ,2026-04-01,长江材料,,CNY
24.35,24.67,23.92,24.2,1091450.0,001296.SZ,2026-04-02,长江材料,,CNY
24.42,24.42,23.5,23.65,1079224.0,001296.SZ,2026-04-03,长江材料,,CNY
23.79,24.28,23.64,24.09,1540500.0,001296.SZ,2026-04-07,长江材料,,CNY
24.41,24.9,24.1,24.86,1685000.0,001296.SZ,2026-04-08,长江材料,,CNY
24.67,24.85,24.53,24.57,1179894.0,001296.SZ,2026-04-09,长江材料,,CNY
24.72,25.0,24.58,24.78,1463726.0,001296.SZ,2026-04-10,长江材料,,CNY
24.78,24.98,24.5,24.91,1321045.0,001296.SZ,2026-04-13,长江材料,,CNY
25.06,25.6,24.81,25.58,2336865.0,001296.SZ,2026-04-14,长江材料,,CNY
25.58,26.28,25.39,25.46,3003100.0,001296.SZ,2026-04-15,长江材料,,CNY
25.51,25.63,25.25,25.31,1855266.0,001296.SZ,2026-04-16,长江材料,,CNY
25.25,25.47,25.05,25.34,1381310.0,001296.SZ,2026-04-17,长江材料,,CNY
25.39,26.76,25.25,25.88,4593586.0,001296.SZ,2026-04-20,长江材料,,CNY
25.73,25.98,25.4,25.66,2847400.0,001296.SZ,2026-04-21,长江材料,,CNY
25.41,25.6,25.15,25.49,1825362.0,001296.SZ,2026-04-22,长江材料,,CNY
25.41,25.7,24.93,25.36,2539400.0,001296.SZ,2026-04-23,长江材料,,CNY
25.11,25.65,24.73,25.12,2493750.0,001296.SZ,2026-04-24,长江材料,,CNY
24.97,25.44,24.47,25.43,2238410.0,001296.SZ,2026-04-27,长江材料,,CNY
25.45,25.61,24.48,24.74,2150444.0,001296.SZ,2026-04-28,长江材料,,CNY
22.28,23.36,22.28,22.89,5541080.0,001296.SZ,2026-04-29,长江材料,,CNY
22.91,23.34,22.68,22.95,3022660.0,001296.SZ,2026-04-30,长江材料,,CNY
31.0,31.29,30.54,30.54,6299330.0,001298.SZ,2026-03-02,好上好,,CNY
30.57,30.85,29.08,29.12,6835864.0,001298.SZ,2026-03-03,好上好,,CNY
29.05,29.88,28.94,29.25,4394529.0,001298.SZ,2026-03-04,好上好,,CNY
29.85,30.27,29.68,29.94,4582494.0,001298.SZ,2026-03-05,好上好,,CNY
29.9,30.43,29.7,30.36,3640675.0,001298.SZ,2026-03-06,好上好,,CNY
29.8,30.48,29.37,30.35,4496155.0,001298.SZ,2026-03-09,好上好,,CNY
30.53,30.96,30.53,30.94,4474055.0,001298.SZ,2026-03-10,好上好,,CNY
30.88,31.15,30.72,31.02,4361476.0,001298.SZ,2026-03-11,好上好,,CNY
30.98,31.14,30.17,30.47,4361895.0,001298.SZ,2026-03-12,好上好,,CNY
30.9,31.25,30.28,30.74,8318551.0,001298.SZ,2026-03-13,好上好,,CNY
30.52,31.5,30.39,31.5,8650209.0,001298.SZ,2026-03-16,好上好,,CNY
31.42,31.5,30.59,30.59,6674069.0,001298.SZ,2026-03-17,好上好,,CNY
30.8,31.5,30.76,31.5,8546338.0,001298.SZ,2026-03-18,好上好,,CNY
30.95,31.48,30.8,30.93,6512860.0,001298.SZ,2026-03-19,好上好,,CNY
31.15,31.5,29.61,29.69,7361626.0,001298.SZ,2026-03-20,好上好,,CNY
28.91,29.38,27.75,28.0,7108955.0,001298.SZ,2026-03-23,好上好,,CNY
28.56,29.0,27.76,28.98,6419692.0,001298.SZ,2026-03-24,好上好,,CNY
28.98,29.69,28.95,29.51,4685992.0,001298.SZ,2026-03-25,好上好,,CNY
29.22,29.43,28.44,28.57,4563220.0,001298.SZ,2026-03-26,好上好,,CNY
28.28,28.97,27.81,28.83,4126010.0,001298.SZ,2026-03-27,好上好,,CNY
28.4,29.12,27.91,29.09,4287959.0,001298.SZ,2026-03-30,好上好,,CNY
28.8,29.04,28.15,28.2,4168788.0,001298.SZ,2026-03-31,好上好,,CNY
28.72,29.04,28.32,28.56,4481051.0,001298.SZ,2026-04-01,好上好,,CNY
28.5,28.69,27.28,27.41,5177714.0,001298.SZ,2026-04-02,好上好,,CNY
27.53,27.65,26.73,26.77,3760478.0,001298.SZ,2026-04-03,好上好,,CNY
26.78,28.78,26.78,28.04,6636556.0,001298.SZ,2026-04-07,好上好,,CNY
28.61,29.25,28.39,29.18,6848310.0,001298.SZ,2026-04-08,好上好,,CNY
28.81,29.48,28.73,29.26,5611396.0,001298.SZ,2026-04-09,好上好,,CNY
29.39,29.84,29.39,29.42,4329970.0,001298.SZ,2026-04-10,好上好,,CNY
29.3,29.86,29.21,29.71,4064970.0,001298.SZ,2026-04-13,好上好,,CNY
29.93,30.57,29.78,30.48,6282203.0,001298.SZ,2026-04-14,好上好,,CNY
30.62,30.62,29.74,29.81,5903977.0,001298.SZ,2026-04-15,好上好,,CNY
29.82,30.54,29.5,30.47,5930199.0,001298.SZ,2026-04-16,好上好,,CNY
21.18,22.33,20.83,21.98,25713723.0,001298.SZ,2026-04-17,好上好,,CNY
21.9,22.26,21.66,21.87,15593931.0,001298.SZ,2026-04-20,好上好,,CNY
21.8,21.85,21.43,21.81,9828328.0,001298.SZ,2026-04-21,好上好,,CNY
21.82,22.12,21.63,21.96,11309771.0,001298.SZ,2026-04-22,好上好,,CNY
21.97,22.27,21.23,21.41,10363004.0,001298.SZ,2026-04-23,好上好,,CNY
21.45,21.5,21.05,21.28,7104666.0,001298.SZ,2026-04-24,好上好,,CNY
21.25,21.5,21.1,21.21,9574392.0,001298.SZ,2026-04-27,好上好,,CNY
21.92,23.33,21.83,23.33,32953486.0,001298.SZ,2026-04-28,好上好,,CNY
22.94,23.44,22.49,22.85,43514406.0,001298.SZ,2026-04-29,好上好,,CNY
22.86,23.5,22.7,23.16,33688933.0,001298.SZ,2026-04-30,好上好,,CNY
21.6,21.6,21.11,21.27,3860136.0,001308.SZ,2026-03-02,康冠科技,,CNY
21.27,21.4,20.41,20.47,3754870.0,001308.SZ,2026-03-03,康冠科技,,CNY
20.4,20.45,19.92,20.0,3456686.0,001308.SZ,2026-03-04,康冠科技,,CNY
20.26,21.5,20.26,20.93,6317468.0,001308.SZ,2026-03-05,康冠科技,,CNY
20.79,20.89,20.47,20.64,3307150.0,001308.SZ,2026-03-06,康冠科技,,CNY
20.4,20.48,19.95,20.38,3495973.0,001308.SZ,2026-03-09,康冠科技,,CNY
20.55,20.84,20.55,20.8,2211064.0,001308.SZ,2026-03-10,康冠科技,,CNY
20.81,20.98,20.73,20.81,1885737.0,001308.SZ,2026-03-11,康冠科技,,CNY
20.8,20.98,20.67,20.7,1782790.0,001308.SZ,2026-03-12,康冠科技,,CNY
20.74,21.08,20.61,20.7,2131526.0,001308.SZ,2026-03-13,康冠科技,,CNY
20.7,20.78,20.41,20.75,1775516.0,001308.SZ,2026-03-16,康冠科技,,CNY
20.78,20.92,20.46,20.49,1871535.0,001308.SZ,2026-03-17,康冠科技,,CNY
20.59,20.81,20.47,20.79,1684643.0,001308.SZ,2026-03-18,康冠科技,,CNY
20.64,20.69,20.22,20.32,2010386.0,001308.SZ,2026-03-19,康冠科技,,CNY
20.35,20.58,19.96,19.96,1990276.0,001308.SZ,2026-03-20,康冠科技,,CNY
19.83,19.83,18.55,18.63,4309119.0,001308.SZ,2026-03-23,康冠科技,,CNY
18.9,19.35,18.81,19.34,2357595.0,001308.SZ,2026-03-24,康冠科技,,CNY
19.36,19.57,19.31,19.54,1826034.0,001308.SZ,2026-03-25,康冠科技,,CNY
19.48,19.69,19.36,19.42,1547288.0,001308.SZ,2026-03-26,康冠科技,,CNY
19.25,19.6,19.15,19.58,1282345.0,001308.SZ,2026-03-27,康冠科技,,CNY
19.3,19.72,19.13,19.57,1681077.0,001308.SZ,2026-03-30,康冠科技,,CNY
19.53,20.04,19.42,19.84,2222056.0,001308.SZ,2026-03-31,康冠科技,,CNY
20.18,20.55,20.04,20.43,2513405.0,001308.SZ,2026-04-01,康冠科技,,CNY
20.38,20.42,20.0,20.14,1509741.0,001308.SZ,2026-04-02,康冠科技,,CNY
20.32,20.33,19.72,19.75,1010360.0,001308.SZ,2026-04-03,康冠科技,,CNY
19.84,19.9,19.68,19.79,1043090.0,001308.SZ,2026-04-07,康冠科技,,CNY
20.16,20.6,20.14,20.56,1900262.0,001308.SZ,2026-04-08,康冠科技,,CNY
20.36,20.71,20.36,20.42,1477412.0,001308.SZ,2026-04-09,康冠科技,,CNY
20.46,20.7,20.45,20.45,1399641.0,001308.SZ,2026-04-10,康冠科技,,CNY
20.41,20.49,20.02,20.25,1217851.0,001308.SZ,2026-04-13,康冠科技,,CNY
20.42,20.55,20.27,20.42,1331472.0,001308.SZ,2026-04-14,康冠科技,,CNY
20.62,20.8,20.51,20.66,1925302.0,001308.SZ,2026-04-15,康冠科技,,CNY
20.74,20.84,20.58,20.75,1566775.0,001308.SZ,2026-04-16,康冠科技,,CNY
20.74,20.88,20.62,20.78,1588576.0,001308.SZ,2026-04-17,康冠科技,,CNY
20.58,20.78,20.02,20.14,3410538.0,001308.SZ,2026-04-20,康冠科技,,CNY
20.05,20.23,20.05,20.17,1760685.0,001308.SZ,2026-04-21,康冠科技,,CNY
20.05,20.55,20.05,20.44,2009538.0,001308.SZ,2026-04-22,康冠科技,,CNY
20.5,20.5,20.05,20.14,1889951.0,001308.SZ,2026-04-23,康冠科技,,CNY
20.13,20.23,19.9,19.99,1408568.0,001308.SZ,2026-04-24,康冠科技,,CNY
19.97,20.32,19.81,20.24,1307861.0,001308.SZ,2026-04-27,康冠科技,,CNY
20.34,20.34,19.8,19.94,1648685.0,001308.SZ,2026-04-28,康冠科技,,CNY
19.82,20.21,19.78,20.03,1915920.0,001308.SZ,2026-04-29,康冠科技,,CNY
20.15,20.58,20.09,20.34,2268147.0,001308.SZ,2026-04-30,康冠科技,,CNY
249.09,254.0,245.28,246.55,9682537.0,001309.SZ,2026-03-02,德明利,,CNY
245.0,246.53,227.0,228.7,10294520.0,001309.SZ,2026-03-03,德明利,,CNY
240.0,251.57,238.68,251.57,19565430.0,001309.SZ,2026-03-04,德明利,,CNY
257.0,266.34,254.0,256.11,20027899.0,001309.SZ,2026-03-05,德明利,,CNY
256.07,277.6,256.07,271.12,17410250.0,001309.SZ,2026-03-06,德明利,,CNY
267.82,280.0,263.3,280.0,18476932.0,001309.SZ,2026-03-09,德明利,,CNY
288.0,299.59,281.0,294.81,17665161.0,001309.SZ,2026-03-10,德明利,,CNY
294.01,309.66,293.0,298.64,21787851.0,001309.SZ,2026-03-11,德明利,,CNY
299.92,305.92,289.26,293.5,12698939.0,001309.SZ,2026-03-12,德明利,,CNY
296.22,322.85,295.02,320.05,22030173.0,001309.SZ,2026-03-13,德明利,,CNY
318.0,352.06,309.51,352.06,26626461.0,001309.SZ,2026-03-16,德明利,,CNY
345.0,359.96,342.0,354.0,19409387.0,001309.SZ,2026-03-17,德明利,,CNY
359.0,374.0,355.0,374.0,19248257.0,001309.SZ,2026-03-18,德明利,,CNY
357.0,362.0,342.1,345.0,19516069.0,001309.SZ,2026-03-19,德明利,,CNY
349.5,351.0,330.33,331.52,15879966.0,001309.SZ,2026-03-20,德明利,,CNY
320.0,331.8,315.0,321.0,14468103.0,001309.SZ,2026-03-23,德明利,,CNY
317.79,351.8,306.1,349.63,22242779.0,001309.SZ,2026-03-24,德明利,,CNY
354.94,378.0,350.43,375.17,20221696.0,001309.SZ,2026-03-25,德明利,,CNY
361.02,383.0,361.02,378.86,16453710.0,001309.SZ,2026-03-26,德明利,,CNY
360.09,382.9,357.0,381.89,13805396.0,001309.SZ,2026-03-27,德明利,,CNY
375.88,401.59,375.88,400.3,16300979.0,001309.SZ,2026-03-30,德明利,,CNY
380.3,393.17,363.74,380.1,21072084.0,001309.SZ,2026-03-31,德明利,,CNY
417.67,417.67,364.46,371.98,30374015.0,001309.SZ,2026-04-01,德明利,,CNY
378.88,379.6,358.2,360.15,18972555.0,001309.SZ,2026-04-02,德明利,,CNY
364.8,366.66,352.02,352.02,11475601.0,001309.SZ,2026-04-03,德明利,,CNY
355.8,382.88,352.0,378.18,15431822.0,001309.SZ,2026-04-07,德明利,,CNY
390.04,395.5,375.01,393.3,19523686.0,001309.SZ,2026-04-08,德明利,,CNY
383.19,417.84,380.38,406.58,17821544.0,001309.SZ,2026-04-09,德明利,,CNY
428.0,447.24,423.0,447.24,23225744.0,001309.SZ,2026-04-10,德明利,,CNY
450.15,488.5,450.15,481.49,21610972.0,001309.SZ,2026-04-13,德明利,,CNY
485.19,510.9,481.0,500.63,20378092.0,001309.SZ,2026-04-14,德明利,,CNY
501.2,520.0,496.0,501.2,16700061.0,001309.SZ,2026-04-15,德明利,,CNY
490.0,529.98,486.0,516.8,16720226.0,001309.SZ,2026-04-16,德明利,,CNY
510.0,519.24,490.0,513.69,15479344.0,001309.SZ,2026-04-17,德明利,,CNY
518.88,538.0,512.0,515.0,13714625.0,001309.SZ,2026-04-20,德明利,,CNY
515.0,521.6,498.9,514.6,11310284.0,001309.SZ,2026-04-21,德明利,,CNY
514.71,530.0,509.96,525.0,14166192.0,001309.SZ,2026-04-22,德明利,,CNY
539.0,544.93,487.0,494.69,21249848.0,001309.SZ,2026-04-23,德明利,,CNY
491.0,500.82,482.6,489.88,13257561.0,001309.SZ,2026-04-24,德明利,,CNY
492.21,495.0,484.0,488.15,11437215.0,001309.SZ,2026-04-27,德明利,,CNY
496.93,510.0,486.22,496.39,13225231.0,001309.SZ,2026-04-28,德明利,,CNY
491.22,525.0,485.5,522.93,17581310.0,001309.SZ,2026-04-29,德明利,,CNY
517.71,535.0,509.01,524.81,19354427.0,001309.SZ,2026-04-30,德明利,,CNY
39.3,40.23,38.28,38.31,5407801.0,001311.SZ,2026-03-02,多利科技,,CNY
38.18,38.69,36.21,36.24,5449763.0,001311.SZ,2026-03-03,多利科技,,CNY
36.0,37.24,35.61,36.02,4377126.0,001311.SZ,2026-03-04,多利科技,,CNY
36.7,36.85,34.73,35.45,5099333.0,001311.SZ,2026-03-05,多利科技,,CNY
35.0,36.04,34.87,35.35,3964107.0,001311.SZ,2026-03-06,多利科技,,CNY
34.17,34.87,33.38,34.28,5460738.0,001311.SZ,2026-03-09,多利科技,,CNY
34.32,35.27,34.22,35.25,3523850.0,001311.SZ,2026-03-10,多利科技,,CNY
35.43,35.43,34.03,34.39,3291218.0,001311.SZ,2026-03-11,多利科技,,CNY
34.35,34.36,33.2,33.42,2518198.0,001311.SZ,2026-03-12,多利科技,,CNY
34.17,35.45,33.2,34.17,4727844.0,001311.SZ,2026-03-13,多利科技,,CNY
34.48,34.48,33.09,33.31,2818572.0,001311.SZ,2026-03-16,多利科技,,CNY
33.58,33.58,32.54,32.58,2002574.0,001311.SZ,2026-03-17,多利科技,,CNY
32.9,33.33,32.4,33.19,2100325.0,001311.SZ,2026-03-18,多利科技,,CNY
33.19,33.19,31.92,32.13,2042950.0,001311.SZ,2026-03-19,多利科技,,CNY
32.2,32.93,31.63,31.63,1886197.0,001311.SZ,2026-03-20,多利科技,,CNY
31.63,31.63,29.48,29.71,3025504.0,001311.SZ,2026-03-23,多利科技,,CNY
30.55,31.2,29.81,31.2,3393007.0,001311.SZ,2026-03-24,多利科技,,CNY
31.2,32.15,31.02,32.0,3102364.0,001311.SZ,2026-03-25,多利科技,,CNY
32.15,32.15,30.9,31.19,1892118.0,001311.SZ,2026-03-26,多利科技,,CNY
31.68,31.83,30.25,31.25,2998097.0,001311.SZ,2026-03-27,多利科技,,CNY
30.76,31.36,30.51,30.88,2846050.0,001311.SZ,2026-03-30,多利科技,,CNY
31.0,32.23,30.98,31.5,3810473.0,001311.SZ,2026-03-31,多利科技,,CNY
32.17,32.6,31.52,31.72,2801964.0,001311.SZ,2026-04-01,多利科技,,CNY
31.5,31.72,30.71,31.0,2053115.0,001311.SZ,2026-04-02,多利科技,,CNY
31.06,31.13,29.9,30.1,2719181.0,001311.SZ,2026-04-03,多利科技,,CNY
30.39,30.39,29.6,29.95,1880024.0,001311.SZ,2026-04-07,多利科技,,CNY
30.88,31.48,30.59,31.42,3945074.0,001311.SZ,2026-04-08,多利科技,,CNY
31.0,32.58,30.34,32.04,4439424.0,001311.SZ,2026-04-09,多利科技,,CNY
32.08,32.74,31.72,32.28,3351679.0,001311.SZ,2026-04-10,多利科技,,CNY
32.0,32.8,31.41,31.76,3239735.0,001311.SZ,2026-04-13,多利科技,,CNY
31.94,32.39,31.35,31.76,2715953.0,001311.SZ,2026-04-14,多利科技,,CNY
31.77,32.29,31.36,31.39,2383718.0,001311.SZ,2026-04-15,多利科技,,CNY
31.5,33.45,31.5,32.72,4875057.0,001311.SZ,2026-04-16,多利科技,,CNY
32.49,32.99,31.6,31.74,4129575.0,001311.SZ,2026-04-17,多利科技,,CNY
31.9,33.3,31.39,32.3,5788275.0,001311.SZ,2026-04-20,多利科技,,CNY
32.11,32.78,31.5,31.64,3963798.0,001311.SZ,2026-04-21,多利科技,,CNY
31.51,31.89,30.94,31.48,4830968.0,001311.SZ,2026-04-22,多利科技,,CNY
31.5,31.64,29.29,29.65,7053912.0,001311.SZ,2026-04-23,多利科技,,CNY
29.67,30.19,28.44,29.17,5831844.0,001311.SZ,2026-04-24,多利科技,,CNY
29.17,30.15,28.81,29.88,5144753.0,001311.SZ,2026-04-27,多利科技,,CNY
29.74,29.74,28.51,28.79,3962085.0,001311.SZ,2026-04-28,多利科技,,CNY
28.8,29.65,28.52,29.56,4398320.0,001311.SZ,2026-04-29,多利科技,,CNY
29.51,31.36,29.2,30.26,5766428.0,001311.SZ,2026-04-30,多利科技,,CNY
7.68,7.74,7.36,7.45,11813500.0,001313.SZ,2026-03-02,粤海饲料,,CNY
7.46,7.55,7.24,7.27,9274188.0,001313.SZ,2026-03-03,粤海饲料,,CNY
7.32,7.44,7.23,7.34,7956588.0,001313.SZ,2026-03-04,粤海饲料,,CNY
7.41,7.45,7.29,7.31,7042100.0,001313.SZ,2026-03-05,粤海饲料,,CNY
7.31,7.56,7.26,7.53,9893800.0,001313.SZ,2026-03-06,粤海饲料,,CNY
7.49,7.82,7.48,7.7,14410200.0,001313.SZ,2026-03-09,粤海饲料,,CNY
7.65,7.73,7.58,7.62,8003600.0,001313.SZ,2026-03-10,粤海饲料,,CNY
7.64,7.65,7.46,7.52,7066600.0,001313.SZ,2026-03-11,粤海饲料,,CNY
7.53,7.6,7.45,7.57,6688000.0,001313.SZ,2026-03-12,粤海饲料,,CNY
7.56,7.78,7.53,7.6,9883900.0,001313.SZ,2026-03-13,粤海饲料,,CNY
7.66,7.88,7.66,7.73,12293000.0,001313.SZ,2026-03-16,粤海饲料,,CNY
7.73,7.79,7.5,7.51,10349900.0,001313.SZ,2026-03-17,粤海饲料,,CNY
7.5,7.53,7.39,7.46,5507200.0,001313.SZ,2026-03-18,粤海饲料,,CNY
7.42,7.48,7.2,7.22,8321200.0,001313.SZ,2026-03-19,粤海饲料,,CNY
7.22,7.28,6.95,6.96,11001618.0,001313.SZ,2026-03-20,粤海饲料,,CNY
6.9,6.91,6.43,6.47,12178700.0,001313.SZ,2026-03-23,粤海饲料,,CNY
6.6,6.74,6.46,6.74,8941200.0,001313.SZ,2026-03-24,粤海饲料,,CNY
6.74,6.85,6.69,6.83,5902800.0,001313.SZ,2026-03-25,粤海饲料,,CNY
6.87,7.0,6.82,6.87,6946581.0,001313.SZ,2026-03-26,粤海饲料,,CNY
6.88,7.56,6.88,7.56,18259936.0,001313.SZ,2026-03-27,粤海饲料,,CNY
7.45,7.9,7.34,7.6,35781996.0,001313.SZ,2026-03-30,粤海饲料,,CNY
7.68,7.85,7.65,7.77,26379400.0,001313.SZ,2026-03-31,粤海饲料,,CNY
7.83,7.86,7.68,7.86,16589300.0,001313.SZ,2026-04-01,粤海饲料,,CNY
7.86,8.31,7.83,7.94,18864722.0,001313.SZ,2026-04-02,粤海饲料,,CNY
8.0,8.03,7.82,7.97,18409100.0,001313.SZ,2026-04-03,粤海饲料,,CNY
7.92,7.97,7.5,7.7,20394500.0,001313.SZ,2026-04-07,粤海饲料,,CNY
7.7,7.84,7.57,7.83,19507800.0,001313.SZ,2026-04-08,粤海饲料,,CNY
7.71,7.95,7.7,7.77,12546000.0,001313.SZ,2026-04-09,粤海饲料,,CNY
7.77,7.98,7.7,7.81,16438957.0,001313.SZ,2026-04-10,粤海饲料,,CNY
7.85,8.11,7.75,8.02,18509688.0,001313.SZ,2026-04-13,粤海饲料,,CNY
8.03,8.14,7.94,8.14,13858300.0,001313.SZ,2026-04-14,粤海饲料,,CNY
8.13,8.13,7.88,7.98,11851400.0,001313.SZ,2026-04-15,粤海饲料,,CNY
7.98,8.14,7.92,8.14,12907337.0,001313.SZ,2026-04-16,粤海饲料,,CNY
8.09,8.78,8.09,8.43,24792300.0,001313.SZ,2026-04-17,粤海饲料,,CNY
8.47,8.48,8.27,8.41,15238400.0,001313.SZ,2026-04-20,粤海饲料,,CNY
8.41,8.56,8.3,8.37,10074432.0,001313.SZ,2026-04-21,粤海饲料,,CNY
8.34,8.54,8.3,8.47,11405600.0,001313.SZ,2026-04-22,粤海饲料,,CNY
8.46,8.47,8.26,8.41,10863100.0,001313.SZ,2026-04-23,粤海饲料,,CNY
8.36,8.58,8.35,8.54,14358048.0,001313.SZ,2026-04-24,粤海饲料,,CNY
8.53,8.61,8.13,8.61,18583300.0,001313.SZ,2026-04-27,粤海饲料,,CNY
8.53,8.7,8.44,8.58,16370500.0,001313.SZ,2026-04-28,粤海饲料,,CNY
8.54,8.84,8.5,8.55,19764400.0,001313.SZ,2026-04-29,粤海饲料,,CNY
8.53,8.63,8.4,8.47,12626800.0,001313.SZ,2026-04-30,粤海饲料,,CNY
7.97,7.98,7.58,7.65,15011562.0,000952.SZ,2026-03-02,广济药业,,CNY
7.71,7.86,7.41,7.43,9446920.0,000952.SZ,2026-03-03,广济药业,,CNY
7.36,7.45,7.25,7.37,6780201.0,000952.SZ,2026-03-04,广济药业,,CNY
7.48,7.56,7.44,7.47,6970601.0,000952.SZ,2026-03-05,广济药业,,CNY
7.45,7.75,7.35,7.71,8140420.0,000952.SZ,2026-03-06,广济药业,,CNY
7.7,7.71,7.48,7.58,7154240.0,000952.SZ,2026-03-09,广济药业,,CNY
7.7,7.81,7.66,7.79,6956532.0,000952.SZ,2026-03-10,广济药业,,CNY
7.81,7.82,7.58,7.64,6900264.0,000952.SZ,2026-03-11,广济药业,,CNY
7.61,7.66,7.47,7.49,4937707.0,000952.SZ,2026-03-12,广济药业,,CNY
7.48,7.59,7.43,7.54,5159887.0,000952.SZ,2026-03-13,广济药业,,CNY
7.45,7.68,7.45,7.63,6558740.0,000952.SZ,2026-03-16,广济药业,,CNY
7.63,7.7,7.46,7.46,5504440.0,000952.SZ,2026-03-17,广济药业,,CNY
7.49,7.61,7.43,7.6,5962760.0,000952.SZ,2026-03-18,广济药业,,CNY
7.52,7.58,7.21,7.27,9969120.0,000952.SZ,2026-03-19,广济药业,,CNY
7.27,7.35,7.01,7.03,10981540.0,000952.SZ,2026-03-20,广济药业,,CNY
6.93,6.97,6.52,6.58,12367240.0,000952.SZ,2026-03-23,广济药业,,CNY
6.75,6.95,6.65,6.94,11879970.0,000952.SZ,2026-03-24,广济药业,,CNY
7.04,7.08,6.92,7.03,6945340.0,000952.SZ,2026-03-25,广济药业,,CNY
7.02,7.14,6.93,6.96,5645580.0,000952.SZ,2026-03-26,广济药业,,CNY
6.89,7.25,6.86,7.23,7945521.0,000952.SZ,2026-03-27,广济药业,,CNY
7.22,7.4,7.17,7.32,7517301.0,000952.SZ,2026-03-30,广济药业,,CNY
7.32,7.45,7.23,7.25,6492401.0,000952.SZ,2026-03-31,广济药业,,CNY
7.3,7.46,7.23,7.44,7873052.0,000952.SZ,2026-04-01,广济药业,,CNY
7.43,7.52,7.28,7.32,8181400.0,000952.SZ,2026-04-02,广济药业,,CNY
7.3,7.38,7.11,7.15,10536632.0,000952.SZ,2026-04-03,广济药业,,CNY
7.12,7.36,7.02,7.33,8086780.0,000952.SZ,2026-04-07,广济药业,,CNY
7.44,7.54,7.24,7.26,10401520.0,000952.SZ,2026-04-08,广济药业,,CNY
7.12,7.31,6.99,7.03,10256520.0,000952.SZ,2026-04-09,广济药业,,CNY
7.09,7.12,6.96,7.01,6668980.0,000952.SZ,2026-04-10,广济药业,,CNY
7.0,7.01,6.88,6.97,6145640.0,000952.SZ,2026-04-13,广济药业,,CNY
7.05,7.05,6.81,6.93,7094220.0,000952.SZ,2026-04-14,广济药业,,CNY
6.97,7.25,6.83,6.93,8544173.0,000952.SZ,2026-04-15,广济药业,,CNY
6.93,7.01,6.83,7.0,7492121.0,000952.SZ,2026-04-16,广济药业,,CNY
6.98,6.99,6.65,6.74,11094681.0,000952.SZ,2026-04-17,广济药业,,CNY
6.71,6.76,6.65,6.72,5271254.0,000952.SZ,2026-04-20,广济药业,,CNY
6.75,6.77,6.62,6.67,6020740.0,000952.SZ,2026-04-21,广济药业,,CNY
6.67,6.67,6.6,6.67,4077331.0,000952.SZ,2026-04-22,广济药业,,CNY
6.67,6.67,6.52,6.56,6889941.0,000952.SZ,2026-04-23,广济药业,,CNY
6.56,6.72,6.51,6.68,6765800.0,000952.SZ,2026-04-24,广济药业,,CNY
6.69,7.35,6.68,7.35,23243613.0,000952.SZ,2026-04-27,广济药业,,CNY
7.35,7.98,7.31,7.38,39252063.0,000952.SZ,2026-04-28,广济药业,,CNY
7.25,7.38,7.16,7.27,23523533.0,000952.SZ,2026-04-29,广济药业,,CNY
7.3,7.48,7.26,7.39,13855420.0,000952.SZ,2026-04-30,广济药业,,CNY
5.74,5.79,5.42,5.47,33217300.0,000955.SZ,2026-03-02,欣龙控股,,CNY
5.51,5.6,5.33,5.34,20247872.0,000955.SZ,2026-03-03,欣龙控股,,CNY
5.32,5.41,5.27,5.35,14322900.0,000955.SZ,2026-03-04,欣龙控股,,CNY
5.41,5.46,5.35,5.36,10141100.0,000955.SZ,2026-03-05,欣龙控股,,CNY
5.32,5.53,5.3,5.52,12244830.0,000955.SZ,2026-03-06,欣龙控股,,CNY
5.49,5.54,5.3,5.42,15079000.0,000955.SZ,2026-03-09,欣龙控股,,CNY
5.44,5.52,5.44,5.49,10438929.0,000955.SZ,2026-03-10,欣龙控股,,CNY
5.51,5.51,5.34,5.38,13922200.0,000955.SZ,2026-03-11,欣龙控股,,CNY
5.37,5.41,5.3,5.31,11257701.0,000955.SZ,2026-03-12,欣龙控股,,CNY
5.31,5.39,5.25,5.27,11599400.0,000955.SZ,2026-03-13,欣龙控股,,CNY
5.26,5.4,5.23,5.32,11533329.0,000955.SZ,2026-03-16,欣龙控股,,CNY
5.34,5.37,5.2,5.2,14614400.0,000955.SZ,2026-03-17,欣龙控股,,CNY
5.21,5.27,5.16,5.26,10025482.0,000955.SZ,2026-03-18,欣龙控股,,CNY
5.2,5.22,5.08,5.1,14002800.0,000955.SZ,2026-03-19,欣龙控股,,CNY
5.11,5.13,4.88,4.88,20093489.0,000955.SZ,2026-03-20,欣龙控股,,CNY
4.77,4.87,4.59,4.63,19803023.0,000955.SZ,2026-03-23,欣龙控股,,CNY
4.76,4.9,4.62,4.88,23204700.0,000955.SZ,2026-03-24,欣龙控股,,CNY
4.93,5.04,4.89,5.03,15508137.0,000955.SZ,2026-03-25,欣龙控股,,CNY
5.01,5.09,4.87,4.89,13040193.0,000955.SZ,2026-03-26,欣龙控股,,CNY
4.87,4.97,4.83,4.95,11773920.0,000955.SZ,2026-03-27,欣龙控股,,CNY
4.93,5.07,4.87,5.04,15080501.0,000955.SZ,2026-03-30,欣龙控股,,CNY
5.08,5.09,4.92,4.92,11308829.0,000955.SZ,2026-03-31,欣龙控股,,CNY
4.99,5.04,4.92,4.99,11169600.0,000955.SZ,2026-04-01,欣龙控股,,CNY
4.96,4.98,4.87,4.89,10147800.0,000955.SZ,2026-04-02,欣龙控股,,CNY
4.89,4.9,4.67,4.72,11157700.0,000955.SZ,2026-04-03,欣龙控股,,CNY
4.72,4.92,4.69,4.86,11399000.0,000955.SZ,2026-04-07,欣龙控股,,CNY
4.94,5.04,4.94,5.0,12932800.0,000955.SZ,2026-04-08,欣龙控股,,CNY
5.0,5.07,4.89,4.91,11076160.0,000955.SZ,2026-04-09,欣龙控股,,CNY
4.93,5.02,4.91,4.97,8461800.0,000955.SZ,2026-04-10,欣龙控股,,CNY
4.94,5.04,4.91,5.02,10077980.0,000955.SZ,2026-04-13,欣龙控股,,CNY
5.04,5.06,4.95,5.01,9255300.0,000955.SZ,2026-04-14,欣龙控股,,CNY
5.0,5.04,4.89,4.9,8881100.0,000955.SZ,2026-04-15,欣龙控股,,CNY
4.91,5.08,4.86,5.05,13459715.0,000955.SZ,2026-04-16,欣龙控股,,CNY
5.1,5.15,4.94,5.03,16884800.0,000955.SZ,2026-04-17,欣龙控股,,CNY
5.01,5.16,4.96,5.14,13933700.0,000955.SZ,2026-04-20,欣龙控股,,CNY
5.12,5.24,5.1,5.12,17093200.0,000955.SZ,2026-04-21,欣龙控股,,CNY
5.12,5.12,4.98,5.02,11960400.0,000955.SZ,2026-04-22,欣龙控股,,CNY
5.02,5.19,4.95,4.99,12889781.0,000955.SZ,2026-04-23,欣龙控股,,CNY
4.96,5.08,4.88,5.04,11914800.0,000955.SZ,2026-04-24,欣龙控股,,CNY
5.0,5.16,4.88,5.14,17922500.0,000955.SZ,2026-04-27,欣龙控股,,CNY
5.11,5.15,5.04,5.08,9564820.0,000955.SZ,2026-04-28,欣龙控股,,CNY
5.04,5.22,5.04,5.18,13288700.0,000955.SZ,2026-04-29,欣龙控股,,CNY
5.21,5.28,5.15,5.2,9562500.0,000955.SZ,2026-04-30,欣龙控股,,CNY
4.7,4.82,4.67,4.76,75249047.0,000966.SZ,2026-03-02,长源电力,,CNY
4.74,4.84,4.67,4.69,77838988.0,000966.SZ,2026-03-03,长源电力,,CNY
4.62,4.76,4.6,4.72,59597916.0,000966.SZ,2026-03-04,长源电力,,CNY
4.76,4.89,4.75,4.79,91644753.0,000966.SZ,2026-03-05,长源电力,,CNY
4.76,4.89,4.76,4.85,72103500.0,000966.SZ,2026-03-06,长源电力,,CNY
4.84,4.98,4.81,4.9,104006800.0,000966.SZ,2026-03-09,长源电力,,CNY
4.87,4.96,4.82,4.86,78056006.0,000966.SZ,2026-03-10,长源电力,,CNY
4.87,5.02,4.76,5.0,118727510.0,000966.SZ,2026-03-11,长源电力,,CNY
4.98,5.22,4.95,5.17,137246977.0,000966.SZ,2026-03-12,长源电力,,CNY
5.15,5.15,4.92,4.95,127801788.0,000966.SZ,2026-03-13,长源电力,,CNY
4.97,4.99,4.77,4.8,84833067.0,000966.SZ,2026-03-16,长源电力,,CNY
4.79,4.96,4.73,4.81,100595414.0,000966.SZ,2026-03-17,长源电力,,CNY
4.82,4.99,4.8,4.85,77379403.0,000966.SZ,2026-03-18,长源电力,,CNY
4.8,4.98,4.78,4.9,87252783.0,000966.SZ,2026-03-19,长源电力,,CNY
4.87,5.39,4.86,5.15,281192183.0,000966.SZ,2026-03-20,长源电力,,CNY
5.15,5.39,4.9,5.01,254031106.0,000966.SZ,2026-03-23,长源电力,,CNY
5.01,5.25,4.9,5.25,251074826.0,000966.SZ,2026-03-24,长源电力,,CNY
5.15,5.77,5.14,5.57,345800126.0,000966.SZ,2026-03-25,长源电力,,CNY
5.52,5.95,5.37,5.87,364193059.0,000966.SZ,2026-03-26,长源电力,,CNY
5.67,5.79,5.45,5.51,249908338.0,000966.SZ,2026-03-27,长源电力,,CNY
5.35,5.39,4.96,4.96,202320746.0,000966.SZ,2026-03-30,长源电力,,CNY
4.87,4.97,4.7,4.72,150616788.0,000966.SZ,2026-03-31,长源电力,,CNY
4.77,4.79,4.62,4.65,111760346.0,000966.SZ,2026-04-01,长源电力,,CNY
4.63,4.71,4.48,4.52,102023754.0,000966.SZ,2026-04-02,长源电力,,CNY
4.49,4.53,4.32,4.34,89756689.0,000966.SZ,2026-04-03,长源电力,,CNY
4.34,4.41,4.33,4.37,55498248.0,000966.SZ,2026-04-07,长源电力,,CNY
4.42,4.47,4.39,4.46,71823244.0,000966.SZ,2026-04-08,长源电力,,CNY
4.43,4.43,4.32,4.34,69190982.0,000966.SZ,2026-04-09,长源电力,,CNY
4.35,4.39,4.32,4.35,49179400.0,000966.SZ,2026-04-10,长源电力,,CNY
4.33,4.42,4.32,4.41,54407702.0,000966.SZ,2026-04-13,长源电力,,CNY
4.42,4.45,4.35,4.38,50299334.0,000966.SZ,2026-04-14,长源电力,,CNY
4.39,4.4,4.33,4.36,42878612.0,000966.SZ,2026-04-15,长源电力,,CNY
4.34,4.36,4.31,4.34,48448406.0,000966.SZ,2026-04-16,长源电力,,CNY
4.33,4.35,4.25,4.26,61421630.0,000966.SZ,2026-04-17,长源电力,,CNY
4.26,4.33,4.24,4.33,54690998.0,000966.SZ,2026-04-20,长源电力,,CNY
4.31,4.47,4.25,4.43,93674933.0,000966.SZ,2026-04-21,长源电力,,CNY
4.39,4.45,4.36,4.43,55283835.0,000966.SZ,2026-04-22,长源电力,,CNY
4.43,4.68,4.4,4.6,146566036.0,000966.SZ,2026-04-23,长源电力,,CNY
4.64,4.74,4.52,4.59,126236907.0,000966.SZ,2026-04-24,长源电力,,CNY
4.58,4.64,4.5,4.59,77491835.0,000966.SZ,2026-04-27,长源电力,,CNY
4.55,4.7,4.51,4.67,99345444.0,000966.SZ,2026-04-28,长源电力,,CNY
4.63,4.74,4.62,4.65,89219557.0,000966.SZ,2026-04-29,长源电力,,CNY
4.63,4.65,4.54,4.56,71757024.0,000966.SZ,2026-04-30,长源电力,,CNY
9.46,9.46,8.97,9.46,77227599.0,000968.SZ,2026-03-02,蓝焰控股,,CNY
10.32,10.41,10.03,10.41,89176017.0,000968.SZ,2026-03-03,蓝焰控股,,CNY
10.58,11.4,9.95,11.12,180062120.0,000968.SZ,2026-03-04,蓝焰控股,,CNY
10.38,10.95,10.01,10.11,127963255.0,000968.SZ,2026-03-05,蓝焰控股,,CNY
9.76,9.97,9.51,9.77,82236929.0,000968.SZ,2026-03-06,蓝焰控股,,CNY
10.75,10.75,10.11,10.13,116964937.0,000968.SZ,2026-03-09,蓝焰控股,,CNY
9.12,9.6,9.12,9.38,94145052.0,000968.SZ,2026-03-10,蓝焰控股,,CNY
9.2,9.65,9.2,9.61,71135514.0,000968.SZ,2026-03-11,蓝焰控股,,CNY
9.71,10.27,9.42,9.92,89977900.0,000968.SZ,2026-03-12,蓝焰控股,,CNY
9.95,9.98,9.42,9.46,63623307.0,000968.SZ,2026-03-13,蓝焰控股,,CNY
9.66,9.82,9.25,9.3,52775407.0,000968.SZ,2026-03-16,蓝焰控股,,CNY
9.28,9.34,9.04,9.17,53426844.0,000968.SZ,2026-03-17,蓝焰控股,,CNY
8.98,9.02,8.68,8.92,50092646.0,000968.SZ,2026-03-18,蓝焰控股,,CNY
9.33,9.81,9.13,9.81,84829645.0,000968.SZ,2026-03-19,蓝焰控股,,CNY
9.64,10.7,9.52,10.3,145479802.0,000968.SZ,2026-03-20,蓝焰控股,,CNY
10.4,11.02,10.13,11.0,139006288.0,000968.SZ,2026-03-23,蓝焰控股,,CNY
10.3,10.68,10.04,10.48,104474171.0,000968.SZ,2026-03-24,蓝焰控股,,CNY
9.72,10.17,9.6,9.94,96735715.0,000968.SZ,2026-03-25,蓝焰控股,,CNY
9.96,10.93,9.9,10.93,98712215.0,000968.SZ,2026-03-26,蓝焰控股,,CNY
11.2,11.86,11.01,11.57,152999198.0,000968.SZ,2026-03-27,蓝焰控股,,CNY
11.91,12.18,10.88,10.95,129301055.0,000968.SZ,2026-03-30,蓝焰控股,,CNY
10.8,10.93,10.27,10.28,96138405.0,000968.SZ,2026-03-31,蓝焰控股,,CNY
10.15,10.31,9.92,9.92,68240130.0,000968.SZ,2026-04-01,蓝焰控股,,CNY
10.05,10.91,10.05,10.91,37908912.0,000968.SZ,2026-04-02,蓝焰控股,,CNY
10.76,10.76,10.21,10.26,85040177.0,000968.SZ,2026-04-03,蓝焰控股,,CNY
10.0,10.64,9.75,10.49,80643366.0,000968.SZ,2026-04-07,蓝焰控股,,CNY
9.44,9.47,9.44,9.44,25630700.0,000968.SZ,2026-04-08,蓝焰控股,,CNY
9.65,9.79,9.21,9.53,108193257.0,000968.SZ,2026-04-09,蓝焰控股,,CNY
9.25,9.43,9.14,9.25,73194127.0,000968.SZ,2026-04-10,蓝焰控股,,CNY
9.61,10.18,9.3,10.18,119242886.0,000968.SZ,2026-04-13,蓝焰控股,,CNY
10.08,10.71,9.92,10.0,129193823.0,000968.SZ,2026-04-14,蓝焰控股,,CNY
9.89,9.9,9.32,9.49,75999777.0,000968.SZ,2026-04-15,蓝焰控股,,CNY
9.4,9.45,9.12,9.29,61840372.0,000968.SZ,2026-04-16,蓝焰控股,,CNY
9.37,9.49,8.91,9.03,81855379.0,000968.SZ,2026-04-17,蓝焰控股,,CNY
9.07,9.16,8.9,9.01,59047001.0,000968.SZ,2026-04-20,蓝焰控股,,CNY
8.93,8.97,8.75,8.87,48932279.0,000968.SZ,2026-04-21,蓝焰控股,,CNY
8.97,9.04,8.7,8.82,49119094.0,000968.SZ,2026-04-22,蓝焰控股,,CNY
8.9,9.49,8.9,9.25,91910021.0,000968.SZ,2026-04-23,蓝焰控股,,CNY
9.25,9.25,8.77,8.83,65810217.0,000968.SZ,2026-04-24,蓝焰控股,,CNY
8.76,8.97,8.58,8.86,39464897.0,000968.SZ,2026-04-27,蓝焰控股,,CNY
8.68,9.09,8.67,9.03,54638847.0,000968.SZ,2026-04-28,蓝焰控股,,CNY
9.04,9.19,9.0,9.12,43935750.0,000968.SZ,2026-04-29,蓝焰控股,,CNY
9.32,9.36,9.09,9.15,43825647.0,000968.SZ,2026-04-30,蓝焰控股,,CNY
25.47,26.6,25.3,26.6,90165744.0,000969.SZ,2026-03-02,安泰科技,,CNY
26.65,26.69,24.01,24.02,91063916.0,000969.SZ,2026-03-03,安泰科技,,CNY
23.32,24.6,23.23,23.83,43365160.0,000969.SZ,2026-03-04,安泰科技,,CNY
24.4,25.22,24.07,24.6,52787243.0,000969.SZ,2026-03-05,安泰科技,,CNY
24.29,24.7,23.95,24.14,32502755.0,000969.SZ,2026-03-06,安泰科技,,CNY
23.8,23.94,22.95,23.75,40217661.0,000969.SZ,2026-03-09,安泰科技,,CNY
24.21,24.32,23.7,24.03,26920070.0,000969.SZ,2026-03-10,安泰科技,,CNY
24.08,24.34,23.5,23.52,31526327.0,000969.SZ,2026-03-11,安泰科技,,CNY
23.38,23.45,22.25,22.58,49011161.0,000969.SZ,2026-03-12,安泰科技,,CNY
22.4,23.15,22.23,22.65,32361800.0,000969.SZ,2026-03-13,安泰科技,,CNY
22.5,22.58,21.43,21.98,39279972.0,000969.SZ,2026-03-16,安泰科技,,CNY
21.99,22.18,21.37,21.42,23139543.0,000969.SZ,2026-03-17,安泰科技,,CNY
21.43,21.67,21.13,21.62,18544198.0,000969.SZ,2026-03-18,安泰科技,,CNY
21.2,21.34,20.56,20.66,23897577.0,000969.SZ,2026-03-19,安泰科技,,CNY
20.83,20.97,20.08,20.16,24081096.0,000969.SZ,2026-03-20,安泰科技,,CNY
19.8,20.21,19.08,19.21,32808036.0,000969.SZ,2026-03-23,安泰科技,,CNY
19.57,19.93,19.17,19.91,26586682.0,000969.SZ,2026-03-24,安泰科技,,CNY
20.02,20.66,20.01,20.46,27053093.0,000969.SZ,2026-03-25,安泰科技,,CNY
20.5,20.6,20.12,20.39,19896726.0,000969.SZ,2026-03-26,安泰科技,,CNY
20.03,20.69,20.02,20.69,16956665.0,000969.SZ,2026-03-27,安泰科技,,CNY
20.36,20.87,20.33,20.78,18406213.0,000969.SZ,2026-03-30,安泰科技,,CNY
20.82,21.19,20.59,20.62,20920533.0,000969.SZ,2026-03-31,安泰科技,,CNY
21.08,21.16,20.64,20.93,18805175.0,000969.SZ,2026-04-01,安泰科技,,CNY
20.83,20.98,20.27,20.45,16994372.0,000969.SZ,2026-04-02,安泰科技,,CNY
20.47,20.57,20.0,20.02,13310729.0,000969.SZ,2026-04-03,安泰科技,,CNY
20.04,20.48,20.04,20.26,14471872.0,000969.SZ,2026-04-07,安泰科技,,CNY
20.76,21.46,20.75,21.44,25097648.0,000969.SZ,2026-04-08,安泰科技,,CNY
21.18,21.3,20.95,21.09,15605610.0,000969.SZ,2026-04-09,安泰科技,,CNY
21.3,21.46,21.06,21.06,17171048.0,000969.SZ,2026-04-10,安泰科技,,CNY
20.95,21.14,20.84,20.91,13871438.0,000969.SZ,2026-04-13,安泰科技,,CNY
21.15,21.25,20.92,21.12,15760772.0,000969.SZ,2026-04-14,安泰科技,,CNY
21.31,21.63,20.83,20.94,23877355.0,000969.SZ,2026-04-15,安泰科技,,CNY
20.94,21.24,20.85,21.19,18330311.0,000969.SZ,2026-04-16,安泰科技,,CNY
21.2,21.68,21.1,21.55,25711816.0,000969.SZ,2026-04-17,安泰科技,,CNY
21.54,21.87,21.46,21.8,23989147.0,000969.SZ,2026-04-20,安泰科技,,CNY
21.86,22.21,21.75,22.13,32804592.0,000969.SZ,2026-04-21,安泰科技,,CNY
21.82,22.25,21.8,22.07,27430898.0,000969.SZ,2026-04-22,安泰科技,,CNY
22.08,22.08,21.02,21.2,31608726.0,000969.SZ,2026-04-23,安泰科技,,CNY
21.1,21.25,20.6,20.7,21033448.0,000969.SZ,2026-04-24,安泰科技,,CNY
20.52,20.9,20.42,20.67,17881047.0,000969.SZ,2026-04-27,安泰科技,,CNY
21.2,21.68,20.75,20.86,28356800.0,000969.SZ,2026-04-28,安泰科技,,CNY
20.74,21.22,20.7,21.14,19393831.0,000969.SZ,2026-04-29,安泰科技,,CNY
21.03,21.4,20.95,21.37,20058396.0,000969.SZ,2026-04-30,安泰科技,,CNY
15.2,15.31,14.73,15.0,55773144.0,000970.SZ,2026-03-02,中科三环,,CNY
14.89,15.06,14.19,14.3,49129254.0,000970.SZ,2026-03-03,中科三环,,CNY
14.05,14.58,14.05,14.21,29427286.0,000970.SZ,2026-03-04,中科三环,,CNY
14.46,14.49,13.85,13.96,32797450.0,000970.SZ,2026-03-05,中科三环,,CNY
13.85,14.05,13.68,13.84,32371752.0,000970.SZ,2026-03-06,中科三环,,CNY
13.66,13.66,12.95,13.4,47986285.0,000970.SZ,2026-03-09,中科三环,,CNY
13.52,13.87,13.51,13.86,32369340.0,000970.SZ,2026-03-10,中科三环,,CNY
13.81,14.07,13.71,13.78,25707476.0,000970.SZ,2026-03-11,中科三环,,CNY
13.7,14.0,13.5,13.88,29330904.0,000970.SZ,2026-03-12,中科三环,,CNY
13.78,13.93,13.41,13.47,25338034.0,000970.SZ,2026-03-13,中科三环,,CNY
13.5,13.68,13.15,13.29,35471015.0,000970.SZ,2026-03-16,中科三环,,CNY
13.33,13.38,12.73,12.77,39647169.0,000970.SZ,2026-03-17,中科三环,,CNY
12.8,12.88,12.58,12.75,21672348.0,000970.SZ,2026-03-18,中科三环,,CNY
12.53,12.53,12.15,12.2,32002673.0,000970.SZ,2026-03-19,中科三环,,CNY
12.22,12.31,11.88,11.88,26731521.0,000970.SZ,2026-03-20,中科三环,,CNY
11.5,11.72,11.06,11.15,33758577.0,000970.SZ,2026-03-23,中科三环,,CNY
11.36,11.47,11.05,11.46,23504993.0,000970.SZ,2026-03-24,中科三环,,CNY
11.56,11.75,11.55,11.64,23754715.0,000970.SZ,2026-03-25,中科三环,,CNY
11.64,11.66,11.42,11.48,17951902.0,000970.SZ,2026-03-26,中科三环,,CNY
11.31,11.79,11.25,11.73,22268357.0,000970.SZ,2026-03-27,中科三环,,CNY
11.58,11.65,11.29,11.56,22333239.0,000970.SZ,2026-03-30,中科三环,,CNY
11.54,11.75,11.5,11.54,17142485.0,000970.SZ,2026-03-31,中科三环,,CNY
11.72,11.84,11.62,11.74,16327339.0,000970.SZ,2026-04-01,中科三环,,CNY
11.66,11.69,11.41,11.5,13997580.0,000970.SZ,2026-04-02,中科三环,,CNY
11.55,11.6,11.38,11.42,10114285.0,000970.SZ,2026-04-03,中科三环,,CNY
11.42,11.7,11.42,11.66,14429268.0,000970.SZ,2026-04-07,中科三环,,CNY
11.87,11.99,11.81,11.99,24240638.0,000970.SZ,2026-04-08,中科三环,,CNY
11.85,12.12,11.81,11.98,22959122.0,000970.SZ,2026-04-09,中科三环,,CNY
12.16,12.35,12.16,12.21,24872445.0,000970.SZ,2026-04-10,中科三环,,CNY
12.37,12.45,12.22,12.33,21149402.0,000970.SZ,2026-04-13,中科三环,,CNY
12.43,12.43,12.16,12.26,19739823.0,000970.SZ,2026-04-14,中科三环,,CNY
12.31,12.35,12.0,12.05,18485735.0,000970.SZ,2026-04-15,中科三环,,CNY
12.08,12.2,12.07,12.19,14560937.0,000970.SZ,2026-04-16,中科三环,,CNY
12.15,12.29,12.15,12.19,14704184.0,000970.SZ,2026-04-17,中科三环,,CNY
12.2,12.35,12.17,12.3,18664006.0,000970.SZ,2026-04-20,中科三环,,CNY
12.36,12.39,12.24,12.32,17323677.0,000970.SZ,2026-04-21,中科三环,,CNY
12.27,12.35,12.22,12.32,19064853.0,000970.SZ,2026-04-22,中科三环,,CNY
12.36,12.36,11.94,11.99,21854566.0,000970.SZ,2026-04-23,中科三环,,CNY
11.98,12.03,11.78,11.89,14824509.0,000970.SZ,2026-04-24,中科三环,,CNY
11.83,12.08,11.81,11.99,13935715.0,000970.SZ,2026-04-27,中科三环,,CNY
11.97,11.99,11.55,11.62,19612983.0,000970.SZ,2026-04-28,中科三环,,CNY
11.66,12.18,11.62,12.14,28902566.0,000970.SZ,2026-04-29,中科三环,,CNY
12.16,12.18,11.97,12.08,14872780.0,000970.SZ,2026-04-30,中科三环,,CNY
7.06,7.15,6.91,6.93,14180500.0,000978.SZ,2026-03-02,桂林旅游,,CNY
6.94,7.06,6.84,6.85,8490300.0,000978.SZ,2026-03-03,桂林旅游,,CNY
6.82,6.91,6.75,6.84,7098500.0,000978.SZ,2026-03-04,桂林旅游,,CNY
6.96,7.0,6.88,6.92,7231100.0,000978.SZ,2026-03-05,桂林旅游,,CNY
6.97,7.15,6.92,7.12,11074000.0,000978.SZ,2026-03-06,桂林旅游,,CNY
7.07,7.15,7.0,7.07,8507000.0,000978.SZ,2026-03-09,桂林旅游,,CNY
7.1,7.29,7.1,7.25,11350097.0,000978.SZ,2026-03-10,桂林旅游,,CNY
7.25,7.34,7.14,7.18,10206100.0,000978.SZ,2026-03-11,桂林旅游,,CNY
7.19,7.24,7.14,7.17,6606800.0,000978.SZ,2026-03-12,桂林旅游,,CNY
7.13,7.35,7.13,7.23,11845201.0,000978.SZ,2026-03-13,桂林旅游,,CNY
7.29,7.43,7.24,7.43,12814707.0,000978.SZ,2026-03-16,桂林旅游,,CNY
7.42,7.6,7.36,7.38,12636600.0,000978.SZ,2026-03-17,桂林旅游,,CNY
7.37,7.42,7.27,7.34,9900300.0,000978.SZ,2026-03-18,桂林旅游,,CNY
7.27,7.4,7.1,7.14,10114900.0,000978.SZ,2026-03-19,桂林旅游,,CNY
7.17,7.31,7.11,7.13,10402100.0,000978.SZ,2026-03-20,桂林旅游,,CNY
7.01,7.02,6.42,6.42,23025765.0,000978.SZ,2026-03-23,桂林旅游,,CNY
6.54,6.71,6.31,6.71,20726801.0,000978.SZ,2026-03-24,桂林旅游,,CNY
6.72,7.38,6.72,7.38,34360058.0,000978.SZ,2026-03-25,桂林旅游,,CNY
7.36,7.68,7.29,7.49,61817340.0,000978.SZ,2026-03-26,桂林旅游,,CNY
7.47,7.67,7.41,7.53,41856460.0,000978.SZ,2026-03-27,桂林旅游,,CNY
7.44,7.58,7.41,7.52,28506602.0,000978.SZ,2026-03-30,桂林旅游,,CNY
7.53,7.95,7.53,7.7,46074630.0,000978.SZ,2026-03-31,桂林旅游,,CNY
7.76,7.82,7.46,7.67,34029105.0,000978.SZ,2026-04-01,桂林旅游,,CNY
7.66,7.79,7.43,7.49,24955762.0,000978.SZ,2026-04-02,桂林旅游,,CNY
7.55,7.55,6.82,6.92,36691800.0,000978.SZ,2026-04-03,桂林旅游,,CNY
7.11,7.59,7.03,7.32,40317800.0,000978.SZ,2026-04-07,桂林旅游,,CNY
7.5,8.05,7.4,8.05,43892477.0,000978.SZ,2026-04-08,桂林旅游,,CNY
8.3,8.68,7.72,7.92,74839121.0,000978.SZ,2026-04-09,桂林旅游,,CNY
7.95,8.32,7.82,7.91,72198345.0,000978.SZ,2026-04-10,桂林旅游,,CNY
7.86,7.93,7.65,7.82,48985260.0,000978.SZ,2026-04-13,桂林旅游,,CNY
8.01,8.14,7.81,8.0,62339299.0,000978.SZ,2026-04-14,桂林旅游,,CNY
8.01,8.28,7.86,8.13,76374160.0,000978.SZ,2026-04-15,桂林旅游,,CNY
8.04,8.66,7.97,8.5,88029065.0,000978.SZ,2026-04-16,桂林旅游,,CNY
8.2,8.28,7.84,7.91,67669490.0,000978.SZ,2026-04-17,桂林旅游,,CNY
7.68,7.94,7.49,7.9,51110009.0,000978.SZ,2026-04-20,桂林旅游,,CNY
7.73,7.91,7.5,7.51,40773099.0,000978.SZ,2026-04-21,桂林旅游,,CNY
7.47,7.47,7.19,7.26,37838485.0,000978.SZ,2026-04-22,桂林旅游,,CNY
7.21,7.34,7.07,7.12,29682001.0,000978.SZ,2026-04-23,桂林旅游,,CNY
7.05,7.08,6.88,6.91,28245252.0,000978.SZ,2026-04-24,桂林旅游,,CNY
6.9,7.01,6.76,7.01,23812899.0,000978.SZ,2026-04-27,桂林旅游,,CNY
6.94,6.94,6.62,6.66,27568200.0,000978.SZ,2026-04-28,桂林旅游,,CNY
6.63,6.83,6.62,6.8,19084772.0,000978.SZ,2026-04-29,桂林旅游,,CNY
6.77,6.8,6.65,6.67,17563472.0,000978.SZ,2026-04-30,桂林旅游,,CNY
21.95,23.4,21.4,22.85,10731298.0,000985.SZ,2026-03-02,大庆华科,,CNY
22.6,25.0,22.13,24.7,15548295.0,000985.SZ,2026-03-03,大庆华科,,CNY
23.19,23.3,22.23,22.23,6180700.0,000985.SZ,2026-03-04,大庆华科,,CNY
22.06,22.38,20.26,21.15,10086753.0,000985.SZ,2026-03-05,大庆华科,,CNY
20.83,21.65,20.8,21.41,6175600.0,000985.SZ,2026-03-06,大庆华科,,CNY
22.28,22.6,21.22,21.33,7552665.0,000985.SZ,2026-03-09,大庆华科,,CNY
21.05,21.26,20.59,20.67,5912000.0,000985.SZ,2026-03-10,大庆华科,,CNY
20.67,20.89,20.2,20.46,4327590.0,000985.SZ,2026-03-11,大庆华科,,CNY
20.85,21.0,20.25,20.46,4621300.0,000985.SZ,2026-03-12,大庆华科,,CNY
20.5,21.03,20.39,20.4,3962900.0,000985.SZ,2026-03-13,大庆华科,,CNY
20.39,20.92,19.95,20.14,3248200.0,000985.SZ,2026-03-16,大庆华科,,CNY
20.12,20.36,19.95,20.13,3070200.0,000985.SZ,2026-03-17,大庆华科,,CNY
20.13,20.17,19.65,20.1,2628100.0,000985.SZ,2026-03-18,大庆华科,,CNY
20.45,21.19,19.98,20.05,5881900.0,000985.SZ,2026-03-19,大庆华科,,CNY
20.04,20.09,19.15,19.15,4597100.0,000985.SZ,2026-03-20,大庆华科,,CNY
18.89,19.16,18.11,18.3,3995600.0,000985.SZ,2026-03-23,大庆华科,,CNY
18.58,19.01,18.13,19.0,3090400.0,000985.SZ,2026-03-24,大庆华科,,CNY
18.98,19.6,18.77,19.42,2024088.0,000985.SZ,2026-03-25,大庆华科,,CNY
19.41,19.76,19.13,19.3,1854100.0,000985.SZ,2026-03-26,大庆华科,,CNY
19.3,19.87,19.15,19.85,2321800.0,000985.SZ,2026-03-27,大庆华科,,CNY
19.86,20.09,19.51,19.75,1672300.0,000985.SZ,2026-03-30,大庆华科,,CNY
19.73,20.03,19.41,19.41,1471600.0,000985.SZ,2026-03-31,大庆华科,,CNY
19.71,19.79,19.25,19.53,2018147.0,000985.SZ,2026-04-01,大庆华科,,CNY
19.53,19.75,19.15,19.36,1812088.0,000985.SZ,2026-04-02,大庆华科,,CNY
19.43,19.5,18.33,18.41,2027900.0,000985.SZ,2026-04-03,大庆华科,,CNY
18.4,19.17,18.08,19.1,1938700.0,000985.SZ,2026-04-07,大庆华科,,CNY
19.07,19.42,18.96,19.39,2273400.0,000985.SZ,2026-04-08,大庆华科,,CNY
19.29,19.55,19.04,19.12,1456698.0,000985.SZ,2026-04-09,大庆华科,,CNY
19.13,19.52,19.1,19.31,1113700.0,000985.SZ,2026-04-10,大庆华科,,CNY
19.66,19.66,18.83,19.1,1669200.0,000985.SZ,2026-04-13,大庆华科,,CNY
19.15,19.15,18.59,18.86,1853900.0,000985.SZ,2026-04-14,大庆华科,,CNY
18.87,18.96,18.58,18.61,1379300.0,000985.SZ,2026-04-15,大庆华科,,CNY
18.63,18.96,18.45,18.85,1097100.0,000985.SZ,2026-04-16,大庆华科,,CNY
18.96,19.0,18.59,18.9,1164600.0,000985.SZ,2026-04-17,大庆华科,,CNY
19.09,19.3,18.81,19.2,1683700.0,000985.SZ,2026-04-20,大庆华科,,CNY
19.17,19.35,19.05,19.25,1363200.0,000985.SZ,2026-04-21,大庆华科,,CNY
19.23,19.28,18.95,18.95,1114000.0,000985.SZ,2026-04-22,大庆华科,,CNY
18.97,19.13,18.71,18.88,1222800.0,000985.SZ,2026-04-23,大庆华科,,CNY
18.95,19.18,18.75,19.09,1381900.0,000985.SZ,2026-04-24,大庆华科,,CNY
19.08,19.75,18.93,19.71,2109901.0,000985.SZ,2026-04-27,大庆华科,,CNY
19.8,20.08,19.69,19.98,1834588.0,000985.SZ,2026-04-28,大庆华科,,CNY
20.1,20.4,19.81,20.29,1819100.0,000985.SZ,2026-04-29,大庆华科,,CNY
20.48,20.55,20.1,20.23,1331000.0,000985.SZ,2026-04-30,大庆华科,,CNY
9.05,9.13,8.8,8.94,38592566.0,000990.SZ,2026-03-02,诚志股份,,CNY
9.0,9.17,8.8,8.92,46726621.0,000990.SZ,2026-03-03,诚志股份,,CNY
8.81,8.86,8.57,8.6,37507955.0,000990.SZ,2026-03-04,诚志股份,,CNY
8.73,8.74,8.55,8.66,25344400.0,000990.SZ,2026-03-05,诚志股份,,CNY
8.65,9.04,8.58,8.93,31021790.0,000990.SZ,2026-03-06,诚志股份,,CNY
9.45,9.65,8.96,8.97,61833373.0,000990.SZ,2026-03-09,诚志股份,,CNY
8.82,8.89,8.68,8.7,40861903.0,000990.SZ,2026-03-10,诚志股份,,CNY
8.7,8.91,8.58,8.89,31568619.0,000990.SZ,2026-03-11,诚志股份,,CNY
9.5,9.78,9.28,9.78,84851919.0,000990.SZ,2026-03-12,诚志股份,,CNY
10.0,10.58,9.92,10.06,155606076.0,000990.SZ,2026-03-13,诚志股份,,CNY
10.19,10.54,9.8,9.93,97721827.0,000990.SZ,2026-03-16,诚志股份,,CNY
9.88,10.1,9.7,9.81,71318392.0,000990.SZ,2026-03-17,诚志股份,,CNY
10.48,10.79,10.25,10.79,71427708.0,000990.SZ,2026-03-18,诚志股份,,CNY
11.22,11.28,9.81,9.9,171860203.0,000990.SZ,2026-03-19,诚志股份,,CNY
9.71,9.96,9.29,9.3,111336643.0,000990.SZ,2026-03-20,诚志股份,,CNY
9.1,10.23,8.99,9.77,134194376.0,000990.SZ,2026-03-23,诚志股份,,CNY
9.6,9.69,9.28,9.54,76215333.0,000990.SZ,2026-03-24,诚志股份,,CNY
9.32,9.56,9.2,9.47,76866785.0,000990.SZ,2026-03-25,诚志股份,,CNY
9.45,10.16,9.36,10.02,111246449.0,000990.SZ,2026-03-26,诚志股份,,CNY
9.92,10.76,9.87,10.41,107198571.0,000990.SZ,2026-03-27,诚志股份,,CNY
10.5,10.92,10.33,10.38,95922361.0,000990.SZ,2026-03-30,诚志股份,,CNY
10.33,10.46,9.78,9.8,69675591.0,000990.SZ,2026-03-31,诚志股份,,CNY
9.84,10.13,9.7,9.83,51845000.0,000990.SZ,2026-04-01,诚志股份,,CNY
9.67,9.89,9.48,9.63,49420653.0,000990.SZ,2026-04-02,诚志股份,,CNY
9.6,9.63,9.02,9.31,46613539.0,000990.SZ,2026-04-03,诚志股份,,CNY
9.38,10.24,9.34,10.24,39954902.0,000990.SZ,2026-04-07,诚志股份,,CNY
9.6,10.13,9.6,10.04,87174696.0,000990.SZ,2026-04-08,诚志股份,,CNY
10.18,11.04,10.06,11.04,132606296.0,000990.SZ,2026-04-09,诚志股份,,CNY
10.98,10.99,10.68,10.84,110293043.0,000990.SZ,2026-04-10,诚志股份,,CNY
11.04,11.07,10.58,10.77,62453206.0,000990.SZ,2026-04-13,诚志股份,,CNY
10.6,10.79,10.37,10.77,56458564.0,000990.SZ,2026-04-14,诚志股份,,CNY
10.75,10.75,10.11,10.6,79354696.0,000990.SZ,2026-04-15,诚志股份,,CNY
10.66,10.7,10.3,10.58,63538618.0,000990.SZ,2026-04-16,诚志股份,,CNY
10.54,10.84,10.5,10.67,61216100.0,000990.SZ,2026-04-17,诚志股份,,CNY
10.59,11.12,10.42,11.12,78029060.0,000990.SZ,2026-04-20,诚志股份,,CNY
10.99,10.99,10.7,10.85,53280763.0,000990.SZ,2026-04-21,诚志股份,,CNY
10.84,11.94,10.8,11.94,144747741.0,000990.SZ,2026-04-22,诚志股份,,CNY
12.13,12.78,11.85,12.4,153036996.0,000990.SZ,2026-04-23,诚志股份,,CNY
12.34,12.55,11.95,12.09,89571611.0,000990.SZ,2026-04-24,诚志股份,,CNY
12.0,12.84,11.77,12.53,98344115.0,000990.SZ,2026-04-27,诚志股份,,CNY
12.3,13.18,12.1,13.17,95219533.0,000990.SZ,2026-04-28,诚志股份,,CNY
12.8,13.42,12.7,12.94,80462535.0,000990.SZ,2026-04-29,诚志股份,,CNY
12.97,13.07,12.46,12.6,63998355.0,000990.SZ,2026-04-30,诚志股份,,CNY
18.1,18.26,17.75,17.98,4466120.0,001202.SZ,2026-03-02,炬申股份,,CNY
18.02,18.19,17.53,17.53,3607510.0,001202.SZ,2026-03-03,炬申股份,,CNY
17.38,17.63,17.2,17.47,3254250.0,001202.SZ,2026-03-04,炬申股份,,CNY
17.7,17.9,17.57,17.61,2947150.0,001202.SZ,2026-03-05,炬申股份,,CNY
17.6,18.05,17.46,18.03,2494106.0,001202.SZ,2026-03-06,炬申股份,,CNY
17.79,17.89,17.51,17.78,2871900.0,001202.SZ,2026-03-09,炬申股份,,CNY
17.99,18.26,17.81,18.24,2772799.0,001202.SZ,2026-03-10,炬申股份,,CNY
18.28,18.33,18.11,18.16,1760480.0,001202.SZ,2026-03-11,炬申股份,,CNY
18.17,18.22,17.73,17.86,2171500.0,001202.SZ,2026-03-12,炬申股份,,CNY
17.8,17.99,17.65,17.73,1986470.0,001202.SZ,2026-03-13,炬申股份,,CNY
17.75,17.82,17.38,17.6,1975940.0,001202.SZ,2026-03-16,炬申股份,,CNY
17.63,17.7,17.18,17.18,1715000.0,001202.SZ,2026-03-17,炬申股份,,CNY
17.38,17.54,17.12,17.48,1868824.0,001202.SZ,2026-03-18,炬申股份,,CNY
17.48,17.48,16.98,17.09,1971460.0,001202.SZ,2026-03-19,炬申股份,,CNY
17.11,17.24,16.56,16.59,2469954.0,001202.SZ,2026-03-20,炬申股份,,CNY
16.3,16.41,15.61,15.7,3500804.0,001202.SZ,2026-03-23,炬申股份,,CNY
16.14,16.54,15.94,16.51,2829287.0,001202.SZ,2026-03-24,炬申股份,,CNY
16.65,16.9,16.51,16.84,1941642.0,001202.SZ,2026-03-25,炬申股份,,CNY
16.85,17.04,16.56,16.6,1520427.0,001202.SZ,2026-03-26,炬申股份,,CNY
16.5,17.23,16.42,17.06,2352733.0,001202.SZ,2026-03-27,炬申股份,,CNY
16.88,17.18,16.78,17.08,1876516.0,001202.SZ,2026-03-30,炬申股份,,CNY
17.14,17.94,16.74,16.77,2171560.0,001202.SZ,2026-03-31,炬申股份,,CNY
17.12,17.12,16.76,16.99,1497420.0,001202.SZ,2026-04-01,炬申股份,,CNY
17.46,17.46,16.7,16.8,1456530.0,001202.SZ,2026-04-02,炬申股份,,CNY
16.99,16.99,16.36,16.39,1485550.0,001202.SZ,2026-04-03,炬申股份,,CNY
16.84,16.88,16.42,16.65,1402760.0,001202.SZ,2026-04-07,炬申股份,,CNY
16.87,17.09,16.85,17.09,1444950.0,001202.SZ,2026-04-08,炬申股份,,CNY
17.07,17.09,16.7,16.79,1304500.0,001202.SZ,2026-04-09,炬申股份,,CNY
16.9,17.19,16.84,17.05,1365460.0,001202.SZ,2026-04-10,炬申股份,,CNY
17.03,17.07,16.81,17.0,1342070.0,001202.SZ,2026-04-13,炬申股份,,CNY
17.15,17.15,16.8,17.01,1572250.0,001202.SZ,2026-04-14,炬申股份,,CNY
17.11,17.14,16.94,16.94,1027230.0,001202.SZ,2026-04-15,炬申股份,,CNY
16.96,17.15,16.81,17.11,1058710.0,001202.SZ,2026-04-16,炬申股份,,CNY
17.09,17.13,16.81,16.96,1528700.0,001202.SZ,2026-04-17,炬申股份,,CNY
16.96,17.08,16.86,17.0,1333290.0,001202.SZ,2026-04-20,炬申股份,,CNY
17.0,17.05,16.86,16.95,1172360.0,001202.SZ,2026-04-21,炬申股份,,CNY
16.94,17.04,16.84,16.99,1150900.0,001202.SZ,2026-04-22,炬申股份,,CNY
17.1,17.1,16.5,16.5,1699850.0,001202.SZ,2026-04-23,炬申股份,,CNY
16.5,16.71,16.38,16.58,1148640.0,001202.SZ,2026-04-24,炬申股份,,CNY
16.6,16.95,16.31,16.94,1700130.0,001202.SZ,2026-04-27,炬申股份,,CNY
16.94,16.99,16.63,16.74,1801830.0,001202.SZ,2026-04-28,炬申股份,,CNY
16.75,17.06,16.75,16.96,1837760.0,001202.SZ,2026-04-29,炬申股份,,CNY
16.95,17.15,16.92,16.97,2150830.0,001202.SZ,2026-04-30,炬申股份,,CNY
53.8,56.96,50.54,56.57,62681156.0,000603.SZ,2026-03-02,盛达资源,,CNY
53.61,54.72,50.91,50.91,44288767.0,000603.SZ,2026-03-03,盛达资源,,CNY
47.15,50.22,47.13,49.0,34210113.0,000603.SZ,2026-03-04,盛达资源,,CNY
49.55,49.9,47.22,47.94,26779870.0,000603.SZ,2026-03-05,盛达资源,,CNY
46.86,48.98,46.56,47.66,21164724.0,000603.SZ,2026-03-06,盛达资源,,CNY
47.66,47.66,44.58,46.83,32602572.0,000603.SZ,2026-03-09,盛达资源,,CNY
48.3,49.17,47.91,48.2,19625162.0,000603.SZ,2026-03-10,盛达资源,,CNY
48.59,48.66,46.6,46.76,17469493.0,000603.SZ,2026-03-11,盛达资源,,CNY
46.5,46.65,44.9,45.61,18660763.0,000603.SZ,2026-03-12,盛达资源,,CNY
45.22,46.8,44.25,44.3,19150213.0,000603.SZ,2026-03-13,盛达资源,,CNY
43.02,44.5,41.38,42.62,26283058.0,000603.SZ,2026-03-16,盛达资源,,CNY
42.92,43.91,42.54,42.65,16730595.0,000603.SZ,2026-03-17,盛达资源,,CNY
42.65,43.68,42.01,43.03,18505492.0,000603.SZ,2026-03-18,盛达资源,,CNY
41.4,42.18,39.45,39.63,30422495.0,000603.SZ,2026-03-19,盛达资源,,CNY
40.42,41.3,38.9,38.99,32029094.0,000603.SZ,2026-03-20,盛达资源,,CNY
38.29,38.59,35.09,35.09,39000674.0,000603.SZ,2026-03-23,盛达资源,,CNY
36.39,36.78,35.09,36.68,34804014.0,000603.SZ,2026-03-24,盛达资源,,CNY
38.63,39.65,38.12,38.46,35975754.0,000603.SZ,2026-03-25,盛达资源,,CNY
38.46,38.75,37.5,37.92,17928168.0,000603.SZ,2026-03-26,盛达资源,,CNY
37.26,38.85,36.78,38.48,17639201.0,000603.SZ,2026-03-27,盛达资源,,CNY
38.24,38.98,37.49,38.8,17807100.0,000603.SZ,2026-03-30,盛达资源,,CNY
39.28,40.6,38.76,38.8,23487473.0,000603.SZ,2026-03-31,盛达资源,,CNY
40.2,40.75,39.35,39.95,21486741.0,000603.SZ,2026-04-01,盛达资源,,CNY
39.5,39.53,38.12,38.65,22177919.0,000603.SZ,2026-04-02,盛达资源,,CNY
39.05,39.3,37.87,38.62,11845175.0,000603.SZ,2026-04-03,盛达资源,,CNY
38.62,39.45,38.48,39.04,13354657.0,000603.SZ,2026-04-07,盛达资源,,CNY
41.31,42.49,41.11,42.08,29620386.0,000603.SZ,2026-04-08,盛达资源,,CNY
40.31,41.43,40.12,41.1,18219431.0,000603.SZ,2026-04-09,盛达资源,,CNY
41.4,41.7,40.47,40.51,15104537.0,000603.SZ,2026-04-10,盛达资源,,CNY
40.13,41.12,39.93,40.84,13581268.0,000603.SZ,2026-04-13,盛达资源,,CNY
41.25,41.79,40.52,41.13,15218817.0,000603.SZ,2026-04-14,盛达资源,,CNY
42.27,42.48,40.01,40.14,24818935.0,000603.SZ,2026-04-15,盛达资源,,CNY
40.6,41.59,40.12,41.17,18521667.0,000603.SZ,2026-04-16,盛达资源,,CNY
40.71,41.6,40.54,41.04,16051942.0,000603.SZ,2026-04-17,盛达资源,,CNY
41.3,42.29,40.93,41.19,21626768.0,000603.SZ,2026-04-20,盛达资源,,CNY
41.0,41.39,40.1,41.07,13581501.0,000603.SZ,2026-04-21,盛达资源,,CNY
40.69,41.45,39.72,41.19,16620899.0,000603.SZ,2026-04-22,盛达资源,,CNY
41.35,41.53,37.9,38.43,35251185.0,000603.SZ,2026-04-23,盛达资源,,CNY
37.84,38.39,36.8,37.71,20396677.0,000603.SZ,2026-04-24,盛达资源,,CNY
37.39,38.28,37.11,37.76,14944343.0,000603.SZ,2026-04-27,盛达资源,,CNY
37.55,37.68,36.45,36.7,14732119.0,000603.SZ,2026-04-28,盛达资源,,CNY
35.9,37.55,35.5,37.5,16954290.0,000603.SZ,2026-04-29,盛达资源,,CNY
37.09,37.6,36.17,36.48,20411292.0,000603.SZ,2026-04-30,盛达资源,,CNY
7.32,7.35,7.11,7.17,7201428.0,000605.SZ,2026-03-02,渤海股份,,CNY
7.2,7.34,7.11,7.16,7420531.0,000605.SZ,2026-03-03,渤海股份,,CNY
7.12,7.16,7.0,7.04,6741260.0,000605.SZ,2026-03-04,渤海股份,,CNY
7.23,7.26,7.11,7.19,5892454.0,000605.SZ,2026-03-05,渤海股份,,CNY
7.15,7.39,7.11,7.38,7425620.0,000605.SZ,2026-03-06,渤海股份,,CNY
7.28,7.44,7.26,7.35,7011861.0,000605.SZ,2026-03-09,渤海股份,,CNY
7.39,7.45,7.29,7.44,6868740.0,000605.SZ,2026-03-10,渤海股份,,CNY
7.44,7.46,7.36,7.4,4401942.0,000605.SZ,2026-03-11,渤海股份,,CNY
7.4,7.43,7.27,7.29,5299980.0,000605.SZ,2026-03-12,渤海股份,,CNY
7.29,7.42,7.25,7.33,5314860.0,000605.SZ,2026-03-13,渤海股份,,CNY
7.33,7.41,7.24,7.28,5370500.0,000605.SZ,2026-03-16,渤海股份,,CNY
7.32,7.37,7.16,7.18,5457180.0,000605.SZ,2026-03-17,渤海股份,,CNY
7.22,7.35,7.15,7.35,5556260.0,000605.SZ,2026-03-18,渤海股份,,CNY
7.3,7.34,7.08,7.12,5280120.0,000605.SZ,2026-03-19,渤海股份,,CNY
7.14,7.19,6.81,6.9,7918330.0,000605.SZ,2026-03-20,渤海股份,,CNY
6.78,6.79,6.37,6.45,10089066.0,000605.SZ,2026-03-23,渤海股份,,CNY
6.63,6.91,6.53,6.9,10736755.0,000605.SZ,2026-03-24,渤海股份,,CNY
6.97,7.21,6.9,7.13,11699220.0,000605.SZ,2026-03-25,渤海股份,,CNY
7.15,7.19,6.93,6.99,6171600.0,000605.SZ,2026-03-26,渤海股份,,CNY
6.93,7.12,6.91,7.07,5631160.0,000605.SZ,2026-03-27,渤海股份,,CNY
7.03,7.08,6.85,7.05,5471340.0,000605.SZ,2026-03-30,渤海股份,,CNY
7.07,7.13,6.9,6.93,5221600.0,000605.SZ,2026-03-31,渤海股份,,CNY
7.0,7.09,6.82,6.89,5831700.0,000605.SZ,2026-04-01,渤海股份,,CNY
6.92,6.97,6.67,6.77,6482573.0,000605.SZ,2026-04-02,渤海股份,,CNY
6.78,6.79,6.4,6.42,8292091.0,000605.SZ,2026-04-03,渤海股份,,CNY
6.43,6.73,6.37,6.72,7343360.0,000605.SZ,2026-04-07,渤海股份,,CNY
7.01,7.01,6.72,6.9,7064480.0,000605.SZ,2026-04-08,渤海股份,,CNY
6.93,6.93,6.67,6.7,5185540.0,000605.SZ,2026-04-09,渤海股份,,CNY
6.74,6.9,6.74,6.83,5656880.0,000605.SZ,2026-04-10,渤海股份,,CNY
6.81,6.83,6.69,6.8,4553440.0,000605.SZ,2026-04-13,渤海股份,,CNY
6.88,6.9,6.64,6.74,4754100.0,000605.SZ,2026-04-14,渤海股份,,CNY
6.78,6.78,6.64,6.66,4969780.0,000605.SZ,2026-04-15,渤海股份,,CNY
6.67,6.88,6.59,6.83,5485580.0,000605.SZ,2026-04-16,渤海股份,,CNY
6.82,6.87,6.67,6.71,5078500.0,000605.SZ,2026-04-17,渤海股份,,CNY
6.7,6.77,6.66,6.75,4609000.0,000605.SZ,2026-04-20,渤海股份,,CNY
6.77,6.77,6.67,6.74,3441200.0,000605.SZ,2026-04-21,渤海股份,,CNY
6.72,6.78,6.66,6.67,4100140.0,000605.SZ,2026-04-22,渤海股份,,CNY
6.71,6.71,6.54,6.64,4360320.0,000605.SZ,2026-04-23,渤海股份,,CNY
6.64,6.8,6.57,6.76,5375640.0,000605.SZ,2026-04-24,渤海股份,,CNY
6.8,6.88,6.6,6.85,5801598.0,000605.SZ,2026-04-27,渤海股份,,CNY
6.85,6.98,6.8,6.93,5649657.0,000605.SZ,2026-04-28,渤海股份,,CNY
6.97,7.19,6.88,7.13,9140280.0,000605.SZ,2026-04-29,渤海股份,,CNY
7.13,7.25,7.11,7.2,6952858.0,000605.SZ,2026-04-30,渤海股份,,CNY
14.88,15.24,14.4,15.14,76466561.0,000612.SZ,2026-03-02,焦作万方,,CNY
14.92,15.24,14.47,14.51,74236504.0,000612.SZ,2026-03-03,焦作万方,,CNY
14.58,15.43,14.54,15.0,84728938.0,000612.SZ,2026-03-04,焦作万方,,CNY
15.36,15.49,14.94,15.11,76860170.0,000612.SZ,2026-03-05,焦作万方,,CNY
14.9,14.95,14.21,14.56,56659121.0,000612.SZ,2026-03-06,焦作万方,,CNY
14.96,15.11,14.3,14.54,61212213.0,000612.SZ,2026-03-09,焦作万方,,CNY
14.33,14.49,14.09,14.35,49485974.0,000612.SZ,2026-03-10,焦作万方,,CNY
14.41,14.69,14.37,14.47,45429421.0,000612.SZ,2026-03-11,焦作万方,,CNY
14.62,15.05,14.36,14.58,66175104.0,000612.SZ,2026-03-12,焦作万方,,CNY
14.5,14.81,13.89,13.94,60181370.0,000612.SZ,2026-03-13,焦作万方,,CNY
14.02,14.45,13.26,13.52,61876349.0,000612.SZ,2026-03-16,焦作万方,,CNY
13.79,14.11,13.0,13.08,51912681.0,000612.SZ,2026-03-17,焦作万方,,CNY
13.08,13.14,12.48,12.7,51047296.0,000612.SZ,2026-03-18,焦作万方,,CNY
12.55,12.59,11.73,11.84,55956806.0,000612.SZ,2026-03-19,焦作万方,,CNY
11.79,11.93,11.51,11.53,37639942.0,000612.SZ,2026-03-20,焦作万方,,CNY
11.3,11.44,10.63,10.78,61042658.0,000612.SZ,2026-03-23,焦作万方,,CNY
11.06,11.29,10.73,11.28,44789395.0,000612.SZ,2026-03-24,焦作万方,,CNY
11.58,11.75,11.38,11.46,44813456.0,000612.SZ,2026-03-25,焦作万方,,CNY
11.39,11.51,11.1,11.24,27436434.0,000612.SZ,2026-03-26,焦作万方,,CNY
11.08,11.77,11.02,11.69,39209368.0,000612.SZ,2026-03-27,焦作万方,,CNY
12.22,12.45,11.93,12.32,78887777.0,000612.SZ,2026-03-30,焦作万方,,CNY
12.27,12.41,11.79,11.89,48257066.0,000612.SZ,2026-03-31,焦作万方,,CNY
12.05,12.12,11.83,11.96,31636308.0,000612.SZ,2026-04-01,焦作万方,,CNY
12.13,12.19,11.68,11.82,32637081.0,000612.SZ,2026-04-02,焦作万方,,CNY
11.83,11.89,11.24,11.38,33269915.0,000612.SZ,2026-04-03,焦作万方,,CNY
11.4,11.56,11.27,11.53,30082676.0,000612.SZ,2026-04-07,焦作万方,,CNY
11.85,12.19,11.78,12.18,44753150.0,000612.SZ,2026-04-08,焦作万方,,CNY
12.0,12.6,11.96,12.52,52618499.0,000612.SZ,2026-04-09,焦作万方,,CNY
12.45,12.58,12.23,12.28,40168185.0,000612.SZ,2026-04-10,焦作万方,,CNY
13.35,13.51,13.25,13.51,86138964.0,000612.SZ,2026-04-13,焦作万方,,CNY
13.78,13.79,13.35,13.56,121102286.0,000612.SZ,2026-04-14,焦作万方,,CNY
13.56,13.71,13.15,13.16,57775406.0,000612.SZ,2026-04-15,焦作万方,,CNY
13.37,13.77,13.32,13.73,68870957.0,000612.SZ,2026-04-16,焦作万方,,CNY
13.62,13.9,13.6,13.8,47016898.0,000612.SZ,2026-04-17,焦作万方,,CNY
13.65,13.69,13.4,13.48,46037757.0,000612.SZ,2026-04-20,焦作万方,,CNY
13.5,13.56,13.3,13.39,28935003.0,000612.SZ,2026-04-21,焦作万方,,CNY
13.35,13.63,13.34,13.49,38964546.0,000612.SZ,2026-04-22,焦作万方,,CNY
13.5,13.57,13.01,13.13,42805638.0,000612.SZ,2026-04-23,焦作万方,,CNY
13.19,13.29,12.9,13.19,37280757.0,000612.SZ,2026-04-24,焦作万方,,CNY
13.15,13.26,13.05,13.17,25142035.0,000612.SZ,2026-04-27,焦作万方,,CNY
13.2,13.2,12.82,12.88,37544699.0,000612.SZ,2026-04-28,焦作万方,,CNY
12.88,13.43,12.8,13.42,51173567.0,000612.SZ,2026-04-29,焦作万方,,CNY
13.3,13.65,13.13,13.29,41125591.0,000612.SZ,2026-04-30,焦作万方,,CNY
6.44,6.52,6.22,6.28,11064900.0,000619.SZ,2026-03-02,海螺新材,,CNY
6.32,6.39,6.19,6.19,9915000.0,000619.SZ,2026-03-03,海螺新材,,CNY
6.15,6.26,6.11,6.16,7916000.0,000619.SZ,2026-03-04,海螺新材,,CNY
6.26,6.35,6.21,6.25,7243400.0,000619.SZ,2026-03-05,海螺新材,,CNY
6.23,6.49,6.2,6.48,12294200.0,000619.SZ,2026-03-06,海螺新材,,CNY
6.48,6.52,6.34,6.39,8295101.0,000619.SZ,2026-03-09,海螺新材,,CNY
6.45,6.54,6.4,6.54,6992300.0,000619.SZ,2026-03-10,海螺新材,,CNY
6.57,6.57,6.43,6.45,7222890.0,000619.SZ,2026-03-11,海螺新材,,CNY
6.48,6.49,6.32,6.35,7288200.0,000619.SZ,2026-03-12,海螺新材,,CNY
6.35,6.5,6.33,6.37,8128800.0,000619.SZ,2026-03-13,海螺新材,,CNY
6.37,6.47,6.3,6.35,8113400.0,000619.SZ,2026-03-16,海螺新材,,CNY
6.37,6.43,6.25,6.26,7086411.0,000619.SZ,2026-03-17,海螺新材,,CNY
6.26,6.33,6.2,6.32,5858810.0,000619.SZ,2026-03-18,海螺新材,,CNY
6.28,6.32,6.06,6.11,7508102.0,000619.SZ,2026-03-19,海螺新材,,CNY
6.11,6.18,5.86,5.87,9815700.0,000619.SZ,2026-03-20,海螺新材,,CNY
5.8,5.82,5.4,5.44,12735208.0,000619.SZ,2026-03-23,海螺新材,,CNY
5.7,5.8,5.49,5.79,13029993.0,000619.SZ,2026-03-24,海螺新材,,CNY
5.8,5.95,5.78,5.93,6815004.0,000619.SZ,2026-03-25,海螺新材,,CNY
5.89,6.02,5.82,5.86,5529000.0,000619.SZ,2026-03-26,海螺新材,,CNY
5.79,5.99,5.79,5.97,6239306.0,000619.SZ,2026-03-27,海螺新材,,CNY
5.73,6.05,5.73,6.03,15154210.0,000619.SZ,2026-03-30,海螺新材,,CNY
6.04,6.25,5.95,5.96,10988779.0,000619.SZ,2026-03-31,海螺新材,,CNY
6.1,6.15,5.9,5.95,8383701.0,000619.SZ,2026-04-01,海螺新材,,CNY
6.0,6.02,5.79,5.89,7936324.0,000619.SZ,2026-04-02,海螺新材,,CNY
5.89,5.89,5.5,5.52,11675538.0,000619.SZ,2026-04-03,海螺新材,,CNY
5.54,5.78,5.42,5.76,11989300.0,000619.SZ,2026-04-07,海螺新材,,CNY
5.88,5.92,5.81,5.88,9726200.0,000619.SZ,2026-04-08,海螺新材,,CNY
5.89,5.9,5.74,5.77,8089100.0,000619.SZ,2026-04-09,海螺新材,,CNY
5.79,5.93,5.79,5.88,7931500.0,000619.SZ,2026-04-10,海螺新材,,CNY
5.9,5.9,5.76,5.9,7539390.0,000619.SZ,2026-04-13,海螺新材,,CNY
6.0,6.0,5.75,5.84,8721284.0,000619.SZ,2026-04-14,海螺新材,,CNY
5.86,5.87,5.71,5.71,7060900.0,000619.SZ,2026-04-15,海螺新材,,CNY
5.76,5.89,5.68,5.88,8153794.0,000619.SZ,2026-04-16,海螺新材,,CNY
5.85,5.9,5.8,5.81,8399100.0,000619.SZ,2026-04-17,海螺新材,,CNY
5.83,5.88,5.79,5.86,5798800.0,000619.SZ,2026-04-20,海螺新材,,CNY
5.89,5.9,5.8,5.86,5724610.0,000619.SZ,2026-04-21,海螺新材,,CNY
5.85,5.93,5.79,5.9,6290100.0,000619.SZ,2026-04-22,海螺新材,,CNY
5.94,5.96,5.83,5.88,5892600.0,000619.SZ,2026-04-23,海螺新材,,CNY
5.89,5.98,5.81,5.95,7201090.0,000619.SZ,2026-04-24,海螺新材,,CNY
5.9,6.05,5.74,6.02,10606834.0,000619.SZ,2026-04-27,海螺新材,,CNY
6.02,6.06,5.95,6.01,7536007.0,000619.SZ,2026-04-28,海螺新材,,CNY
6.03,6.18,5.96,6.13,9036877.0,000619.SZ,2026-04-29,海螺新材,,CNY
6.08,6.24,6.08,6.18,7515857.0,000619.SZ,2026-04-30,海螺新材,,CNY
8.0,8.16,7.66,7.9,22862401.0,000633.SZ,2026-03-02,合金投资,,CNY
7.91,7.95,7.42,7.45,18035020.0,000633.SZ,2026-03-03,合金投资,,CNY
7.37,7.59,7.3,7.49,10277120.0,000633.SZ,2026-03-04,合金投资,,CNY
7.66,7.72,7.52,7.58,10710402.0,000633.SZ,2026-03-05,合金投资,,CNY
7.55,7.72,7.48,7.7,7888700.0,000633.SZ,2026-03-06,合金投资,,CNY
7.58,7.7,7.44,7.54,12048000.0,000633.SZ,2026-03-09,合金投资,,CNY
7.58,7.68,7.55,7.6,8439535.0,000633.SZ,2026-03-10,合金投资,,CNY
7.6,7.69,7.44,7.46,14525100.0,000633.SZ,2026-03-11,合金投资,,CNY
7.45,7.48,7.33,7.37,9002431.0,000633.SZ,2026-03-12,合金投资,,CNY
7.35,7.44,7.23,7.26,8186400.0,000633.SZ,2026-03-13,合金投资,,CNY
7.26,7.37,7.12,7.34,11322320.0,000633.SZ,2026-03-16,合金投资,,CNY
7.32,7.4,7.1,7.13,7882500.0,000633.SZ,2026-03-17,合金投资,,CNY
7.18,7.18,7.04,7.15,5850300.0,000633.SZ,2026-03-18,合金投资,,CNY
7.11,7.14,6.85,6.87,9929600.0,000633.SZ,2026-03-19,合金投资,,CNY
6.96,6.99,6.62,6.63,12318101.0,000633.SZ,2026-03-20,合金投资,,CNY
6.55,6.55,6.06,6.16,17017010.0,000633.SZ,2026-03-23,合金投资,,CNY
6.32,6.49,6.18,6.49,12988300.0,000633.SZ,2026-03-24,合金投资,,CNY
6.59,6.65,6.51,6.61,9761887.0,000633.SZ,2026-03-25,合金投资,,CNY
6.61,6.67,6.42,6.47,8082300.0,000633.SZ,2026-03-26,合金投资,,CNY
6.4,6.72,6.36,6.72,10441242.0,000633.SZ,2026-03-27,合金投资,,CNY
6.68,6.84,6.6,6.81,13255000.0,000633.SZ,2026-03-30,合金投资,,CNY
6.81,6.93,6.67,6.69,9959200.0,000633.SZ,2026-03-31,合金投资,,CNY
6.85,6.88,6.67,6.74,7897300.0,000633.SZ,2026-04-01,合金投资,,CNY
6.74,6.77,6.52,6.61,9363676.0,000633.SZ,2026-04-02,合金投资,,CNY
6.65,6.69,6.33,6.41,7385200.0,000633.SZ,2026-04-03,合金投资,,CNY
6.46,6.62,6.4,6.58,9611939.0,000633.SZ,2026-04-07,合金投资,,CNY
6.69,7.16,6.68,6.97,17139302.0,000633.SZ,2026-04-08,合金投资,,CNY
6.95,7.07,6.81,6.86,9735600.0,000633.SZ,2026-04-09,合金投资,,CNY
6.93,7.01,6.85,6.91,7047781.0,000633.SZ,2026-04-10,合金投资,,CNY
6.91,6.96,6.79,6.91,6681300.0,000633.SZ,2026-04-13,合金投资,,CNY
6.98,7.03,6.74,6.84,7389900.0,000633.SZ,2026-04-14,合金投资,,CNY
6.9,6.91,6.66,6.7,8528400.0,000633.SZ,2026-04-15,合金投资,,CNY
6.69,6.84,6.65,6.81,7188500.0,000633.SZ,2026-04-16,合金投资,,CNY
6.8,6.86,6.71,6.78,7935001.0,000633.SZ,2026-04-17,合金投资,,CNY
6.77,6.9,6.74,6.8,10609601.0,000633.SZ,2026-04-20,合金投资,,CNY
6.77,6.78,6.52,6.6,14419239.0,000633.SZ,2026-04-21,合金投资,,CNY
6.57,6.59,6.45,6.54,11025500.0,000633.SZ,2026-04-22,合金投资,,CNY
6.51,6.55,6.35,6.39,9351560.0,000633.SZ,2026-04-23,合金投资,,CNY
6.38,6.57,6.27,6.55,9506511.0,000633.SZ,2026-04-24,合金投资,,CNY
6.47,6.69,6.39,6.67,12197400.0,000633.SZ,2026-04-27,合金投资,,CNY
6.62,6.75,6.58,6.66,11264800.0,000633.SZ,2026-04-28,合金投资,,CNY
6.67,6.9,6.6,6.82,10606400.0,000633.SZ,2026-04-29,合金投资,,CNY
6.79,6.95,6.77,6.83,7587900.0,000633.SZ,2026-04-30,合金投资,,CNY
10.13,10.7,9.82,9.99,33606610.0,000635.SZ,2026-03-02,英力特化工,,CNY
10.18,10.18,8.99,8.99,32958200.0,000635.SZ,2026-03-03,英力特化工,,CNY
8.84,9.05,8.09,8.95,14520244.0,000635.SZ,2026-03-04,英力特化工,,CNY
9.14,9.17,8.8,8.99,11473082.0,000635.SZ,2026-03-05,英力特化工,,CNY
8.91,9.72,8.91,9.51,22967991.0,000635.SZ,2026-03-06,英力特化工,,CNY
9.7,9.99,9.33,9.37,20136437.0,000635.SZ,2026-03-09,英力特化工,,CNY
9.3,9.39,9.16,9.24,12230067.0,000635.SZ,2026-03-10,英力特化工,,CNY
9.26,9.38,9.05,9.33,12942979.0,000635.SZ,2026-03-11,英力特化工,,CNY
9.48,9.69,9.27,9.28,15121504.0,000635.SZ,2026-03-12,英力特化工,,CNY
9.26,9.49,9.21,9.23,11836200.0,000635.SZ,2026-03-13,英力特化工,,CNY
9.25,9.49,9.07,9.24,11099207.0,000635.SZ,2026-03-16,英力特化工,,CNY
9.26,9.36,9.06,9.07,9048366.0,000635.SZ,2026-03-17,英力特化工,,CNY
9.07,9.16,8.87,9.0,7374856.0,000635.SZ,2026-03-18,英力特化工,,CNY
8.98,9.0,8.67,8.71,7589130.0,000635.SZ,2026-03-19,英力特化工,,CNY
8.71,8.76,8.32,8.34,9127988.0,000635.SZ,2026-03-20,英力特化工,,CNY
8.19,8.41,7.84,7.87,12804971.0,000635.SZ,2026-03-23,英力特化工,,CNY
8.1,8.26,7.83,8.25,10291371.0,000635.SZ,2026-03-24,英力特化工,,CNY
8.24,8.64,8.2,8.53,8415440.0,000635.SZ,2026-03-25,英力特化工,,CNY
8.53,8.63,8.38,8.58,7914268.0,000635.SZ,2026-03-26,英力特化工,,CNY
8.47,9.05,8.46,8.95,12364168.0,000635.SZ,2026-03-27,英力特化工,,CNY
8.92,9.17,8.75,8.86,11620883.0,000635.SZ,2026-03-30,英力特化工,,CNY
8.8,8.88,8.54,8.55,8024656.0,000635.SZ,2026-03-31,英力特化工,,CNY
8.73,8.75,8.47,8.57,5036101.0,000635.SZ,2026-04-01,英力特化工,,CNY
8.55,8.59,8.35,8.45,4348300.0,000635.SZ,2026-04-02,英力特化工,,CNY
8.47,8.49,8.0,8.08,8013200.0,000635.SZ,2026-04-03,英力特化工,,CNY
8.2,8.39,8.08,8.32,7019900.0,000635.SZ,2026-04-07,英力特化工,,CNY
8.38,8.52,8.25,8.47,6519700.0,000635.SZ,2026-04-08,英力特化工,,CNY
8.47,8.51,8.22,8.28,10300933.0,000635.SZ,2026-04-09,英力特化工,,CNY
8.28,8.45,8.24,8.33,7340758.0,000635.SZ,2026-04-10,英力特化工,,CNY
8.36,8.39,8.0,8.27,4984307.0,000635.SZ,2026-04-13,英力特化工,,CNY
8.29,8.35,8.14,8.28,4930900.0,000635.SZ,2026-04-14,英力特化工,,CNY
8.33,8.36,8.01,8.05,7415500.0,000635.SZ,2026-04-15,英力特化工,,CNY
8.05,8.22,8.05,8.19,5671900.0,000635.SZ,2026-04-16,英力特化工,,CNY
8.18,8.3,8.07,8.12,4146000.0,000635.SZ,2026-04-17,英力特化工,,CNY
8.12,8.27,8.03,8.25,5079200.0,000635.SZ,2026-04-20,英力特化工,,CNY
8.1,8.15,7.9,8.05,7521613.0,000635.SZ,2026-04-21,英力特化工,,CNY
8.05,8.12,8.01,8.04,5643698.0,000635.SZ,2026-04-22,英力特化工,,CNY
8.08,8.1,7.85,7.9,7598024.0,000635.SZ,2026-04-23,英力特化工,,CNY
7.91,8.13,7.85,8.04,6705370.0,000635.SZ,2026-04-24,英力特化工,,CNY
7.99,8.17,7.85,8.13,7331800.0,000635.SZ,2026-04-27,英力特化工,,CNY
8.12,8.16,7.99,8.15,4903210.0,000635.SZ,2026-04-28,英力特化工,,CNY
8.14,8.31,8.04,8.25,7345936.0,000635.SZ,2026-04-29,英力特化工,,CNY
8.24,8.34,8.16,8.16,5065467.0,000635.SZ,2026-04-30,英力特化工,,CNY
5.96,5.98,5.88,5.92,20453802.0,000650.SZ,2026-03-02,仁和药业,,CNY
5.93,5.96,5.82,5.84,24674462.0,000650.SZ,2026-03-03,仁和药业,,CNY
5.79,5.84,5.71,5.72,20119500.0,000650.SZ,2026-03-04,仁和药业,,CNY
5.8,5.82,5.74,5.76,15225752.0,000650.SZ,2026-03-05,仁和药业,,CNY
5.75,5.92,5.73,5.91,21934366.0,000650.SZ,2026-03-06,仁和药业,,CNY
5.86,5.91,5.82,5.88,16188232.0,000650.SZ,2026-03-09,仁和药业,,CNY
5.9,5.93,5.88,5.91,13348137.0,000650.SZ,2026-03-10,仁和药业,,CNY
5.91,5.91,5.86,5.91,12980917.0,000650.SZ,2026-03-11,仁和药业,,CNY
5.9,5.93,5.87,5.91,15197164.0,000650.SZ,2026-03-12,仁和药业,,CNY
5.92,5.95,5.89,5.92,20033481.0,000650.SZ,2026-03-13,仁和药业,,CNY
5.92,5.94,5.87,5.93,14131856.0,000650.SZ,2026-03-16,仁和药业,,CNY
5.94,5.98,5.87,5.89,16212725.0,000650.SZ,2026-03-17,仁和药业,,CNY
5.89,5.91,5.82,5.89,15156325.0,000650.SZ,2026-03-18,仁和药业,,CNY
5.84,5.88,5.74,5.75,16778600.0,000650.SZ,2026-03-19,仁和药业,,CNY
5.76,5.8,5.66,5.66,17813651.0,000650.SZ,2026-03-20,仁和药业,,CNY
5.6,5.6,5.31,5.34,31717488.0,000650.SZ,2026-03-23,仁和药业,,CNY
5.44,5.5,5.36,5.49,16039418.0,000650.SZ,2026-03-24,仁和药业,,CNY
5.5,5.6,5.49,5.59,14796936.0,000650.SZ,2026-03-25,仁和药业,,CNY
5.58,5.66,5.55,5.57,13914300.0,000650.SZ,2026-03-26,仁和药业,,CNY
5.54,5.71,5.52,5.7,17368151.0,000650.SZ,2026-03-27,仁和药业,,CNY
5.65,5.77,5.64,5.74,16938719.0,000650.SZ,2026-03-30,仁和药业,,CNY
5.74,5.81,5.7,5.74,15627123.0,000650.SZ,2026-03-31,仁和药业,,CNY
5.79,5.87,5.74,5.86,20276200.0,000650.SZ,2026-04-01,仁和药业,,CNY
5.87,5.93,5.85,5.89,23662225.0,000650.SZ,2026-04-02,仁和药业,,CNY
5.86,5.93,5.82,5.83,25442726.0,000650.SZ,2026-04-03,仁和药业,,CNY
5.83,5.91,5.74,5.85,16358100.0,000650.SZ,2026-04-07,仁和药业,,CNY
5.9,5.95,5.87,5.92,22874625.0,000650.SZ,2026-04-08,仁和药业,,CNY
5.88,5.98,5.86,5.86,17626700.0,000650.SZ,2026-04-09,仁和药业,,CNY
5.86,5.94,5.84,5.86,15082000.0,000650.SZ,2026-04-10,仁和药业,,CNY
5.87,5.88,5.82,5.84,13166535.0,000650.SZ,2026-04-13,仁和药业,,CNY
5.86,5.87,5.74,5.83,17631926.0,000650.SZ,2026-04-14,仁和药业,,CNY
5.85,5.94,5.81,5.91,20857136.0,000650.SZ,2026-04-15,仁和药业,,CNY
5.92,5.92,5.86,5.89,11176657.0,000650.SZ,2026-04-16,仁和药业,,CNY
5.87,5.88,5.78,5.8,12526300.0,000650.SZ,2026-04-17,仁和药业,,CNY
5.78,5.81,5.76,5.77,10956050.0,000650.SZ,2026-04-20,仁和药业,,CNY
5.77,5.82,5.73,5.75,10498164.0,000650.SZ,2026-04-21,仁和药业,,CNY
5.73,5.76,5.71,5.74,8423350.0,000650.SZ,2026-04-22,仁和药业,,CNY
5.72,5.74,5.67,5.71,10944138.0,000650.SZ,2026-04-23,仁和药业,,CNY
5.66,5.69,5.5,5.55,24009984.0,000650.SZ,2026-04-24,仁和药业,,CNY
5.54,5.57,5.51,5.56,15456345.0,000650.SZ,2026-04-27,仁和药业,,CNY
5.66,5.78,5.62,5.72,29036359.0,000650.SZ,2026-04-28,仁和药业,,CNY
5.66,5.73,5.65,5.7,15322104.0,000650.SZ,2026-04-29,仁和药业,,CNY
5.7,5.74,5.68,5.69,10875758.0,000650.SZ,2026-04-30,仁和药业,,CNY
4.75,4.75,4.46,4.59,47946442.0,000659.SZ,2026-03-02,珠海中富,,CNY
4.6,4.6,4.3,4.39,42911768.0,000659.SZ,2026-03-03,珠海中富,,CNY
4.29,4.41,4.26,4.34,24818727.0,000659.SZ,2026-03-04,珠海中富,,CNY
4.39,4.45,4.3,4.32,27565400.0,000659.SZ,2026-03-05,珠海中富,,CNY
4.3,4.4,4.24,4.26,32723080.0,000659.SZ,2026-03-06,珠海中富,,CNY
4.22,4.22,3.87,4.01,64085461.0,000659.SZ,2026-03-09,珠海中富,,CNY
4.1,4.1,3.95,3.96,38947050.0,000659.SZ,2026-03-10,珠海中富,,CNY
3.97,4.03,3.87,4.0,38015422.0,000659.SZ,2026-03-11,珠海中富,,CNY
4.0,4.02,3.9,3.98,26149250.0,000659.SZ,2026-03-12,珠海中富,,CNY
3.94,3.97,3.86,3.88,27930905.0,000659.SZ,2026-03-13,珠海中富,,CNY
3.9,4.15,3.84,3.88,52413287.0,000659.SZ,2026-03-16,珠海中富,,CNY
3.88,3.94,3.72,3.72,32134300.0,000659.SZ,2026-03-17,珠海中富,,CNY
3.78,3.79,3.68,3.75,28961094.0,000659.SZ,2026-03-18,珠海中富,,CNY
3.72,3.73,3.6,3.63,27857161.0,000659.SZ,2026-03-19,珠海中富,,CNY
3.64,3.96,3.55,3.78,69124313.0,000659.SZ,2026-03-20,珠海中富,,CNY
3.71,3.9,3.63,3.69,45684500.0,000659.SZ,2026-03-23,珠海中富,,CNY
3.8,3.82,3.66,3.79,26477130.0,000659.SZ,2026-03-24,珠海中富,,CNY
3.81,4.17,3.81,4.17,50484039.0,000659.SZ,2026-03-25,珠海中富,,CNY
4.18,4.58,4.18,4.51,119281182.0,000659.SZ,2026-03-26,珠海中富,,CNY
4.48,4.56,4.34,4.53,61969151.0,000659.SZ,2026-03-27,珠海中富,,CNY
4.53,4.71,4.42,4.64,53890550.0,000659.SZ,2026-03-30,珠海中富,,CNY
4.63,4.65,4.48,4.53,34081850.0,000659.SZ,2026-03-31,珠海中富,,CNY
4.58,4.59,4.46,4.57,31904810.0,000659.SZ,2026-04-01,珠海中富,,CNY
4.63,4.78,4.11,4.19,110987581.0,000659.SZ,2026-04-07,珠海中富,,CNY
4.27,4.48,3.94,4.08,87862446.0,000659.SZ,2026-04-08,珠海中富,,CNY
3.98,3.99,3.83,3.91,55106231.0,000659.SZ,2026-04-09,珠海中富,,CNY
3.91,4.3,3.88,4.3,66222420.0,000659.SZ,2026-04-10,珠海中富,,CNY
4.48,4.49,4.23,4.3,67701080.0,000659.SZ,2026-04-13,珠海中富,,CNY
4.39,4.41,4.14,4.21,46344250.0,000659.SZ,2026-04-14,珠海中富,,CNY
4.24,4.32,4.15,4.16,38635451.0,000659.SZ,2026-04-15,珠海中富,,CNY
4.16,4.28,4.13,4.19,37740153.0,000659.SZ,2026-04-16,珠海中富,,CNY
4.2,4.21,4.07,4.11,30939301.0,000659.SZ,2026-04-17,珠海中富,,CNY
4.11,4.31,4.07,4.13,40049860.0,000659.SZ,2026-04-20,珠海中富,,CNY
4.14,4.19,4.02,4.13,29032459.0,000659.SZ,2026-04-21,珠海中富,,CNY
4.14,4.16,4.07,4.1,21621140.0,000659.SZ,2026-04-22,珠海中富,,CNY
4.1,4.11,4.01,4.02,22716510.0,000659.SZ,2026-04-23,珠海中富,,CNY
4.0,4.1,3.96,3.99,22964920.0,000659.SZ,2026-04-24,珠海中富,,CNY
3.96,4.06,3.9,4.04,28144912.0,000659.SZ,2026-04-27,珠海中富,,CNY
4.04,4.1,3.98,4.07,21835410.0,000659.SZ,2026-04-28,珠海中富,,CNY
4.06,4.2,4.02,4.11,31727310.0,000659.SZ,2026-04-29,珠海中富,,CNY
4.12,4.15,4.02,4.03,22689858.0,000659.SZ,2026-04-30,珠海中富,,CNY
8.31,8.36,7.94,7.98,19015301.0,000663.SZ,2026-03-02,永安林业,,CNY
8.04,8.12,7.8,7.81,13505910.0,000663.SZ,2026-03-03,永安林业,,CNY
7.8,7.85,7.63,7.73,10517400.0,000663.SZ,2026-03-04,永安林业,,CNY
7.83,7.9,7.67,7.72,9031900.0,000663.SZ,2026-03-05,永安林业,,CNY
7.72,7.97,7.7,7.95,8714002.0,000663.SZ,2026-03-06,永安林业,,CNY
7.63,7.75,7.27,7.36,23944000.0,000663.SZ,2026-03-09,永安林业,,CNY
7.4,7.47,7.3,7.42,11768311.0,000663.SZ,2026-03-10,永安林业,,CNY
7.43,7.45,7.24,7.31,11534313.0,000663.SZ,2026-03-11,永安林业,,CNY
7.31,7.31,7.1,7.11,11102101.0,000663.SZ,2026-03-12,永安林业,,CNY
7.09,7.23,7.06,7.16,7709435.0,000663.SZ,2026-03-13,永安林业,,CNY
7.19,7.38,7.19,7.27,8712801.0,000663.SZ,2026-03-16,永安林业,,CNY
7.28,7.4,7.09,7.11,8240100.0,000663.SZ,2026-03-17,永安林业,,CNY
7.14,7.18,7.03,7.15,6140902.0,000663.SZ,2026-03-18,永安林业,,CNY
7.13,7.14,6.91,6.94,7150300.0,000663.SZ,2026-03-19,永安林业,,CNY
6.99,7.0,6.76,6.83,8517011.0,000663.SZ,2026-03-20,永安林业,,CNY
6.72,6.75,6.38,6.42,10006101.0,000663.SZ,2026-03-23,永安林业,,CNY
6.57,6.81,6.45,6.79,10366151.0,000663.SZ,2026-03-24,永安林业,,CNY
6.82,6.93,6.75,6.91,7635551.0,000663.SZ,2026-03-25,永安林业,,CNY
6.92,7.03,6.75,6.78,7276240.0,000663.SZ,2026-03-26,永安林业,,CNY
6.72,6.92,6.65,6.92,6289800.0,000663.SZ,2026-03-27,永安林业,,CNY
6.9,7.06,6.77,7.03,10451100.0,000663.SZ,2026-03-30,永安林业,,CNY
7.06,7.2,6.94,6.99,9123140.0,000663.SZ,2026-03-31,永安林业,,CNY
7.07,7.12,6.72,6.79,9393400.0,000663.SZ,2026-04-01,永安林业,,CNY
6.8,6.87,6.67,6.71,6861902.0,000663.SZ,2026-04-02,永安林业,,CNY
6.75,6.75,6.31,6.41,9834502.0,000663.SZ,2026-04-03,永安林业,,CNY
6.27,6.59,6.22,6.57,8731710.0,000663.SZ,2026-04-07,永安林业,,CNY
6.69,6.77,6.63,6.75,8195300.0,000663.SZ,2026-04-08,永安林业,,CNY
6.75,6.76,6.55,6.57,6150400.0,000663.SZ,2026-04-09,永安林业,,CNY
6.64,6.69,6.57,6.69,4960701.0,000663.SZ,2026-04-10,永安林业,,CNY
6.69,6.7,6.56,6.58,7167400.0,000663.SZ,2026-04-13,永安林业,,CNY
6.62,6.65,6.35,6.45,9230901.0,000663.SZ,2026-04-14,永安林业,,CNY
6.46,6.5,6.33,6.34,7036500.0,000663.SZ,2026-04-15,永安林业,,CNY
6.34,6.49,6.27,6.41,8174510.0,000663.SZ,2026-04-16,永安林业,,CNY
6.41,6.5,6.3,6.35,7320600.0,000663.SZ,2026-04-17,永安林业,,CNY
6.36,6.44,6.33,6.43,6486300.0,000663.SZ,2026-04-20,永安林业,,CNY
6.42,6.43,6.29,6.36,6540900.0,000663.SZ,2026-04-21,永安林业,,CNY
6.33,6.37,6.29,6.34,4741900.0,000663.SZ,2026-04-22,永安林业,,CNY
6.36,6.38,6.26,6.32,7132900.0,000663.SZ,2026-04-23,永安林业,,CNY
6.32,6.38,6.19,6.35,8643600.0,000663.SZ,2026-04-24,永安林业,,CNY
6.31,6.48,6.2,6.46,9066002.0,000663.SZ,2026-04-27,永安林业,,CNY
6.48,6.67,6.47,6.67,11500900.0,000663.SZ,2026-04-28,永安林业,,CNY
6.64,6.85,6.53,6.77,10833200.0,000663.SZ,2026-04-29,永安林业,,CNY
6.82,6.92,6.75,6.88,8991601.0,000663.SZ,2026-04-30,永安林业,,CNY
4.35,4.5,4.33,4.41,72472986.0,000669.SZ,2026-03-02,金鸿控股,,CNY
4.63,4.63,4.19,4.19,102957432.0,000669.SZ,2026-03-03,金鸿控股,,CNY
3.98,4.03,3.98,3.98,45107700.0,000669.SZ,2026-03-04,金鸿控股,,CNY
3.97,4.16,3.78,4.11,86064071.0,000669.SZ,2026-03-05,金鸿控股,,CNY
4.0,4.05,3.9,3.9,51257228.0,000669.SZ,2026-03-06,金鸿控股,,CNY
4.08,4.1,3.94,4.0,54496697.0,000669.SZ,2026-03-09,金鸿控股,,CNY
3.88,4.2,3.88,4.2,47732527.0,000669.SZ,2026-03-10,金鸿控股,,CNY
4.4,4.41,4.33,4.41,27238190.0,000669.SZ,2026-03-11,金鸿控股,,CNY
4.6,4.63,4.51,4.63,16056580.0,000669.SZ,2026-03-12,金鸿控股,,CNY
4.86,4.86,4.5,4.86,68909325.0,000669.SZ,2026-03-13,金鸿控股,,CNY
4.98,5.1,4.93,5.1,18277740.0,000669.SZ,2026-03-16,金鸿控股,,CNY
5.36,5.36,4.86,5.36,101128089.0,000669.SZ,2026-03-17,金鸿控股,,CNY
5.11,5.25,5.09,5.09,19413100.0,000669.SZ,2026-03-18,金鸿控股,,CNY
4.84,5.32,4.84,5.05,69393243.0,000669.SZ,2026-03-19,金鸿控股,,CNY
4.9,5.3,4.9,5.3,40802659.0,000669.SZ,2026-03-20,金鸿控股,,CNY
5.4,5.56,5.11,5.48,65727668.0,000669.SZ,2026-03-23,金鸿控股,,CNY
5.38,5.46,5.21,5.21,47801803.0,000669.SZ,2026-03-24,金鸿控股,,CNY
5.08,5.12,4.95,4.95,45517191.0,000669.SZ,2026-03-25,金鸿控股,,CNY
5.0,5.2,4.81,5.2,39674222.0,000669.SZ,2026-03-26,金鸿控股,,CNY
4.94,5.2,4.94,5.02,41940291.0,000669.SZ,2026-03-27,金鸿控股,,CNY
5.12,5.27,4.96,5.18,44767986.0,000669.SZ,2026-03-30,金鸿控股,,CNY
5.18,5.32,4.92,5.13,40972799.0,000669.SZ,2026-03-31,金鸿控股,,CNY
5.11,5.22,5.01,5.03,24031800.0,000669.SZ,2026-04-01,金鸿控股,,CNY
5.01,5.06,4.82,4.83,25851746.0,000669.SZ,2026-04-02,金鸿控股,,CNY
4.83,5.07,4.73,5.07,27188904.0,000669.SZ,2026-04-03,金鸿控股,,CNY
5.25,5.3,5.07,5.17,27371780.0,000669.SZ,2026-04-07,金鸿控股,,CNY
5.1,5.3,5.01,5.14,22762340.0,000669.SZ,2026-04-08,金鸿控股,,CNY
5.14,5.29,5.1,5.18,25367306.0,000669.SZ,2026-04-09,金鸿控股,,CNY
5.2,5.2,4.98,4.99,31169540.0,000669.SZ,2026-04-10,金鸿控股,,CNY
4.74,4.74,4.74,4.74,7470400.0,000669.SZ,2026-04-13,金鸿控股,,CNY
4.5,4.96,4.5,4.79,29704117.0,000669.SZ,2026-04-14,金鸿控股,,CNY
4.62,4.78,4.56,4.63,31640438.0,000669.SZ,2026-04-15,金鸿控股,,CNY
4.59,4.69,4.4,4.4,30577433.0,000669.SZ,2026-04-16,金鸿控股,,CNY
4.4,4.55,4.32,4.46,20629340.0,000669.SZ,2026-04-17,金鸿控股,,CNY
4.4,4.41,4.24,4.24,25692780.0,000669.SZ,2026-04-20,金鸿控股,,CNY
4.22,4.35,4.16,4.16,20149960.0,000669.SZ,2026-04-21,金鸿控股,,CNY
4.36,4.37,4.32,4.37,12866240.0,000669.SZ,2026-04-22,金鸿控股,,CNY
4.46,4.46,4.15,4.17,35085342.0,000669.SZ,2026-04-23,金鸿控股,,CNY
3.98,4.14,3.98,4.06,18762580.0,000669.SZ,2026-04-24,金鸿控股,,CNY
4.08,4.19,3.95,4.15,15896180.0,000669.SZ,2026-04-27,金鸿控股,,CNY
4.16,4.36,4.16,4.34,23098875.0,000669.SZ,2026-04-28,金鸿控股,,CNY
4.3,4.41,4.23,4.31,18612000.0,000669.SZ,2026-04-29,金鸿控股,,CNY
4.28,4.33,4.17,4.19,13926580.0,000669.SZ,2026-04-30,金鸿控股,,CNY
7.71,7.83,7.59,7.68,36584191.0,000735.SZ,2026-03-02,罗牛山,,CNY
7.65,7.8,7.54,7.58,41436900.0,000735.SZ,2026-03-03,罗牛山,,CNY
7.51,7.63,7.43,7.6,29225731.0,000735.SZ,2026-03-04,罗牛山,,CNY
7.63,7.68,7.48,7.5,30509345.0,000735.SZ,2026-03-05,罗牛山,,CNY
7.45,7.78,7.44,7.76,48600779.0,000735.SZ,2026-03-06,罗牛山,,CNY
7.71,7.84,7.56,7.61,33702960.0,000735.SZ,2026-03-09,罗牛山,,CNY
7.61,7.7,7.6,7.65,21077400.0,000735.SZ,2026-03-10,罗牛山,,CNY
7.65,7.69,7.55,7.63,21100894.0,000735.SZ,2026-03-11,罗牛山,,CNY
7.61,7.8,7.56,7.73,38151771.0,000735.SZ,2026-03-12,罗牛山,,CNY
7.72,7.77,7.59,7.62,36013701.0,000735.SZ,2026-03-13,罗牛山,,CNY
7.65,7.76,7.61,7.69,27166918.0,000735.SZ,2026-03-16,罗牛山,,CNY
7.69,7.8,7.55,7.58,44068600.0,000735.SZ,2026-03-17,罗牛山,,CNY
7.58,7.62,7.29,7.42,36644302.0,000735.SZ,2026-03-18,罗牛山,,CNY
7.35,7.39,7.2,7.23,27707003.0,000735.SZ,2026-03-19,罗牛山,,CNY
7.23,7.28,7.03,7.04,24757200.0,000735.SZ,2026-03-20,罗牛山,,CNY
6.93,6.93,6.6,6.64,38790157.0,000735.SZ,2026-03-23,罗牛山,,CNY
6.75,6.81,6.61,6.8,23517726.0,000735.SZ,2026-03-24,罗牛山,,CNY
6.85,6.85,6.77,6.82,20361684.0,000735.SZ,2026-03-25,罗牛山,,CNY
6.8,6.9,6.66,6.69,16657430.0,000735.SZ,2026-03-26,罗牛山,,CNY
6.61,6.84,6.59,6.83,18317324.0,000735.SZ,2026-03-27,罗牛山,,CNY
6.76,6.88,6.73,6.83,14443784.0,000735.SZ,2026-03-30,罗牛山,,CNY
6.8,6.88,6.66,6.68,16944740.0,000735.SZ,2026-03-31,罗牛山,,CNY
6.75,6.78,6.68,6.72,11212138.0,000735.SZ,2026-04-01,罗牛山,,CNY
6.71,6.83,6.69,6.74,23345173.0,000735.SZ,2026-04-02,罗牛山,,CNY
6.74,6.74,6.39,6.4,24827021.0,000735.SZ,2026-04-03,罗牛山,,CNY
6.44,6.68,6.38,6.62,25990132.0,000735.SZ,2026-04-07,罗牛山,,CNY
6.68,6.75,6.61,6.75,22242000.0,000735.SZ,2026-04-08,罗牛山,,CNY
6.68,6.74,6.57,6.59,17539400.0,000735.SZ,2026-04-09,罗牛山,,CNY
6.63,6.69,6.59,6.63,13525000.0,000735.SZ,2026-04-10,罗牛山,,CNY
6.65,6.78,6.63,6.76,22429083.0,000735.SZ,2026-04-13,罗牛山,,CNY
6.77,6.93,6.74,6.89,32189751.0,000735.SZ,2026-04-14,罗牛山,,CNY
6.9,6.97,6.84,6.93,25437441.0,000735.SZ,2026-04-15,罗牛山,,CNY
6.93,6.95,6.81,6.94,21120001.0,000735.SZ,2026-04-16,罗牛山,,CNY
6.93,6.95,6.85,6.92,16414659.0,000735.SZ,2026-04-17,罗牛山,,CNY
7.05,7.31,7.04,7.15,40482538.0,000735.SZ,2026-04-20,罗牛山,,CNY
7.15,7.24,6.91,6.97,30105862.0,000735.SZ,2026-04-21,罗牛山,,CNY
6.95,7.07,6.9,6.94,21119798.0,000735.SZ,2026-04-22,罗牛山,,CNY
6.9,6.92,6.76,6.81,20464560.0,000735.SZ,2026-04-23,罗牛山,,CNY
6.78,6.8,6.66,6.69,15549031.0,000735.SZ,2026-04-24,罗牛山,,CNY
6.69,6.69,6.54,6.58,19403245.0,000735.SZ,2026-04-27,罗牛山,,CNY
6.44,6.49,6.18,6.27,44343300.0,000735.SZ,2026-04-28,罗牛山,,CNY
6.25,6.48,6.22,6.41,29165085.0,000735.SZ,2026-04-29,罗牛山,,CNY
6.38,6.76,6.38,6.58,28554909.0,000735.SZ,2026-04-30,罗牛山,,CNY
18.19,18.9,17.37,18.65,170448357.0,000737.SZ,2026-03-02,北方铜业,,CNY
18.1,18.24,17.05,17.07,130903865.0,000737.SZ,2026-03-03,北方铜业,,CNY
16.62,17.41,16.52,16.93,71458400.0,000737.SZ,2026-03-04,北方铜业,,CNY
17.2,17.22,16.54,16.75,61133220.0,000737.SZ,2026-03-05,北方铜业,,CNY
16.51,16.8,16.17,16.57,50006099.0,000737.SZ,2026-03-06,北方铜业,,CNY
16.1,16.25,15.66,16.19,69534404.0,000737.SZ,2026-03-09,北方铜业,,CNY
16.47,16.52,16.15,16.26,49520457.0,000737.SZ,2026-03-10,北方铜业,,CNY
16.35,16.39,16.0,16.03,49925813.0,000737.SZ,2026-03-11,北方铜业,,CNY
15.91,16.07,15.6,15.83,51779993.0,000737.SZ,2026-03-12,北方铜业,,CNY
15.66,16.01,15.22,15.26,57920560.0,000737.SZ,2026-03-13,北方铜业,,CNY
15.23,15.23,14.43,14.73,61004693.0,000737.SZ,2026-03-16,北方铜业,,CNY
14.83,14.95,14.47,14.49,39419275.0,000737.SZ,2026-03-17,北方铜业,,CNY
14.47,14.51,14.14,14.41,39186965.0,000737.SZ,2026-03-18,北方铜业,,CNY
13.93,14.11,13.55,13.63,53808705.0,000737.SZ,2026-03-19,北方铜业,,CNY
13.8,13.88,13.44,13.48,44822087.0,000737.SZ,2026-03-20,北方铜业,,CNY
13.07,13.24,12.4,12.5,62197766.0,000737.SZ,2026-03-23,北方铜业,,CNY
12.84,13.1,12.55,13.1,58854817.0,000737.SZ,2026-03-24,北方铜业,,CNY
13.39,13.52,13.22,13.32,49359689.0,000737.SZ,2026-03-25,北方铜业,,CNY
13.31,13.39,12.96,13.05,31680723.0,000737.SZ,2026-03-26,北方铜业,,CNY
12.8,13.33,12.7,13.25,30690366.0,000737.SZ,2026-03-27,北方铜业,,CNY
13.18,13.44,13.13,13.4,32663831.0,000737.SZ,2026-03-30,北方铜业,,CNY
13.48,13.63,13.25,13.29,33835611.0,000737.SZ,2026-03-31,北方铜业,,CNY
13.69,13.78,13.43,13.58,36096030.0,000737.SZ,2026-04-01,北方铜业,,CNY
13.46,13.5,13.06,13.16,27722910.0,000737.SZ,2026-04-02,北方铜业,,CNY
13.16,13.23,12.86,12.86,20552597.0,000737.SZ,2026-04-03,北方铜业,,CNY
12.9,12.99,12.85,12.95,17136370.0,000737.SZ,2026-04-07,北方铜业,,CNY
13.51,13.88,13.36,13.88,60854944.0,000737.SZ,2026-04-08,北方铜业,,CNY
13.61,13.78,13.53,13.66,35214806.0,000737.SZ,2026-04-09,北方铜业,,CNY
13.78,13.87,13.63,13.72,32088777.0,000737.SZ,2026-04-10,北方铜业,,CNY
13.62,13.88,13.6,13.85,33020816.0,000737.SZ,2026-04-13,北方铜业,,CNY
14.2,14.24,13.85,14.05,44308651.0,000737.SZ,2026-04-14,北方铜业,,CNY
14.33,14.36,13.81,13.85,46350310.0,000737.SZ,2026-04-15,北方铜业,,CNY
13.95,14.05,13.82,14.04,35065406.0,000737.SZ,2026-04-16,北方铜业,,CNY
13.9,14.16,13.87,14.12,31589546.0,000737.SZ,2026-04-17,北方铜业,,CNY
14.14,14.28,14.05,14.17,31874746.0,000737.SZ,2026-04-20,北方铜业,,CNY
14.14,14.16,13.9,14.13,23185072.0,000737.SZ,2026-04-21,北方铜业,,CNY
14.05,14.29,13.96,14.25,32377021.0,000737.SZ,2026-04-22,北方铜业,,CNY
14.35,14.37,13.72,13.84,39898467.0,000737.SZ,2026-04-23,北方铜业,,CNY
13.72,13.89,13.53,13.79,28919134.0,000737.SZ,2026-04-24,北方铜业,,CNY
13.73,13.89,13.62,13.7,19353996.0,000737.SZ,2026-04-27,北方铜业,,CNY
13.69,13.7,13.4,13.46,22511581.0,000737.SZ,2026-04-28,北方铜业,,CNY
13.31,13.94,13.3,13.91,32031571.0,000737.SZ,2026-04-29,北方铜业,,CNY
14.4,14.75,14.3,14.34,72645852.0,000737.SZ,2026-04-30,北方铜业,,CNY
15.76,15.76,15.46,15.51,10544133.0,000756.SZ,2026-03-02,新华制药,,CNY
15.5,15.59,15.11,15.11,10621087.0,000756.SZ,2026-03-03,新华制药,,CNY
15.08,15.19,15.01,15.15,6249185.0,000756.SZ,2026-03-04,新华制药,,CNY
15.26,15.31,15.12,15.15,4732955.0,000756.SZ,2026-03-05,新华制药,,CNY
15.11,15.39,15.07,15.38,5768397.0,000756.SZ,2026-03-06,新华制药,,CNY
15.2,15.4,15.1,15.4,5611572.0,000756.SZ,2026-03-09,新华制药,,CNY
15.49,15.52,15.37,15.46,4893457.0,000756.SZ,2026-03-10,新华制药,,CNY
15.45,15.46,15.35,15.4,4092003.0,000756.SZ,2026-03-11,新华制药,,CNY
15.38,15.46,15.26,15.41,5007050.0,000756.SZ,2026-03-12,新华制药,,CNY
15.35,15.43,15.3,15.35,4113621.0,000756.SZ,2026-03-13,新华制药,,CNY
15.33,15.42,15.3,15.37,3520000.0,000756.SZ,2026-03-16,新华制药,,CNY
15.41,15.49,15.29,15.31,4538827.0,000756.SZ,2026-03-17,新华制药,,CNY
15.28,15.3,15.09,15.27,5315822.0,000756.SZ,2026-03-18,新华制药,,CNY
15.15,15.24,15.01,15.06,5040752.0,000756.SZ,2026-03-19,新华制药,,CNY
15.05,15.16,14.72,14.73,6370892.0,000756.SZ,2026-03-20,新华制药,,CNY
14.6,14.61,13.87,13.96,9000202.0,000756.SZ,2026-03-23,新华制药,,CNY
14.14,14.35,14.04,14.34,6317305.0,000756.SZ,2026-03-24,新华制药,,CNY
14.36,14.5,14.3,14.46,4282365.0,000756.SZ,2026-03-25,新华制药,,CNY
14.47,14.65,14.34,14.38,4377100.0,000756.SZ,2026-03-26,新华制药,,CNY
14.27,14.96,14.24,14.94,9469935.0,000756.SZ,2026-03-27,新华制药,,CNY
14.72,15.07,14.6,15.06,7556742.0,000756.SZ,2026-03-30,新华制药,,CNY
15.01,15.14,14.86,14.88,5748600.0,000756.SZ,2026-03-31,新华制药,,CNY
15.0,15.14,14.75,15.14,7662295.0,000756.SZ,2026-04-01,新华制药,,CNY
15.1,15.3,15.03,15.13,7849261.0,000756.SZ,2026-04-02,新华制药,,CNY
15.01,15.22,14.71,14.72,6558519.0,000756.SZ,2026-04-03,新华制药,,CNY
14.88,14.92,14.52,14.92,5552651.0,000756.SZ,2026-04-07,新华制药,,CNY
15.05,15.18,14.9,15.05,8666815.0,000756.SZ,2026-04-08,新华制药,,CNY
14.95,15.2,14.7,14.71,8971561.0,000756.SZ,2026-04-09,新华制药,,CNY
14.71,14.92,14.7,14.76,5619495.0,000756.SZ,2026-04-10,新华制药,,CNY
14.74,14.75,14.54,14.63,4395036.0,000756.SZ,2026-04-13,新华制药,,CNY
14.66,14.69,14.47,14.67,5573908.0,000756.SZ,2026-04-14,新华制药,,CNY
14.75,14.95,14.63,14.85,7706934.0,000756.SZ,2026-04-15,新华制药,,CNY
14.85,14.85,14.65,14.76,5680411.0,000756.SZ,2026-04-16,新华制药,,CNY
14.67,14.75,14.53,14.61,4367937.0,000756.SZ,2026-04-17,新华制药,,CNY
14.52,14.6,14.48,14.55,3389053.0,000756.SZ,2026-04-20,新华制药,,CNY
14.52,14.66,14.43,14.46,3696268.0,000756.SZ,2026-04-21,新华制药,,CNY
14.45,14.5,14.35,14.5,3605413.0,000756.SZ,2026-04-22,新华制药,,CNY
14.53,14.53,14.33,14.36,4305720.0,000756.SZ,2026-04-23,新华制药,,CNY
14.31,14.38,14.26,14.33,3127600.0,000756.SZ,2026-04-24,新华制药,,CNY
14.35,14.39,14.21,14.27,3749014.0,000756.SZ,2026-04-27,新华制药,,CNY
14.29,14.5,14.25,14.29,4386935.0,000756.SZ,2026-04-28,新华制药,,CNY
13.91,14.32,13.91,14.26,3934300.0,000756.SZ,2026-04-29,新华制药,,CNY
14.21,14.24,14.06,14.08,4746700.0,000756.SZ,2026-04-30,新华制药,,CNY
5.3,5.3,5.08,5.16,14049700.0,000757.SZ,2026-03-02,浩物股份,,CNY
5.17,5.24,5.04,5.05,16301700.0,000757.SZ,2026-03-03,浩物股份,,CNY
5.0,5.07,4.95,4.98,10672793.0,000757.SZ,2026-03-04,浩物股份,,CNY
5.06,5.17,5.06,5.13,15926314.0,000757.SZ,2026-03-05,浩物股份,,CNY
5.12,5.3,5.09,5.28,16869400.0,000757.SZ,2026-03-06,浩物股份,,CNY
5.27,5.3,5.18,5.27,15887625.0,000757.SZ,2026-03-09,浩物股份,,CNY
5.27,5.35,5.22,5.31,9666845.0,000757.SZ,2026-03-10,浩物股份,,CNY
5.36,5.36,5.28,5.33,8645585.0,000757.SZ,2026-03-11,浩物股份,,CNY
5.31,5.37,5.24,5.26,10421300.0,000757.SZ,2026-03-12,浩物股份,,CNY
5.26,5.38,5.21,5.26,10802200.0,000757.SZ,2026-03-13,浩物股份,,CNY
5.26,5.33,5.22,5.26,9041100.0,000757.SZ,2026-03-16,浩物股份,,CNY
5.28,5.31,5.17,5.18,10144550.0,000757.SZ,2026-03-17,浩物股份,,CNY
5.18,5.23,5.14,5.23,9767700.0,000757.SZ,2026-03-18,浩物股份,,CNY
5.22,5.25,5.06,5.07,16899500.0,000757.SZ,2026-03-19,浩物股份,,CNY
5.1,5.13,4.84,4.85,13281748.0,000757.SZ,2026-03-20,浩物股份,,CNY
4.8,4.8,4.43,4.48,16774400.0,000757.SZ,2026-03-23,浩物股份,,CNY
4.57,4.72,4.49,4.71,19435700.0,000757.SZ,2026-03-24,浩物股份,,CNY
4.71,4.85,4.67,4.82,13674500.0,000757.SZ,2026-03-25,浩物股份,,CNY
4.82,4.87,4.67,4.71,10517300.0,000757.SZ,2026-03-26,浩物股份,,CNY
4.68,4.81,4.66,4.81,8583400.0,000757.SZ,2026-03-27,浩物股份,,CNY
4.81,4.86,4.7,4.84,10575300.0,000757.SZ,2026-03-30,浩物股份,,CNY
4.85,4.92,4.76,4.79,9371200.0,000757.SZ,2026-03-31,浩物股份,,CNY
4.88,4.9,4.73,4.78,9000100.0,000757.SZ,2026-04-01,浩物股份,,CNY
4.81,4.81,4.65,4.7,11082750.0,000757.SZ,2026-04-02,浩物股份,,CNY
4.74,4.78,4.51,4.55,12779816.0,000757.SZ,2026-04-03,浩物股份,,CNY
4.55,4.7,4.5,4.67,15214600.0,000757.SZ,2026-04-07,浩物股份,,CNY
4.79,4.87,4.75,4.87,13079750.0,000757.SZ,2026-04-08,浩物股份,,CNY
4.84,4.86,4.72,4.73,9171200.0,000757.SZ,2026-04-09,浩物股份,,CNY
4.77,4.85,4.74,4.78,12568300.0,000757.SZ,2026-04-10,浩物股份,,CNY
4.79,4.8,4.71,4.78,8436000.0,000757.SZ,2026-04-13,浩物股份,,CNY
4.8,4.83,4.63,4.69,13421452.0,000757.SZ,2026-04-14,浩物股份,,CNY
4.68,4.78,4.59,4.62,10828890.0,000757.SZ,2026-04-15,浩物股份,,CNY
4.66,4.78,4.59,4.77,9056690.0,000757.SZ,2026-04-16,浩物股份,,CNY
4.76,4.77,4.64,4.7,7917000.0,000757.SZ,2026-04-17,浩物股份,,CNY
4.7,4.74,4.66,4.73,6991272.0,000757.SZ,2026-04-20,浩物股份,,CNY
4.73,4.76,4.69,4.73,7783272.0,000757.SZ,2026-04-21,浩物股份,,CNY
4.72,4.78,4.67,4.75,9347200.0,000757.SZ,2026-04-22,浩物股份,,CNY
4.75,4.76,4.66,4.68,10485160.0,000757.SZ,2026-04-23,浩物股份,,CNY
4.7,4.77,4.61,4.74,10740100.0,000757.SZ,2026-04-24,浩物股份,,CNY
4.7,4.8,4.61,4.77,20718585.0,000757.SZ,2026-04-27,浩物股份,,CNY
4.75,4.82,4.72,4.76,14586507.0,000757.SZ,2026-04-28,浩物股份,,CNY
4.76,4.9,4.73,4.87,14289260.0,000757.SZ,2026-04-29,浩物股份,,CNY
4.88,4.98,4.81,4.89,11446900.0,000757.SZ,2026-04-30,浩物股份,,CNY
9.01,9.07,8.55,8.81,191803681.0,000758.SZ,2026-03-02,中色股份,,CNY
8.68,8.69,8.12,8.16,151927064.0,000758.SZ,2026-03-03,中色股份,,CNY
7.96,8.44,7.96,8.15,95150491.0,000758.SZ,2026-03-04,中色股份,,CNY
8.32,8.37,7.96,8.03,78594107.0,000758.SZ,2026-03-05,中色股份,,CNY
7.96,8.1,7.81,7.96,57426032.0,000758.SZ,2026-03-06,中色股份,,CNY
7.83,7.93,7.61,7.88,64757874.0,000758.SZ,2026-03-09,中色股份,,CNY
7.95,8.01,7.82,7.84,52254636.0,000758.SZ,2026-03-10,中色股份,,CNY
7.87,7.92,7.73,7.77,46792779.0,000758.SZ,2026-03-11,中色股份,,CNY
7.75,7.82,7.61,7.73,53424799.0,000758.SZ,2026-03-12,中色股份,,CNY
7.66,7.83,7.45,7.48,65009956.0,000758.SZ,2026-03-13,中色股份,,CNY
7.4,7.49,7.13,7.31,63200765.0,000758.SZ,2026-03-16,中色股份,,CNY
7.33,7.38,7.11,7.13,44100002.0,000758.SZ,2026-03-17,中色股份,,CNY
7.12,7.16,6.99,7.1,38412941.0,000758.SZ,2026-03-18,中色股份,,CNY
6.95,6.95,6.66,6.7,56839513.0,000758.SZ,2026-03-19,中色股份,,CNY
6.77,6.8,6.5,6.51,46081088.0,000758.SZ,2026-03-20,中色股份,,CNY
6.35,6.42,6.09,6.12,61146105.0,000758.SZ,2026-03-23,中色股份,,CNY
6.28,6.41,6.16,6.4,55961912.0,000758.SZ,2026-03-24,中色股份,,CNY
6.56,6.62,6.46,6.5,54772500.0,000758.SZ,2026-03-25,中色股份,,CNY
6.47,6.56,6.4,6.42,37214427.0,000758.SZ,2026-03-26,中色股份,,CNY
6.32,6.62,6.32,6.56,39466664.0,000758.SZ,2026-03-27,中色股份,,CNY
6.57,6.73,6.52,6.7,47474800.0,000758.SZ,2026-03-30,中色股份,,CNY
6.68,6.72,6.54,6.55,41781082.0,000758.SZ,2026-03-31,中色股份,,CNY
6.75,6.8,6.58,6.65,33689809.0,000758.SZ,2026-04-01,中色股份,,CNY
6.63,6.63,6.44,6.5,31796343.0,000758.SZ,2026-04-02,中色股份,,CNY
6.5,6.53,6.37,6.37,21004995.0,000758.SZ,2026-04-03,中色股份,,CNY
6.38,6.54,6.36,6.52,21701521.0,000758.SZ,2026-04-07,中色股份,,CNY
6.7,6.87,6.69,6.86,50557992.0,000758.SZ,2026-04-08,中色股份,,CNY
6.75,6.82,6.72,6.73,29958421.0,000758.SZ,2026-04-09,中色股份,,CNY
6.8,6.83,6.7,6.71,30812254.0,000758.SZ,2026-04-10,中色股份,,CNY
6.7,6.76,6.65,6.73,24266472.0,000758.SZ,2026-04-13,中色股份,,CNY
6.97,6.98,6.73,6.8,34069089.0,000758.SZ,2026-04-14,中色股份,,CNY
6.88,6.9,6.68,6.7,35128697.0,000758.SZ,2026-04-15,中色股份,,CNY
6.72,6.86,6.72,6.86,36873458.0,000758.SZ,2026-04-16,中色股份,,CNY
6.83,7.01,6.8,6.95,40392200.0,000758.SZ,2026-04-17,中色股份,,CNY
7.02,7.13,7.01,7.07,45311342.0,000758.SZ,2026-04-20,中色股份,,CNY
7.05,7.06,6.94,7.02,28069561.0,000758.SZ,2026-04-21,中色股份,,CNY
6.97,7.25,6.95,7.21,51996351.0,000758.SZ,2026-04-22,中色股份,,CNY
7.19,7.2,6.88,6.93,53482220.0,000758.SZ,2026-04-23,中色股份,,CNY
6.9,6.98,6.79,6.92,33230687.0,000758.SZ,2026-04-24,中色股份,,CNY
6.91,6.99,6.87,6.94,29064328.0,000758.SZ,2026-04-27,中色股份,,CNY
6.91,6.92,6.75,6.81,33459662.0,000758.SZ,2026-04-28,中色股份,,CNY
6.74,7.09,6.72,7.07,51233023.0,000758.SZ,2026-04-29,中色股份,,CNY
7.02,7.11,6.96,7.01,32998174.0,000758.SZ,2026-04-30,中色股份,,CNY
31.37,31.77,30.35,31.15,34444737.0,000762.SZ,2026-03-02,西藏矿业,,CNY
30.77,31.3,29.1,29.18,35746962.0,000762.SZ,2026-03-03,西藏矿业,,CNY
28.94,29.79,28.6,28.88,22710147.0,000762.SZ,2026-03-04,西藏矿业,,CNY
29.47,29.81,28.41,28.7,20642771.0,000762.SZ,2026-03-05,西藏矿业,,CNY
28.81,29.54,28.41,28.85,19610867.0,000762.SZ,2026-03-06,西藏矿业,,CNY
28.5,29.59,27.63,29.23,26400060.0,000762.SZ,2026-03-09,西藏矿业,,CNY
29.7,30.4,29.51,29.77,18444796.0,000762.SZ,2026-03-10,西藏矿业,,CNY
29.77,30.1,29.33,29.69,18121359.0,000762.SZ,2026-03-11,西藏矿业,,CNY
29.5,29.67,28.7,28.96,17177990.0,000762.SZ,2026-03-12,西藏矿业,,CNY
29.26,30.76,29.08,29.56,31679257.0,000762.SZ,2026-03-13,西藏矿业,,CNY
29.41,29.89,28.31,29.16,25619035.0,000762.SZ,2026-03-16,西藏矿业,,CNY
29.16,29.47,28.18,28.19,17054831.0,000762.SZ,2026-03-17,西藏矿业,,CNY
28.19,28.6,27.21,27.48,15980180.0,000762.SZ,2026-03-18,西藏矿业,,CNY
27.06,27.1,25.68,25.85,24121862.0,000762.SZ,2026-03-19,西藏矿业,,CNY
26.12,27.25,25.55,26.05,26540413.0,000762.SZ,2026-03-20,西藏矿业,,CNY
25.49,26.98,25.28,25.53,25428088.0,000762.SZ,2026-03-23,西藏矿业,,CNY
26.21,26.74,25.28,26.71,27601409.0,000762.SZ,2026-03-24,西藏矿业,,CNY
27.24,27.68,26.62,27.23,25431995.0,000762.SZ,2026-03-25,西藏矿业,,CNY
27.01,29.28,26.96,28.8,40018487.0,000762.SZ,2026-03-26,西藏矿业,,CNY
28.66,31.23,28.3,30.83,48243500.0,000762.SZ,2026-03-27,西藏矿业,,CNY
30.97,31.29,30.43,30.9,41938749.0,000762.SZ,2026-03-30,西藏矿业,,CNY
30.59,30.59,28.9,29.04,36179377.0,000762.SZ,2026-03-31,西藏矿业,,CNY
29.44,29.5,28.3,28.42,25724031.0,000762.SZ,2026-04-01,西藏矿业,,CNY
28.31,31.26,27.88,31.26,64691224.0,000762.SZ,2026-04-02,西藏矿业,,CNY
31.26,32.15,30.16,30.29,53270289.0,000762.SZ,2026-04-03,西藏矿业,,CNY
30.34,30.6,29.87,30.4,32987913.0,000762.SZ,2026-04-07,西藏矿业,,CNY
30.3,30.99,29.68,30.75,37226030.0,000762.SZ,2026-04-08,西藏矿业,,CNY
30.75,31.47,30.14,30.8,38421095.0,000762.SZ,2026-04-09,西藏矿业,,CNY
30.8,33.88,30.51,33.88,82707544.0,000762.SZ,2026-04-10,西藏矿业,,CNY
34.2,35.38,33.46,33.66,91481607.0,000762.SZ,2026-04-13,西藏矿业,,CNY
34.32,34.62,33.42,34.33,47028356.0,000762.SZ,2026-04-14,西藏矿业,,CNY
34.41,35.06,33.47,33.74,43760082.0,000762.SZ,2026-04-15,西藏矿业,,CNY
34.06,37.11,33.85,37.11,77661321.0,000762.SZ,2026-04-16,西藏矿业,,CNY
37.85,39.06,36.78,36.84,68225414.0,000762.SZ,2026-04-17,西藏矿业,,CNY
36.52,37.4,35.79,36.0,51232130.0,000762.SZ,2026-04-20,西藏矿业,,CNY
36.39,37.14,35.25,35.58,60353327.0,000762.SZ,2026-04-21,西藏矿业,,CNY
35.3,37.95,35.13,37.25,65150365.0,000762.SZ,2026-04-22,西藏矿业,,CNY
36.88,36.88,34.25,35.72,58448409.0,000762.SZ,2026-04-23,西藏矿业,,CNY
35.0,39.18,35.0,38.5,68513177.0,000762.SZ,2026-04-24,西藏矿业,,CNY
37.77,38.74,37.25,37.47,51804662.0,000762.SZ,2026-04-27,西藏矿业,,CNY
37.21,37.41,36.25,36.73,31769668.0,000762.SZ,2026-04-28,西藏矿业,,CNY
35.99,39.33,35.76,38.9,55747281.0,000762.SZ,2026-04-29,西藏矿业,,CNY
38.47,39.87,38.14,38.7,49146363.0,000762.SZ,2026-04-30,西藏矿业,,CNY
3.78,3.82,3.67,3.79,23876500.0,000761.SZ,2026-03-02,本钢板材,,CNY
3.76,3.81,3.68,3.7,20214100.0,000761.SZ,2026-03-03,本钢板材,,CNY
3.65,3.69,3.57,3.6,23875265.0,000761.SZ,2026-03-04,本钢板材,,CNY
3.63,3.68,3.56,3.61,16286900.0,000761.SZ,2026-03-05,本钢板材,,CNY
3.6,3.71,3.56,3.69,16684544.0,000761.SZ,2026-03-06,本钢板材,,CNY
3.65,3.69,3.55,3.63,19820575.0,000761.SZ,2026-03-09,本钢板材,,CNY
3.64,3.69,3.51,3.53,23254532.0,000761.SZ,2026-03-10,本钢板材,,CNY
3.54,3.55,3.48,3.55,16361074.0,000761.SZ,2026-03-11,本钢板材,,CNY
3.55,3.61,3.53,3.61,21599474.0,000761.SZ,2026-03-12,本钢板材,,CNY
3.61,3.78,3.59,3.68,29011673.0,000761.SZ,2026-03-13,本钢板材,,CNY
3.68,3.71,3.41,3.48,42919450.0,000761.SZ,2026-03-16,本钢板材,,CNY
3.49,3.8,3.48,3.52,40490334.0,000761.SZ,2026-03-17,本钢板材,,CNY
3.57,3.58,3.46,3.49,27683535.0,000761.SZ,2026-03-18,本钢板材,,CNY
3.46,3.48,3.3,3.31,28945134.0,000761.SZ,2026-03-19,本钢板材,,CNY
3.33,3.35,3.25,3.25,21523600.0,000761.SZ,2026-03-20,本钢板材,,CNY
3.19,3.24,3.06,3.09,29863671.0,000761.SZ,2026-03-23,本钢板材,,CNY
3.12,3.16,3.04,3.15,19132440.0,000761.SZ,2026-03-24,本钢板材,,CNY
3.15,3.27,3.13,3.24,18422439.0,000761.SZ,2026-03-25,本钢板材,,CNY
3.24,3.31,3.18,3.2,14617334.0,000761.SZ,2026-03-26,本钢板材,,CNY
3.17,3.26,3.15,3.24,12550200.0,000761.SZ,2026-03-27,本钢板材,,CNY
3.23,3.32,3.18,3.31,15152300.0,000761.SZ,2026-03-30,本钢板材,,CNY
3.3,3.36,3.24,3.25,15181675.0,000761.SZ,2026-03-31,本钢板材,,CNY
3.28,3.32,3.26,3.27,10550900.0,000761.SZ,2026-04-01,本钢板材,,CNY
3.26,3.26,3.08,3.1,22413500.0,000761.SZ,2026-04-02,本钢板材,,CNY
3.09,3.1,2.93,2.95,24643200.0,000761.SZ,2026-04-03,本钢板材,,CNY
2.93,3.0,2.82,2.99,24581432.0,000761.SZ,2026-04-07,本钢板材,,CNY
3.03,3.13,3.0,3.12,21511700.0,000761.SZ,2026-04-08,本钢板材,,CNY
3.11,3.2,3.08,3.14,19315500.0,000761.SZ,2026-04-09,本钢板材,,CNY
3.18,3.18,3.05,3.05,18362815.0,000761.SZ,2026-04-10,本钢板材,,CNY
3.05,3.09,3.02,3.06,16915895.0,000761.SZ,2026-04-13,本钢板材,,CNY
3.07,3.09,3.0,3.07,15432362.0,000761.SZ,2026-04-14,本钢板材,,CNY
3.07,3.08,2.98,3.0,13915838.0,000761.SZ,2026-04-15,本钢板材,,CNY
2.99,3.07,2.99,3.06,13537628.0,000761.SZ,2026-04-16,本钢板材,,CNY
3.05,3.07,2.99,3.02,12784891.0,000761.SZ,2026-04-17,本钢板材,,CNY
3.02,3.03,2.98,3.01,11049300.0,000761.SZ,2026-04-20,本钢板材,,CNY
3.01,3.01,2.97,2.98,11634600.0,000761.SZ,2026-04-21,本钢板材,,CNY
2.97,2.99,2.96,2.97,8666540.0,000761.SZ,2026-04-22,本钢板材,,CNY
2.98,3.01,2.94,2.98,12964340.0,000761.SZ,2026-04-23,本钢板材,,CNY
2.98,3.0,2.94,2.97,11572925.0,000761.SZ,2026-04-24,本钢板材,,CNY
2.98,2.99,2.93,2.97,12352600.0,000761.SZ,2026-04-27,本钢板材,,CNY
2.97,3.0,2.93,2.99,13613790.0,000761.SZ,2026-04-28,本钢板材,,CNY
2.98,3.07,2.98,3.03,16248210.0,000761.SZ,2026-04-29,本钢板材,,CNY
3.01,3.05,2.92,2.95,20928399.0,000761.SZ,2026-04-30,本钢板材,,CNY
3.66,3.78,3.65,3.67,235146576.0,000767.SZ,2026-03-02,晋控电力,,CNY
3.62,3.75,3.52,3.52,192309402.0,000767.SZ,2026-03-03,晋控电力,,CNY
3.46,3.71,3.45,3.61,187085749.0,000767.SZ,2026-03-04,晋控电力,,CNY
3.65,3.97,3.64,3.83,316317735.0,000767.SZ,2026-03-05,晋控电力,,CNY
3.85,3.95,3.76,3.87,235851274.0,000767.SZ,2026-03-06,晋控电力,,CNY
3.86,4.05,3.85,3.88,205492787.0,000767.SZ,2026-03-09,晋控电力,,CNY
3.87,3.93,3.79,3.81,178287049.0,000767.SZ,2026-03-10,晋控电力,,CNY
3.8,3.92,3.68,3.9,217418572.0,000767.SZ,2026-03-11,晋控电力,,CNY
3.85,3.99,3.83,3.94,205668979.0,000767.SZ,2026-03-12,晋控电力,,CNY
3.89,3.9,3.73,3.77,177877419.0,000767.SZ,2026-03-13,晋控电力,,CNY
3.78,3.85,3.61,3.65,148321492.0,000767.SZ,2026-03-16,晋控电力,,CNY
3.65,3.75,3.56,3.63,136554238.0,000767.SZ,2026-03-17,晋控电力,,CNY
3.68,3.85,3.65,3.71,138396862.0,000767.SZ,2026-03-18,晋控电力,,CNY
3.65,3.78,3.58,3.74,143795300.0,000767.SZ,2026-03-19,晋控电力,,CNY
3.69,3.95,3.66,3.74,204973151.0,000767.SZ,2026-03-20,晋控电力,,CNY
3.68,3.79,3.6,3.63,178465388.0,000767.SZ,2026-03-23,晋控电力,,CNY
3.67,3.9,3.61,3.89,240906953.0,000767.SZ,2026-03-24,晋控电力,,CNY
3.86,4.28,3.83,4.21,404045928.0,000767.SZ,2026-03-25,晋控电力,,CNY
4.46,4.63,4.38,4.63,210188927.0,000767.SZ,2026-03-26,晋控电力,,CNY
4.9,5.09,4.82,5.09,504146934.0,000767.SZ,2026-03-27,晋控电力,,CNY
4.97,5.12,4.58,4.58,259944333.0,000767.SZ,2026-03-30,晋控电力,,CNY
4.12,4.48,4.12,4.23,486901954.0,000767.SZ,2026-03-31,晋控电力,,CNY
4.19,4.25,3.86,3.9,410957745.0,000767.SZ,2026-04-01,晋控电力,,CNY
3.88,3.98,3.71,3.74,286479709.0,000767.SZ,2026-04-02,晋控电力,,CNY
3.74,3.76,3.5,3.51,212843371.0,000767.SZ,2026-04-03,晋控电力,,CNY
3.49,3.62,3.48,3.61,151145803.0,000767.SZ,2026-04-07,晋控电力,,CNY
3.67,3.72,3.63,3.69,149715823.0,000767.SZ,2026-04-08,晋控电力,,CNY
3.66,3.66,3.57,3.61,103157006.0,000767.SZ,2026-04-09,晋控电力,,CNY
3.61,3.62,3.54,3.55,103115134.0,000767.SZ,2026-04-10,晋控电力,,CNY
3.52,3.74,3.51,3.72,191360665.0,000767.SZ,2026-04-13,晋控电力,,CNY
3.72,3.9,3.7,3.77,197183814.0,000767.SZ,2026-04-14,晋控电力,,CNY
3.74,3.78,3.66,3.75,143513189.0,000767.SZ,2026-04-15,晋控电力,,CNY
3.75,3.84,3.68,3.83,124082058.0,000767.SZ,2026-04-16,晋控电力,,CNY
3.83,3.9,3.78,3.87,133176251.0,000767.SZ,2026-04-17,晋控电力,,CNY
3.87,3.94,3.82,3.92,135294729.0,000767.SZ,2026-04-20,晋控电力,,CNY
3.92,4.31,3.81,4.23,394277114.0,000767.SZ,2026-04-21,晋控电力,,CNY
4.15,4.18,4.06,4.11,244143677.0,000767.SZ,2026-04-22,晋控电力,,CNY
4.08,4.32,3.81,4.15,369422964.0,000767.SZ,2026-04-23,晋控电力,,CNY
4.06,4.07,3.86,3.87,219491388.0,000767.SZ,2026-04-24,晋控电力,,CNY
3.86,3.91,3.73,3.86,132366962.0,000767.SZ,2026-04-27,晋控电力,,CNY
3.83,3.95,3.78,3.91,173012314.0,000767.SZ,2026-04-28,晋控电力,,CNY
3.86,4.0,3.81,3.92,143621110.0,000767.SZ,2026-04-29,晋控电力,,CNY
3.92,3.96,3.77,3.78,137942441.0,000767.SZ,2026-04-30,晋控电力,,CNY
10.73,10.93,10.15,10.16,33328900.0,000779.SZ,2026-03-02,甘咨询,,CNY
10.34,10.37,9.51,9.57,32129984.0,000779.SZ,2026-03-03,甘咨询,,CNY
9.49,9.81,9.45,9.56,20073214.0,000779.SZ,2026-03-04,甘咨询,,CNY
9.79,9.79,9.51,9.57,12832049.0,000779.SZ,2026-03-05,甘咨询,,CNY
9.5,9.88,9.47,9.87,13469150.0,000779.SZ,2026-03-06,甘咨询,,CNY
9.71,9.9,9.54,9.78,14062700.0,000779.SZ,2026-03-09,甘咨询,,CNY
9.82,10.02,9.74,9.78,11725001.0,000779.SZ,2026-03-10,甘咨询,,CNY
9.8,9.8,9.55,9.6,15567601.0,000779.SZ,2026-03-11,甘咨询,,CNY
9.6,9.62,9.43,9.47,11729590.0,000779.SZ,2026-03-12,甘咨询,,CNY
9.49,9.6,9.4,9.46,10705800.0,000779.SZ,2026-03-13,甘咨询,,CNY
9.43,9.46,9.18,9.26,9538000.0,000779.SZ,2026-03-16,甘咨询,,CNY
9.32,9.45,9.21,9.23,8724800.0,000779.SZ,2026-03-17,甘咨询,,CNY
9.23,9.52,9.17,9.48,9801900.0,000779.SZ,2026-03-18,甘咨询,,CNY
9.4,9.85,9.37,9.56,14632477.0,000779.SZ,2026-03-19,甘咨询,,CNY
9.56,9.56,9.04,9.04,16597092.0,000779.SZ,2026-03-20,甘咨询,,CNY
8.86,8.92,8.33,8.38,15888800.0,000779.SZ,2026-03-23,甘咨询,,CNY
8.62,8.76,8.36,8.75,10504900.0,000779.SZ,2026-03-24,甘咨询,,CNY
8.75,9.02,8.73,9.0,6807514.0,000779.SZ,2026-03-25,甘咨询,,CNY
9.0,9.12,8.83,8.94,8168000.0,000779.SZ,2026-03-26,甘咨询,,CNY
8.82,9.19,8.76,9.08,7433300.0,000779.SZ,2026-03-27,甘咨询,,CNY
8.96,9.05,8.82,9.02,7850900.0,000779.SZ,2026-03-30,甘咨询,,CNY
8.99,9.05,8.79,8.8,6336047.0,000779.SZ,2026-03-31,甘咨询,,CNY
8.95,9.1,8.88,8.93,6323300.0,000779.SZ,2026-04-01,甘咨询,,CNY
8.93,8.96,8.7,8.78,5887502.0,000779.SZ,2026-04-02,甘咨询,,CNY
8.78,8.87,8.45,8.5,6592400.0,000779.SZ,2026-04-03,甘咨询,,CNY
8.51,8.6,8.39,8.6,5146301.0,000779.SZ,2026-04-07,甘咨询,,CNY
8.73,8.98,8.73,8.97,6392200.0,000779.SZ,2026-04-08,甘咨询,,CNY
8.93,8.95,8.65,8.68,6877742.0,000779.SZ,2026-04-09,甘咨询,,CNY
8.72,9.03,8.72,8.83,6946300.0,000779.SZ,2026-04-10,甘咨询,,CNY
8.81,8.9,8.73,8.81,5088015.0,000779.SZ,2026-04-13,甘咨询,,CNY
8.85,8.96,8.81,8.93,5945600.0,000779.SZ,2026-04-14,甘咨询,,CNY
8.96,8.98,8.71,8.72,6222201.0,000779.SZ,2026-04-15,甘咨询,,CNY
8.72,9.05,8.65,8.96,9205449.0,000779.SZ,2026-04-16,甘咨询,,CNY
8.95,8.96,8.7,8.75,7709201.0,000779.SZ,2026-04-17,甘咨询,,CNY
8.75,8.86,8.71,8.78,4835501.0,000779.SZ,2026-04-20,甘咨询,,CNY
8.78,8.78,8.64,8.74,5745400.0,000779.SZ,2026-04-21,甘咨询,,CNY
8.72,8.72,8.57,8.58,6080000.0,000779.SZ,2026-04-22,甘咨询,,CNY
8.56,8.69,8.49,8.65,6091800.0,000779.SZ,2026-04-23,甘咨询,,CNY
8.58,8.58,8.23,8.36,11519900.0,000779.SZ,2026-04-24,甘咨询,,CNY
8.44,8.7,8.4,8.69,10322100.0,000779.SZ,2026-04-27,甘咨询,,CNY
8.65,8.77,8.57,8.69,8254599.0,000779.SZ,2026-04-28,甘咨询,,CNY
8.65,8.85,8.65,8.81,6697144.0,000779.SZ,2026-04-29,甘咨询,,CNY
8.76,8.88,8.75,8.86,5654200.0,000779.SZ,2026-04-30,甘咨询,,CNY
6.38,6.5,6.2,6.25,32356300.0,000782.SZ,2026-03-02,恒申新材,,CNY
6.24,6.28,5.89,5.92,31833538.0,000782.SZ,2026-03-03,恒申新材,,CNY
5.81,6.05,5.75,6.0,20042271.0,000782.SZ,2026-03-04,恒申新材,,CNY
6.08,6.34,6.03,6.16,22269570.0,000782.SZ,2026-03-05,恒申新材,,CNY
6.15,6.35,6.13,6.27,16306400.0,000782.SZ,2026-03-06,恒申新材,,CNY
6.27,6.29,6.03,6.16,20696267.0,000782.SZ,2026-03-09,恒申新材,,CNY
6.21,6.35,6.15,6.18,14286866.0,000782.SZ,2026-03-10,恒申新材,,CNY
6.19,6.21,6.08,6.18,14091601.0,000782.SZ,2026-03-11,恒申新材,,CNY
6.29,6.33,6.07,6.09,20164001.0,000782.SZ,2026-03-12,恒申新材,,CNY
6.11,6.15,5.95,5.97,13790100.0,000782.SZ,2026-03-13,恒申新材,,CNY
5.95,6.03,5.88,6.01,20444534.0,000782.SZ,2026-03-16,恒申新材,,CNY
6.01,6.06,5.78,5.79,13742600.0,000782.SZ,2026-03-17,恒申新材,,CNY
5.79,5.85,5.7,5.76,12463600.0,000782.SZ,2026-03-18,恒申新材,,CNY
5.68,5.74,5.36,5.42,22231900.0,000782.SZ,2026-03-19,恒申新材,,CNY
5.47,5.66,5.33,5.37,22807800.0,000782.SZ,2026-03-20,恒申新材,,CNY
5.27,5.29,4.91,4.97,31739228.0,000782.SZ,2026-03-23,恒申新材,,CNY
5.09,5.28,4.95,5.28,23955943.0,000782.SZ,2026-03-24,恒申新材,,CNY
5.33,5.34,5.24,5.3,13654500.0,000782.SZ,2026-03-25,恒申新材,,CNY
5.33,5.38,5.15,5.2,13179058.0,000782.SZ,2026-03-26,恒申新材,,CNY
5.16,5.32,5.1,5.31,12153449.0,000782.SZ,2026-03-27,恒申新材,,CNY
5.26,5.64,5.2,5.62,24360890.0,000782.SZ,2026-03-30,恒申新材,,CNY
5.72,5.72,5.46,5.47,17815100.0,000782.SZ,2026-03-31,恒申新材,,CNY
5.56,5.6,5.4,5.46,12683000.0,000782.SZ,2026-04-01,恒申新材,,CNY
5.48,5.48,5.36,5.39,8893900.0,000782.SZ,2026-04-02,恒申新材,,CNY
5.43,5.44,5.17,5.19,12046900.0,000782.SZ,2026-04-03,恒申新材,,CNY
5.25,5.37,5.16,5.28,14693000.0,000782.SZ,2026-04-07,恒申新材,,CNY
5.38,5.44,5.29,5.39,14637623.0,000782.SZ,2026-04-08,恒申新材,,CNY
5.37,5.48,5.31,5.43,13358200.0,000782.SZ,2026-04-09,恒申新材,,CNY
5.45,5.58,5.4,5.42,11544900.0,000782.SZ,2026-04-10,恒申新材,,CNY
5.44,5.49,5.29,5.47,12033581.0,000782.SZ,2026-04-13,恒申新材,,CNY
5.48,5.5,5.35,5.47,11209300.0,000782.SZ,2026-04-14,恒申新材,,CNY
5.47,5.47,5.25,5.28,14486757.0,000782.SZ,2026-04-15,恒申新材,,CNY
5.32,5.81,5.32,5.81,20535319.0,000782.SZ,2026-04-16,恒申新材,,CNY
5.86,6.08,5.76,5.99,63805669.0,000782.SZ,2026-04-17,恒申新材,,CNY
5.95,6.13,5.9,6.07,37652002.0,000782.SZ,2026-04-20,恒申新材,,CNY
6.07,6.18,5.98,6.1,29178069.0,000782.SZ,2026-04-21,恒申新材,,CNY
6.09,6.27,5.97,6.23,25774901.0,000782.SZ,2026-04-22,恒申新材,,CNY
6.25,6.38,6.22,6.27,24598138.0,000782.SZ,2026-04-23,恒申新材,,CNY
6.26,6.31,6.14,6.2,20058792.0,000782.SZ,2026-04-24,恒申新材,,CNY
6.22,6.82,6.1,6.78,78100492.0,000782.SZ,2026-04-27,恒申新材,,CNY
6.72,6.97,6.72,6.86,55244038.0,000782.SZ,2026-04-28,恒申新材,,CNY
6.85,7.2,6.62,7.1,40773000.0,000782.SZ,2026-04-29,恒申新材,,CNY
7.11,7.52,7.08,7.38,37133157.0,000782.SZ,2026-04-30,恒申新材,,CNY
9.04,9.27,8.96,9.09,43253405.0,000537.SZ,2026-03-02,绿发电力,,CNY
9.09,9.18,8.9,8.95,40749772.0,000537.SZ,2026-03-03,绿发电力,,CNY
8.9,9.11,8.82,9.01,26629500.0,000537.SZ,2026-03-04,绿发电力,,CNY
9.15,9.2,9.04,9.08,29021706.0,000537.SZ,2026-03-05,绿发电力,,CNY
9.04,9.42,9.02,9.29,41176248.0,000537.SZ,2026-03-06,绿发电力,,CNY
9.35,9.65,9.34,9.4,50594649.0,000537.SZ,2026-03-09,绿发电力,,CNY
10.34,10.34,10.34,10.34,28205304.0,000537.SZ,2026-03-10,绿发电力,,CNY
11.05,11.37,10.52,11.37,113701275.0,000537.SZ,2026-03-11,绿发电力,,CNY
12.4,12.51,11.94,12.51,74100231.0,000537.SZ,2026-03-12,绿发电力,,CNY
13.76,13.76,12.14,12.39,321040720.0,000537.SZ,2026-03-13,绿发电力,,CNY
12.2,12.35,11.17,11.23,215118677.0,000537.SZ,2026-03-16,绿发电力,,CNY
11.23,12.08,10.85,11.68,218582526.0,000537.SZ,2026-03-17,绿发电力,,CNY
11.8,12.19,11.31,11.49,166529930.0,000537.SZ,2026-03-18,绿发电力,,CNY
11.2,12.12,11.12,11.63,159648035.0,000537.SZ,2026-03-19,绿发电力,,CNY
11.33,11.95,10.89,11.1,145353929.0,000537.SZ,2026-03-20,绿发电力,,CNY
10.96,11.32,10.7,10.86,114760734.0,000537.SZ,2026-03-23,绿发电力,,CNY
11.04,11.95,10.72,11.95,178717126.0,000537.SZ,2026-03-24,绿发电力,,CNY
12.02,12.76,11.98,12.35,219736855.0,000537.SZ,2026-03-25,绿发电力,,CNY
12.12,12.28,11.53,11.74,145638867.0,000537.SZ,2026-03-26,绿发电力,,CNY
11.74,11.92,11.36,11.44,90488761.0,000537.SZ,2026-03-27,绿发电力,,CNY
11.4,11.55,10.45,10.64,106320320.0,000537.SZ,2026-03-30,绿发电力,,CNY
10.6,10.69,10.08,10.11,78895374.0,000537.SZ,2026-03-31,绿发电力,,CNY
10.25,10.3,10.0,10.16,48854254.0,000537.SZ,2026-04-01,绿发电力,,CNY
10.15,10.37,9.86,9.96,51902406.0,000537.SZ,2026-04-02,绿发电力,,CNY
9.99,10.03,9.65,9.71,40180496.0,000537.SZ,2026-04-03,绿发电力,,CNY
9.67,9.96,9.58,9.84,42236287.0,000537.SZ,2026-04-07,绿发电力,,CNY
10.01,10.2,9.98,10.08,47120642.0,000537.SZ,2026-04-08,绿发电力,,CNY
9.91,9.94,9.7,9.78,37737012.0,000537.SZ,2026-04-09,绿发电力,,CNY
9.85,9.89,9.75,9.78,28609920.0,000537.SZ,2026-04-10,绿发电力,,CNY
9.75,10.02,9.69,9.97,39485639.0,000537.SZ,2026-04-13,绿发电力,,CNY
9.97,10.15,9.92,10.01,35793414.0,000537.SZ,2026-04-14,绿发电力,,CNY
10.02,10.12,9.84,9.97,37353460.0,000537.SZ,2026-04-15,绿发电力,,CNY
10.02,10.15,9.9,10.07,35869721.0,000537.SZ,2026-04-16,绿发电力,,CNY
10.02,10.18,9.97,10.07,30732557.0,000537.SZ,2026-04-17,绿发电力,,CNY
10.06,10.27,9.96,10.23,44353915.0,000537.SZ,2026-04-20,绿发电力,,CNY
10.23,10.57,9.98,10.39,84260511.0,000537.SZ,2026-04-21,绿发电力,,CNY
10.35,10.72,10.29,10.59,71527019.0,000537.SZ,2026-04-22,绿发电力,,CNY
10.89,11.65,10.85,11.65,141579610.0,000537.SZ,2026-04-23,绿发电力,,CNY
11.65,11.65,10.92,10.98,124018066.0,000537.SZ,2026-04-24,绿发电力,,CNY
10.9,11.2,10.6,10.76,89258200.0,000537.SZ,2026-04-27,绿发电力,,CNY
10.6,10.65,10.0,10.3,91128405.0,000537.SZ,2026-04-28,绿发电力,,CNY
10.33,10.54,10.18,10.25,60489829.0,000537.SZ,2026-04-29,绿发电力,,CNY
10.25,10.29,9.86,9.89,59599523.0,000537.SZ,2026-04-30,绿发电力,,CNY
55.8,56.19,55.5,56.01,7148005.0,000538.SZ,2026-03-02,云南白药,,CNY
56.0,56.55,55.93,55.95,8684779.0,000538.SZ,2026-03-03,云南白药,,CNY
55.78,55.83,55.03,55.43,10626625.0,000538.SZ,2026-03-04,云南白药,,CNY
55.59,55.93,55.4,55.89,6058971.0,000538.SZ,2026-03-05,云南白药,,CNY
55.8,56.17,55.72,56.15,5466599.0,000538.SZ,2026-03-06,云南白药,,CNY
55.89,56.83,55.7,56.22,8935601.0,000538.SZ,2026-03-09,云南白药,,CNY
56.4,56.52,56.1,56.5,6354995.0,000538.SZ,2026-03-10,云南白药,,CNY
56.5,56.76,56.16,56.7,5967687.0,000538.SZ,2026-03-11,云南白药,,CNY
56.66,56.8,56.13,56.3,8346171.0,000538.SZ,2026-03-12,云南白药,,CNY
56.26,56.58,56.17,56.3,4669623.0,000538.SZ,2026-03-13,云南白药,,CNY
56.2,56.95,56.1,56.79,7142594.0,000538.SZ,2026-03-16,云南白药,,CNY
56.88,57.3,56.65,57.09,8826431.0,000538.SZ,2026-03-17,云南白药,,CNY
57.07,57.1,56.52,56.86,5213246.0,000538.SZ,2026-03-18,云南白药,,CNY
56.7,57.08,56.55,56.73,5829868.0,000538.SZ,2026-03-19,云南白药,,CNY
56.8,57.37,56.71,56.74,8619988.0,000538.SZ,2026-03-20,云南白药,,CNY
56.06,56.11,54.68,54.94,15765566.0,000538.SZ,2026-03-23,云南白药,,CNY
55.44,55.67,54.86,55.49,6573449.0,000538.SZ,2026-03-24,云南白药,,CNY
55.69,55.7,55.28,55.39,5205880.0,000538.SZ,2026-03-25,云南白药,,CNY
55.4,55.54,54.22,54.26,9261805.0,000538.SZ,2026-03-26,云南白药,,CNY
54.0,54.45,53.9,54.4,5762825.0,000538.SZ,2026-03-27,云南白药,,CNY
54.04,54.75,53.91,54.75,5450253.0,000538.SZ,2026-03-30,云南白药,,CNY
54.81,55.43,54.8,54.86,5506938.0,000538.SZ,2026-03-31,云南白药,,CNY
55.73,56.08,55.31,55.57,9303790.0,000538.SZ,2026-04-01,云南白药,,CNY
55.61,56.96,55.5,56.78,13615389.0,000538.SZ,2026-04-02,云南白药,,CNY
56.63,57.2,56.32,56.46,7417703.0,000538.SZ,2026-04-03,云南白药,,CNY
56.33,56.46,55.5,55.91,5910830.0,000538.SZ,2026-04-07,云南白药,,CNY
56.0,56.2,55.8,55.94,7400768.0,000538.SZ,2026-04-08,云南白药,,CNY
55.83,55.89,55.06,55.1,6857716.0,000538.SZ,2026-04-09,云南白药,,CNY
55.11,55.23,54.88,54.92,7583117.0,000538.SZ,2026-04-10,云南白药,,CNY
54.81,54.89,54.4,54.73,7154821.0,000538.SZ,2026-04-13,云南白药,,CNY
54.98,55.07,54.71,55.05,5272533.0,000538.SZ,2026-04-14,云南白药,,CNY
55.27,55.81,55.14,55.72,7829651.0,000538.SZ,2026-04-15,云南白药,,CNY
55.68,55.72,55.33,55.52,4907269.0,000538.SZ,2026-04-16,云南白药,,CNY
55.4,55.68,55.12,55.29,6686578.0,000538.SZ,2026-04-17,云南白药,,CNY
55.19,55.34,55.0,55.0,6731241.0,000538.SZ,2026-04-20,云南白药,,CNY
55.0,55.21,54.9,55.06,4421268.0,000538.SZ,2026-04-21,云南白药,,CNY
55.06,55.06,54.46,54.48,8474811.0,000538.SZ,2026-04-22,云南白药,,CNY
54.46,54.65,54.24,54.28,6598147.0,000538.SZ,2026-04-23,云南白药,,CNY
54.45,54.63,54.28,54.43,7385154.0,000538.SZ,2026-04-24,云南白药,,CNY
54.43,54.45,54.02,54.29,7476546.0,000538.SZ,2026-04-27,云南白药,,CNY
54.3,54.85,54.2,54.84,10025265.0,000538.SZ,2026-04-28,云南白药,,CNY
54.5,54.79,54.22,54.63,8608284.0,000538.SZ,2026-04-29,云南白药,,CNY
53.78,53.78,53.03,53.05,14820252.0,000538.SZ,2026-04-30,云南白药,,CNY
5.02,5.14,5.02,5.08,48553781.0,000539.SZ,2026-03-02,粤电力,,CNY
5.07,5.14,4.99,5.02,37320431.0,000539.SZ,2026-03-03,粤电力,,CNY
4.96,5.07,4.9,5.01,33832792.0,000539.SZ,2026-03-04,粤电力,,CNY
5.06,5.11,5.01,5.06,33874565.0,000539.SZ,2026-03-05,粤电力,,CNY
5.02,5.19,5.01,5.16,37634301.0,000539.SZ,2026-03-06,粤电力,,CNY
5.1,5.21,5.07,5.18,44493154.0,000539.SZ,2026-03-09,粤电力,,CNY
5.18,5.23,5.1,5.14,39575394.0,000539.SZ,2026-03-10,粤电力,,CNY
5.13,5.22,5.0,5.21,44655048.0,000539.SZ,2026-03-11,粤电力,,CNY
5.2,5.39,5.17,5.39,67057051.0,000539.SZ,2026-03-12,粤电力,,CNY
5.41,5.47,5.25,5.31,73958907.0,000539.SZ,2026-03-13,粤电力,,CNY
5.3,5.34,5.09,5.11,50379686.0,000539.SZ,2026-03-16,粤电力,,CNY
5.15,5.22,5.05,5.1,40430827.0,000539.SZ,2026-03-17,粤电力,,CNY
5.61,5.61,5.61,5.61,26226907.0,000539.SZ,2026-03-18,粤电力,,CNY
5.92,6.17,5.8,6.17,138789282.0,000539.SZ,2026-03-19,粤电力,,CNY
6.06,6.78,5.85,6.66,350996655.0,000539.SZ,2026-03-20,粤电力,,CNY
6.12,6.65,6.1,6.16,254019740.0,000539.SZ,2026-03-23,粤电力,,CNY
6.17,6.78,5.95,6.78,284606120.0,000539.SZ,2026-03-24,粤电力,,CNY
6.92,7.46,6.73,7.46,229405334.0,000539.SZ,2026-03-25,粤电力,,CNY
7.68,8.14,6.83,7.49,380287661.0,000539.SZ,2026-03-26,粤电力,,CNY
7.11,7.46,6.85,6.94,232479264.0,000539.SZ,2026-03-27,粤电力,,CNY
6.83,6.9,6.25,6.3,207963472.0,000539.SZ,2026-03-30,粤电力,,CNY
6.13,6.33,5.88,5.89,176687189.0,000539.SZ,2026-03-31,粤电力,,CNY
5.98,6.06,5.77,5.85,133439061.0,000539.SZ,2026-04-01,粤电力,,CNY
5.77,5.9,5.58,5.61,121800437.0,000539.SZ,2026-04-02,粤电力,,CNY
5.61,5.63,5.32,5.34,91700855.0,000539.SZ,2026-04-03,粤电力,,CNY
5.35,5.56,5.31,5.47,95908728.0,000539.SZ,2026-04-07,粤电力,,CNY
5.55,5.57,5.46,5.57,94482936.0,000539.SZ,2026-04-08,粤电力,,CNY
5.5,5.5,5.38,5.41,67082061.0,000539.SZ,2026-04-09,粤电力,,CNY
5.45,5.48,5.36,5.37,60062193.0,000539.SZ,2026-04-10,粤电力,,CNY
5.33,5.56,5.3,5.54,94566938.0,000539.SZ,2026-04-13,粤电力,,CNY
5.58,5.78,5.52,5.61,101798547.0,000539.SZ,2026-04-14,粤电力,,CNY
5.58,5.6,5.46,5.53,69111479.0,000539.SZ,2026-04-15,粤电力,,CNY
5.49,5.6,5.44,5.58,60485596.0,000539.SZ,2026-04-16,粤电力,,CNY
5.55,5.76,5.54,5.71,88765347.0,000539.SZ,2026-04-17,粤电力,,CNY
5.73,5.91,5.69,5.81,81384192.0,000539.SZ,2026-04-20,粤电力,,CNY
5.82,6.39,5.69,6.39,117025658.0,000539.SZ,2026-04-21,粤电力,,CNY
6.79,6.9,6.5,6.55,270108793.0,000539.SZ,2026-04-22,粤电力,,CNY
6.42,7.21,6.22,7.15,299844372.0,000539.SZ,2026-04-23,粤电力,,CNY
6.78,7.0,6.54,6.56,234694904.0,000539.SZ,2026-04-24,粤电力,,CNY
6.5,7.07,6.4,6.89,220768610.0,000539.SZ,2026-04-27,粤电力,,CNY
6.7,7.49,6.62,7.27,260364327.0,000539.SZ,2026-04-28,粤电力,,CNY
7.05,7.26,6.92,7.0,194361843.0,000539.SZ,2026-04-29,粤电力,,CNY
6.96,6.98,6.52,6.53,160673083.0,000539.SZ,2026-04-30,粤电力,,CNY
8.54,8.9,8.51,8.83,102783004.0,000543.SZ,2026-03-02,皖能电力,,CNY
8.8,8.89,8.58,8.64,88175832.0,000543.SZ,2026-03-03,皖能电力,,CNY
8.53,8.68,8.48,8.55,63274673.0,000543.SZ,2026-03-04,皖能电力,,CNY
8.62,8.74,8.54,8.66,51629880.0,000543.SZ,2026-03-05,皖能电力,,CNY
8.6,8.82,8.58,8.75,46661615.0,000543.SZ,2026-03-06,皖能电力,,CNY
8.69,8.82,8.65,8.69,52265582.0,000543.SZ,2026-03-09,皖能电力,,CNY
8.71,8.79,8.56,8.68,42275951.0,000543.SZ,2026-03-10,皖能电力,,CNY
8.67,8.82,8.48,8.81,59676984.0,000543.SZ,2026-03-11,皖能电力,,CNY
8.94,9.43,8.88,9.33,133396424.0,000543.SZ,2026-03-12,皖能电力,,CNY
9.3,9.31,8.85,8.89,94229369.0,000543.SZ,2026-03-13,皖能电力,,CNY
8.95,8.99,8.57,8.61,59395834.0,000543.SZ,2026-03-16,皖能电力,,CNY
8.57,8.69,8.47,8.49,45880369.0,000543.SZ,2026-03-17,皖能电力,,CNY
8.53,8.72,8.48,8.56,43693663.0,000543.SZ,2026-03-18,皖能电力,,CNY
8.5,8.63,8.36,8.43,48600027.0,000543.SZ,2026-03-19,皖能电力,,CNY
8.44,8.68,8.36,8.44,54233075.0,000543.SZ,2026-03-20,皖能电力,,CNY
8.29,8.33,7.98,8.03,61061994.0,000543.SZ,2026-03-23,皖能电力,,CNY
8.13,8.37,8.03,8.36,47750462.0,000543.SZ,2026-03-24,皖能电力,,CNY
8.35,8.91,8.3,8.83,90423692.0,000543.SZ,2026-03-25,皖能电力,,CNY
8.79,8.91,8.65,8.81,80702261.0,000543.SZ,2026-03-26,皖能电力,,CNY
8.74,9.13,8.58,9.11,94108149.0,000543.SZ,2026-03-27,皖能电力,,CNY
8.9,8.9,8.38,8.62,101258751.0,000543.SZ,2026-03-30,皖能电力,,CNY
8.61,8.61,8.34,8.42,59318351.0,000543.SZ,2026-03-31,皖能电力,,CNY
8.47,8.47,8.3,8.39,49306195.0,000543.SZ,2026-04-01,皖能电力,,CNY
8.33,8.39,8.14,8.22,45841243.0,000543.SZ,2026-04-02,皖能电力,,CNY
8.18,8.2,7.94,7.99,46184895.0,000543.SZ,2026-04-03,皖能电力,,CNY
7.98,8.0,7.91,7.95,25207467.0,000543.SZ,2026-04-07,皖能电力,,CNY
8.04,8.18,7.98,8.18,44340221.0,000543.SZ,2026-04-08,皖能电力,,CNY
8.12,8.12,8.02,8.04,31454435.0,000543.SZ,2026-04-09,皖能电力,,CNY
8.06,8.11,8.05,8.09,23589048.0,000543.SZ,2026-04-10,皖能电力,,CNY
8.04,8.12,8.02,8.12,23695820.0,000543.SZ,2026-04-13,皖能电力,,CNY
8.13,8.21,8.06,8.14,28056058.0,000543.SZ,2026-04-14,皖能电力,,CNY
8.11,8.16,8.08,8.14,25353908.0,000543.SZ,2026-04-15,皖能电力,,CNY
8.14,8.17,8.07,8.13,30752232.0,000543.SZ,2026-04-16,皖能电力,,CNY
8.1,8.14,8.04,8.07,24619117.0,000543.SZ,2026-04-17,皖能电力,,CNY
8.07,8.13,8.04,8.12,27682456.0,000543.SZ,2026-04-20,皖能电力,,CNY
8.14,8.39,8.09,8.29,52243401.0,000543.SZ,2026-04-21,皖能电力,,CNY
8.25,8.31,8.21,8.24,34925295.0,000543.SZ,2026-04-22,皖能电力,,CNY
8.23,8.31,8.08,8.31,48986115.0,000543.SZ,2026-04-23,皖能电力,,CNY
8.18,8.24,8.01,8.16,52236321.0,000543.SZ,2026-04-24,皖能电力,,CNY
8.08,8.11,8.03,8.03,35947541.0,000543.SZ,2026-04-27,皖能电力,,CNY
8.03,8.06,7.96,8.05,28256231.0,000543.SZ,2026-04-28,皖能电力,,CNY
8.01,8.12,8.0,8.09,30949448.0,000543.SZ,2026-04-29,皖能电力,,CNY
8.09,8.1,8.02,8.08,30706608.0,000543.SZ,2026-04-30,皖能电力,,CNY
3.63,3.72,3.4,3.48,186957322.0,000545.SZ,2026-03-02,金浦钛业,,CNY
3.63,3.7,3.4,3.47,195858490.0,000545.SZ,2026-03-03,金浦钛业,,CNY
3.27,3.52,3.27,3.4,126363629.0,000545.SZ,2026-03-04,金浦钛业,,CNY
3.49,3.53,3.31,3.41,100272713.0,000545.SZ,2026-03-05,金浦钛业,,CNY
3.41,3.75,3.4,3.75,210568760.0,000545.SZ,2026-03-06,金浦钛业,,CNY
3.76,3.78,3.56,3.62,242269677.0,000545.SZ,2026-03-09,金浦钛业,,CNY
3.58,3.59,3.45,3.48,134852359.0,000545.SZ,2026-03-10,金浦钛业,,CNY
3.45,3.83,3.39,3.83,140001099.0,000545.SZ,2026-03-11,金浦钛业,,CNY
4.16,4.16,3.91,3.94,329982627.0,000545.SZ,2026-03-12,金浦钛业,,CNY
3.92,4.14,3.87,3.94,244269970.0,000545.SZ,2026-03-13,金浦钛业,,CNY
3.86,4.33,3.86,4.08,260151111.0,000545.SZ,2026-03-16,金浦钛业,,CNY
4.0,4.14,3.85,3.95,187222532.0,000545.SZ,2026-03-17,金浦钛业,,CNY
3.91,3.94,3.64,3.79,140357787.0,000545.SZ,2026-03-18,金浦钛业,,CNY
3.81,3.89,3.46,3.55,152478482.0,000545.SZ,2026-03-19,金浦钛业,,CNY
3.41,3.52,3.28,3.29,110521850.0,000545.SZ,2026-03-20,金浦钛业,,CNY
3.21,3.45,3.13,3.19,116530158.0,000545.SZ,2026-03-23,金浦钛业,,CNY
3.3,3.38,3.14,3.38,98658739.0,000545.SZ,2026-03-24,金浦钛业,,CNY
3.4,3.53,3.37,3.44,93285464.0,000545.SZ,2026-03-25,金浦钛业,,CNY
3.42,3.49,3.28,3.31,76750542.0,000545.SZ,2026-03-26,金浦钛业,,CNY
3.26,3.54,3.23,3.47,103011884.0,000545.SZ,2026-03-27,金浦钛业,,CNY
3.44,3.52,3.33,3.43,63135413.0,000545.SZ,2026-03-30,金浦钛业,,CNY
3.4,3.4,3.15,3.16,88611264.0,000545.SZ,2026-03-31,金浦钛业,,CNY
3.25,3.3,3.17,3.2,54178056.0,000545.SZ,2026-04-01,金浦钛业,,CNY
3.2,3.2,3.01,3.04,61002020.0,000545.SZ,2026-04-02,金浦钛业,,CNY
3.06,3.07,2.83,2.89,59335700.0,000545.SZ,2026-04-03,金浦钛业,,CNY
2.92,3.05,2.83,3.03,67787014.0,000545.SZ,2026-04-07,金浦钛业,,CNY
3.06,3.13,2.98,3.13,60816820.0,000545.SZ,2026-04-08,金浦钛业,,CNY
3.1,3.12,3.02,3.06,41427578.0,000545.SZ,2026-04-09,金浦钛业,,CNY
3.06,3.11,3.02,3.02,42116208.0,000545.SZ,2026-04-10,金浦钛业,,CNY
3.0,3.06,2.97,3.05,40858385.0,000545.SZ,2026-04-13,金浦钛业,,CNY
3.07,3.08,2.99,3.05,40283170.0,000545.SZ,2026-04-14,金浦钛业,,CNY
3.05,3.1,2.98,2.98,42605232.0,000545.SZ,2026-04-15,金浦钛业,,CNY
3.0,3.07,2.95,3.04,51881872.0,000545.SZ,2026-04-16,金浦钛业,,CNY
3.04,3.09,3.0,3.04,42216507.0,000545.SZ,2026-04-17,金浦钛业,,CNY
3.03,3.09,3.01,3.08,44318200.0,000545.SZ,2026-04-20,金浦钛业,,CNY
3.05,3.06,2.99,3.01,47883700.0,000545.SZ,2026-04-21,金浦钛业,,CNY
2.99,3.03,2.97,3.01,31485343.0,000545.SZ,2026-04-22,金浦钛业,,CNY
2.98,2.98,2.87,2.91,56683500.0,000545.SZ,2026-04-23,金浦钛业,,CNY
2.88,2.93,2.83,2.91,38208720.0,000545.SZ,2026-04-24,金浦钛业,,CNY
2.83,2.91,2.76,2.9,50791451.0,000545.SZ,2026-04-27,金浦钛业,,CNY
2.88,2.96,2.86,2.92,45914200.0,000545.SZ,2026-04-28,金浦钛业,,CNY
2.92,3.05,2.88,3.03,60042477.0,000545.SZ,2026-04-29,金浦钛业,,CNY
3.04,3.07,2.99,3.02,40945273.0,000545.SZ,2026-04-30,金浦钛业,,CNY
6.57,6.8,6.36,6.45,72947202.0,000546.SZ,2026-03-02,金圆股份,,CNY
6.44,6.47,6.08,6.1,52853704.0,000546.SZ,2026-03-03,金圆股份,,CNY
5.97,6.22,5.96,6.09,32054847.0,000546.SZ,2026-03-04,金圆股份,,CNY
6.2,6.29,6.09,6.12,27428400.0,000546.SZ,2026-03-05,金圆股份,,CNY
6.05,6.19,6.03,6.19,19757700.0,000546.SZ,2026-03-06,金圆股份,,CNY
6.08,6.29,6.01,6.26,31144045.0,000546.SZ,2026-03-09,金圆股份,,CNY
6.29,6.38,6.24,6.3,24370545.0,000546.SZ,2026-03-10,金圆股份,,CNY
6.3,6.34,6.23,6.32,25089700.0,000546.SZ,2026-03-11,金圆股份,,CNY
6.27,6.3,6.19,6.24,23269300.0,000546.SZ,2026-03-12,金圆股份,,CNY
6.25,6.44,6.23,6.37,37525310.0,000546.SZ,2026-03-13,金圆股份,,CNY
6.31,6.31,6.04,6.12,39019200.0,000546.SZ,2026-03-16,金圆股份,,CNY
6.12,6.25,6.04,6.05,26602684.0,000546.SZ,2026-03-17,金圆股份,,CNY
6.11,6.11,5.91,5.99,21617000.0,000546.SZ,2026-03-18,金圆股份,,CNY
5.9,5.95,5.63,5.68,28580915.0,000546.SZ,2026-03-19,金圆股份,,CNY
5.73,5.78,5.47,5.56,26511815.0,000546.SZ,2026-03-20,金圆股份,,CNY
5.42,5.65,5.29,5.33,27815600.0,000546.SZ,2026-03-23,金圆股份,,CNY
5.47,5.7,5.41,5.69,32623716.0,000546.SZ,2026-03-24,金圆股份,,CNY
5.72,5.87,5.69,5.85,25236216.0,000546.SZ,2026-03-25,金圆股份,,CNY
5.82,6.24,5.78,6.01,45973896.0,000546.SZ,2026-03-26,金圆股份,,CNY
5.98,6.61,5.9,6.61,59003900.0,000546.SZ,2026-03-27,金圆股份,,CNY
6.69,7.05,6.6,6.83,147713010.0,000546.SZ,2026-03-30,金圆股份,,CNY
6.71,6.86,6.58,6.6,92170484.0,000546.SZ,2026-03-31,金圆股份,,CNY
6.65,6.71,6.32,6.37,54844700.0,000546.SZ,2026-04-01,金圆股份,,CNY
6.31,6.77,6.3,6.42,75762000.0,000546.SZ,2026-04-02,金圆股份,,CNY
6.36,6.46,5.93,6.04,55862318.0,000546.SZ,2026-04-03,金圆股份,,CNY
6.16,6.22,6.04,6.16,36020520.0,000546.SZ,2026-04-07,金圆股份,,CNY
6.33,6.4,6.13,6.4,34286600.0,000546.SZ,2026-04-08,金圆股份,,CNY
6.33,6.35,6.06,6.19,31880123.0,000546.SZ,2026-04-09,金圆股份,,CNY
6.29,6.4,6.17,6.26,40970600.0,000546.SZ,2026-04-10,金圆股份,,CNY
6.23,6.65,6.16,6.51,67062000.0,000546.SZ,2026-04-13,金圆股份,,CNY
6.49,6.68,6.44,6.66,50594520.0,000546.SZ,2026-04-14,金圆股份,,CNY
6.6,6.69,6.4,6.44,37557201.0,000546.SZ,2026-04-15,金圆股份,,CNY
6.45,7.08,6.45,7.08,61861201.0,000546.SZ,2026-04-16,金圆股份,,CNY
6.96,6.99,6.73,6.83,101788300.0,000546.SZ,2026-04-17,金圆股份,,CNY
6.78,6.9,6.73,6.78,50854600.0,000546.SZ,2026-04-20,金圆股份,,CNY
6.62,6.88,6.47,6.68,74528300.0,000546.SZ,2026-04-21,金圆股份,,CNY
6.76,6.97,6.65,6.69,65027722.0,000546.SZ,2026-04-22,金圆股份,,CNY
6.71,6.74,6.24,6.51,73486222.0,000546.SZ,2026-04-23,金圆股份,,CNY
6.5,7.16,6.38,7.16,163789386.0,000546.SZ,2026-04-24,金圆股份,,CNY
6.94,7.5,6.94,7.24,157673386.0,000546.SZ,2026-04-27,金圆股份,,CNY
7.15,7.36,7.05,7.11,81583200.0,000546.SZ,2026-04-28,金圆股份,,CNY
7.06,7.42,6.9,7.37,102207100.0,000546.SZ,2026-04-29,金圆股份,,CNY
7.38,8.03,7.33,7.72,129375300.0,000546.SZ,2026-04-30,金圆股份,,CNY
30.68,32.55,30.22,31.99,301967084.0,000547.SZ,2026-03-02,航天发展,,CNY
31.5,31.73,29.0,29.02,242161599.0,000547.SZ,2026-03-03,航天发展,,CNY
28.51,30.1,27.9,29.35,162686147.0,000547.SZ,2026-03-04,航天发展,,CNY
29.99,32.29,29.0,31.61,311613070.0,000547.SZ,2026-03-05,航天发展,,CNY
31.2,33.99,31.2,32.66,413923343.0,000547.SZ,2026-03-06,航天发展,,CNY
31.3,33.32,31.3,32.1,311748689.0,000547.SZ,2026-03-09,航天发展,,CNY
32.51,34.3,32.12,33.66,364988789.0,000547.SZ,2026-03-10,航天发展,,CNY
34.0,34.0,32.8,33.31,297030040.0,000547.SZ,2026-03-11,航天发展,,CNY
33.0,33.31,31.09,31.47,257034557.0,000547.SZ,2026-03-12,航天发展,,CNY
30.8,32.18,30.09,31.03,221309292.0,000547.SZ,2026-03-13,航天发展,,CNY
30.7,31.88,30.18,31.87,186508461.0,000547.SZ,2026-03-16,航天发展,,CNY
31.88,32.35,30.35,30.49,169925054.0,000547.SZ,2026-03-17,航天发展,,CNY
30.24,32.0,29.89,31.4,220801956.0,000547.SZ,2026-03-18,航天发展,,CNY
30.51,31.33,30.0,30.36,163200034.0,000547.SZ,2026-03-19,航天发展,,CNY
30.58,30.76,27.6,28.0,206576171.0,000547.SZ,2026-03-20,航天发展,,CNY
27.0,28.01,26.05,26.29,163910771.0,000547.SZ,2026-03-23,航天发展,,CNY
26.88,27.29,24.83,26.93,225662125.0,000547.SZ,2026-03-24,航天发展,,CNY
26.7,27.45,26.68,27.07,178578544.0,000547.SZ,2026-03-25,航天发展,,CNY
27.52,28.8,26.42,28.15,261404152.0,000547.SZ,2026-03-26,航天发展,,CNY
27.02,28.43,26.8,27.36,177464186.0,000547.SZ,2026-03-27,航天发展,,CNY
27.1,29.3,27.1,28.68,235789747.0,000547.SZ,2026-03-30,航天发展,,CNY
28.67,29.78,28.2,28.46,250427091.0,000547.SZ,2026-03-31,航天发展,,CNY
28.46,28.8,27.16,27.84,200341160.0,000547.SZ,2026-04-01,航天发展,,CNY
27.79,28.21,26.91,27.03,123738467.0,000547.SZ,2026-04-02,航天发展,,CNY
27.19,27.3,25.7,25.78,132626594.0,000547.SZ,2026-04-03,航天发展,,CNY
25.77,26.28,25.57,25.93,102646035.0,000547.SZ,2026-04-07,航天发展,,CNY
26.61,27.76,26.3,27.6,175407503.0,000547.SZ,2026-04-08,航天发展,,CNY
27.18,27.5,26.65,26.78,133634323.0,000547.SZ,2026-04-09,航天发展,,CNY
27.1,27.41,26.35,26.49,126024847.0,000547.SZ,2026-04-10,航天发展,,CNY
26.14,26.8,26.14,26.42,86606012.0,000547.SZ,2026-04-13,航天发展,,CNY
26.6,27.34,26.12,27.17,196079316.0,000547.SZ,2026-04-14,航天发展,,CNY
27.18,28.57,26.97,27.67,243176325.0,000547.SZ,2026-04-15,航天发展,,CNY
27.3,27.79,26.75,27.4,194603068.0,000547.SZ,2026-04-16,航天发展,,CNY
27.12,27.9,26.85,26.98,205683987.0,000547.SZ,2026-04-17,航天发展,,CNY
26.88,29.5,26.7,28.75,313716730.0,000547.SZ,2026-04-20,航天发展,,CNY
28.7,29.07,27.52,28.01,224455300.0,000547.SZ,2026-04-21,航天发展,,CNY
27.46,27.64,26.86,27.2,183993454.0,000547.SZ,2026-04-22,航天发展,,CNY
27.0,27.14,26.2,26.22,143773115.0,000547.SZ,2026-04-23,航天发展,,CNY
26.12,26.58,25.81,26.3,93534926.0,000547.SZ,2026-04-24,航天发展,,CNY
26.0,26.04,25.1,25.34,124736366.0,000547.SZ,2026-04-27,航天发展,,CNY
25.06,25.06,23.5,23.5,153423473.0,000547.SZ,2026-04-28,航天发展,,CNY
23.5,24.24,23.44,24.06,98682775.0,000547.SZ,2026-04-29,航天发展,,CNY
24.36,24.74,24.25,24.58,95169541.0,000547.SZ,2026-04-30,航天发展,,CNY
5.77,5.79,5.58,5.68,9842390.0,000548.SZ,2026-03-02,湖南投资,,CNY
5.69,5.78,5.59,5.6,10323758.0,000548.SZ,2026-03-03,湖南投资,,CNY
5.56,5.63,5.48,5.52,10508034.0,000548.SZ,2026-03-04,湖南投资,,CNY
5.62,5.65,5.55,5.6,7954672.0,000548.SZ,2026-03-05,湖南投资,,CNY
5.58,5.81,5.56,5.81,9809893.0,000548.SZ,2026-03-06,湖南投资,,CNY
5.83,5.85,5.71,5.74,8732500.0,000548.SZ,2026-03-09,湖南投资,,CNY
5.78,5.87,5.76,5.86,8755219.0,000548.SZ,2026-03-10,湖南投资,,CNY
5.86,5.87,5.79,5.86,8346300.0,000548.SZ,2026-03-11,湖南投资,,CNY
5.89,5.89,5.78,5.79,6931734.0,000548.SZ,2026-03-12,湖南投资,,CNY
5.82,5.87,5.75,5.79,7330333.0,000548.SZ,2026-03-13,湖南投资,,CNY
5.8,5.88,5.76,5.79,7322300.0,000548.SZ,2026-03-16,湖南投资,,CNY
5.84,5.86,5.7,5.72,7049400.0,000548.SZ,2026-03-17,湖南投资,,CNY
5.75,5.75,5.63,5.71,7819456.0,000548.SZ,2026-03-18,湖南投资,,CNY
5.7,5.73,5.52,5.54,8430119.0,000548.SZ,2026-03-19,湖南投资,,CNY
5.54,5.59,5.37,5.37,11881704.0,000548.SZ,2026-03-20,湖南投资,,CNY
5.28,5.3,4.94,5.0,16732206.0,000548.SZ,2026-03-23,湖南投资,,CNY
5.11,5.29,5.04,5.28,16031638.0,000548.SZ,2026-03-24,湖南投资,,CNY
5.29,5.48,5.29,5.46,12627067.0,000548.SZ,2026-03-25,湖南投资,,CNY
5.45,5.6,5.37,5.4,10998100.0,000548.SZ,2026-03-26,湖南投资,,CNY
5.4,5.46,5.33,5.39,10313441.0,000548.SZ,2026-03-27,湖南投资,,CNY
5.36,5.5,5.31,5.49,8739035.0,000548.SZ,2026-03-30,湖南投资,,CNY
5.48,5.61,5.46,5.51,7752890.0,000548.SZ,2026-03-31,湖南投资,,CNY
5.56,5.58,5.44,5.51,6833017.0,000548.SZ,2026-04-01,湖南投资,,CNY
5.52,5.55,5.43,5.48,9340600.0,000548.SZ,2026-04-02,湖南投资,,CNY
5.51,5.51,5.2,5.24,10542837.0,000548.SZ,2026-04-03,湖南投资,,CNY
5.23,5.32,5.17,5.3,10838311.0,000548.SZ,2026-04-07,湖南投资,,CNY
5.38,5.47,5.36,5.41,11732896.0,000548.SZ,2026-04-08,湖南投资,,CNY
5.41,5.42,5.2,5.22,11212112.0,000548.SZ,2026-04-09,湖南投资,,CNY
5.28,5.35,5.25,5.26,10207100.0,000548.SZ,2026-04-10,湖南投资,,CNY
5.26,5.3,5.16,5.21,8351400.0,000548.SZ,2026-04-13,湖南投资,,CNY
5.27,5.27,5.11,5.18,9356500.0,000548.SZ,2026-04-14,湖南投资,,CNY
5.22,5.23,5.16,5.18,8089600.0,000548.SZ,2026-04-15,湖南投资,,CNY
5.2,5.32,5.15,5.3,7845200.0,000548.SZ,2026-04-16,湖南投资,,CNY
5.28,5.31,5.17,5.21,6548086.0,000548.SZ,2026-04-17,湖南投资,,CNY
5.23,5.25,5.15,5.23,6662221.0,000548.SZ,2026-04-20,湖南投资,,CNY
5.23,5.24,5.17,5.23,5807701.0,000548.SZ,2026-04-21,湖南投资,,CNY
5.22,5.23,5.16,5.18,5719590.0,000548.SZ,2026-04-22,湖南投资,,CNY
5.19,5.21,5.12,5.14,8877200.0,000548.SZ,2026-04-23,湖南投资,,CNY
5.12,5.22,5.09,5.18,8216763.0,000548.SZ,2026-04-24,湖南投资,,CNY
5.22,5.27,5.1,5.24,9602400.0,000548.SZ,2026-04-27,湖南投资,,CNY
5.24,5.29,5.21,5.27,8169368.0,000548.SZ,2026-04-28,湖南投资,,CNY
5.27,5.39,5.24,5.36,8175926.0,000548.SZ,2026-04-29,湖南投资,,CNY
5.35,5.42,5.31,5.33,6431801.0,000548.SZ,2026-04-30,湖南投资,,CNY
18.46,18.63,18.15,18.39,5415300.0,000550.SZ,2026-03-02,江铃汽车,,CNY
18.36,18.6,17.93,17.98,6119860.0,000550.SZ,2026-03-03,江铃汽车,,CNY
17.9,18.0,17.45,17.62,5539277.0,000550.SZ,2026-03-04,江铃汽车,,CNY
17.75,18.08,17.65,17.85,4636820.0,000550.SZ,2026-03-05,江铃汽车,,CNY
17.84,18.1,17.75,18.08,2650770.0,000550.SZ,2026-03-06,江铃汽车,,CNY
18.0,18.05,17.7,17.78,3550100.0,000550.SZ,2026-03-09,江铃汽车,,CNY
17.88,17.99,17.85,17.99,1959207.0,000550.SZ,2026-03-10,江铃汽车,,CNY
18.05,18.23,17.86,18.2,3632987.0,000550.SZ,2026-03-11,江铃汽车,,CNY
18.1,18.21,18.05,18.07,2341600.0,000550.SZ,2026-03-12,江铃汽车,,CNY
18.09,18.19,17.85,17.9,3000500.0,000550.SZ,2026-03-13,江铃汽车,,CNY
17.88,18.06,17.8,18.01,2907376.0,000550.SZ,2026-03-16,江铃汽车,,CNY
18.05,18.52,17.98,18.25,6350893.0,000550.SZ,2026-03-17,江铃汽车,,CNY
18.25,18.81,17.81,17.89,9059169.0,000550.SZ,2026-03-18,江铃汽车,,CNY
17.77,17.85,17.5,17.6,4963021.0,000550.SZ,2026-03-19,江铃汽车,,CNY
17.6,17.73,17.4,17.41,3783600.0,000550.SZ,2026-03-20,江铃汽车,,CNY
17.24,17.24,16.51,16.55,6445461.0,000550.SZ,2026-03-23,江铃汽车,,CNY
16.7,16.93,16.52,16.89,3239136.0,000550.SZ,2026-03-24,江铃汽车,,CNY
16.91,17.33,16.82,17.24,2631128.0,000550.SZ,2026-03-25,江铃汽车,,CNY
17.26,17.84,17.15,17.46,4867800.0,000550.SZ,2026-03-26,江铃汽车,,CNY
17.3,17.52,17.28,17.45,2275200.0,000550.SZ,2026-03-27,江铃汽车,,CNY
17.21,17.97,17.06,17.71,7877718.0,000550.SZ,2026-03-30,江铃汽车,,CNY
17.71,18.61,17.71,18.23,10004931.0,000550.SZ,2026-03-31,江铃汽车,,CNY
18.4,18.67,18.4,18.65,8377595.0,000550.SZ,2026-04-01,江铃汽车,,CNY
18.64,19.08,18.56,18.95,9771700.0,000550.SZ,2026-04-02,江铃汽车,,CNY
18.9,19.04,18.28,18.43,5854000.0,000550.SZ,2026-04-03,江铃汽车,,CNY
18.39,18.64,18.17,18.21,4127386.0,000550.SZ,2026-04-07,江铃汽车,,CNY
18.42,18.52,18.24,18.39,5296895.0,000550.SZ,2026-04-08,江铃汽车,,CNY
18.3,18.57,18.22,18.25,3356400.0,000550.SZ,2026-04-09,江铃汽车,,CNY
18.26,18.94,18.25,18.76,6551965.0,000550.SZ,2026-04-10,江铃汽车,,CNY
18.6,19.26,18.45,19.06,6820400.0,000550.SZ,2026-04-13,江铃汽车,,CNY
18.95,19.24,18.76,18.84,4386800.0,000550.SZ,2026-04-14,江铃汽车,,CNY
18.9,18.9,18.32,18.51,5014800.0,000550.SZ,2026-04-15,江铃汽车,,CNY
18.5,19.36,18.46,19.13,9983393.0,000550.SZ,2026-04-16,江铃汽车,,CNY
18.98,19.3,18.92,18.97,4344747.0,000550.SZ,2026-04-17,江铃汽车,,CNY
18.92,19.52,18.73,19.26,6992020.0,000550.SZ,2026-04-20,江铃汽车,,CNY
19.29,19.32,18.98,19.01,3408420.0,000550.SZ,2026-04-21,江铃汽车,,CNY
18.9,19.44,18.8,19.29,4578800.0,000550.SZ,2026-04-22,江铃汽车,,CNY
19.28,19.43,19.11,19.21,3919600.0,000550.SZ,2026-04-23,江铃汽车,,CNY
19.05,19.2,18.83,18.95,3260000.0,000550.SZ,2026-04-24,江铃汽车,,CNY
19.15,19.88,19.02,19.71,10548286.0,000550.SZ,2026-04-27,江铃汽车,,CNY
19.72,19.81,18.86,19.02,7414100.0,000550.SZ,2026-04-28,江铃汽车,,CNY
18.95,19.24,18.9,19.13,4140890.0,000550.SZ,2026-04-29,江铃汽车,,CNY
19.14,19.14,18.58,18.75,4923811.0,000550.SZ,2026-04-30,江铃汽车,,CNY
2.69,2.74,2.61,2.64,141864400.0,000552.SZ,2026-03-02,甘肃能化,,CNY
2.65,2.72,2.6,2.67,197771525.0,000552.SZ,2026-03-03,甘肃能化,,CNY
2.64,2.67,2.56,2.65,152556713.0,000552.SZ,2026-03-04,甘肃能化,,CNY
2.65,2.67,2.58,2.64,116379605.0,000552.SZ,2026-03-05,甘肃能化,,CNY
2.62,2.68,2.59,2.67,86510665.0,000552.SZ,2026-03-06,甘肃能化,,CNY
2.77,2.88,2.76,2.79,268378862.0,000552.SZ,2026-03-09,甘肃能化,,CNY
2.72,2.79,2.64,2.65,169476247.0,000552.SZ,2026-03-10,甘肃能化,,CNY
2.65,2.8,2.6,2.78,170978410.0,000552.SZ,2026-03-11,甘肃能化,,CNY
2.82,2.87,2.78,2.85,176062236.0,000552.SZ,2026-03-12,甘肃能化,,CNY
2.87,2.92,2.82,2.84,157591271.0,000552.SZ,2026-03-13,甘肃能化,,CNY
2.85,2.92,2.79,2.81,129877000.0,000552.SZ,2026-03-16,甘肃能化,,CNY
2.79,2.85,2.78,2.78,90240000.0,000552.SZ,2026-03-17,甘肃能化,,CNY
2.78,2.83,2.71,2.74,86698968.0,000552.SZ,2026-03-18,甘肃能化,,CNY
2.78,2.82,2.73,2.75,98047231.0,000552.SZ,2026-03-19,甘肃能化,,CNY
2.73,2.8,2.7,2.74,82543020.0,000552.SZ,2026-03-20,甘肃能化,,CNY
2.78,2.84,2.71,2.73,185747230.0,000552.SZ,2026-03-23,甘肃能化,,CNY
2.7,2.8,2.68,2.79,137045019.0,000552.SZ,2026-03-24,甘肃能化,,CNY
2.75,2.92,2.69,2.88,187485577.0,000552.SZ,2026-03-25,甘肃能化,,CNY
2.86,2.88,2.77,2.82,119231120.0,000552.SZ,2026-03-26,甘肃能化,,CNY
2.81,2.87,2.78,2.8,104305979.0,000552.SZ,2026-03-27,甘肃能化,,CNY
2.83,2.96,2.77,2.78,154304768.0,000552.SZ,2026-03-30,甘肃能化,,CNY
2.75,2.78,2.63,2.64,150297300.0,000552.SZ,2026-03-31,甘肃能化,,CNY
2.66,2.85,2.63,2.75,139636001.0,000552.SZ,2026-04-01,甘肃能化,,CNY
3.03,3.03,2.66,2.66,258518270.0,000552.SZ,2026-04-17,甘肃能化,,CNY
2.61,2.62,2.51,2.54,154100964.0,000552.SZ,2026-04-20,甘肃能化,,CNY
2.54,2.79,2.52,2.77,253180151.0,000552.SZ,2026-04-21,甘肃能化,,CNY
2.74,2.74,2.62,2.62,170911553.0,000552.SZ,2026-04-22,甘肃能化,,CNY
2.62,2.67,2.6,2.64,96075780.0,000552.SZ,2026-04-23,甘肃能化,,CNY
2.64,2.85,2.63,2.72,156004198.0,000552.SZ,2026-04-24,甘肃能化,,CNY
2.71,2.76,2.69,2.74,102147090.0,000552.SZ,2026-04-27,甘肃能化,,CNY
2.74,2.85,2.73,2.84,144857515.0,000552.SZ,2026-04-28,甘肃能化,,CNY
2.84,2.97,2.81,2.93,138180617.0,000552.SZ,2026-04-29,甘肃能化,,CNY
2.92,2.94,2.85,2.88,120156086.0,000552.SZ,2026-04-30,甘肃能化,,CNY
7.2,7.21,7.02,7.16,30465105.0,000089.SZ,2026-03-02,深圳机场,,CNY
7.15,7.19,7.08,7.11,16206005.0,000089.SZ,2026-03-03,深圳机场,,CNY
7.08,7.15,6.97,6.97,18131832.0,000089.SZ,2026-03-04,深圳机场,,CNY
7.01,7.04,6.95,6.96,13074800.0,000089.SZ,2026-03-05,深圳机场,,CNY
6.98,7.14,6.96,7.08,16671801.0,000089.SZ,2026-03-06,深圳机场,,CNY
7.03,7.08,7.0,7.02,13159268.0,000089.SZ,2026-03-09,深圳机场,,CNY
7.07,7.08,7.03,7.05,9271517.0,000089.SZ,2026-03-10,深圳机场,,CNY
7.05,7.15,7.01,7.13,12028774.0,000089.SZ,2026-03-11,深圳机场,,CNY
7.11,7.24,7.09,7.22,11839840.0,000089.SZ,2026-03-12,深圳机场,,CNY
7.2,7.26,7.16,7.17,9458973.0,000089.SZ,2026-03-13,深圳机场,,CNY
7.17,7.2,7.1,7.14,9880800.0,000089.SZ,2026-03-16,深圳机场,,CNY
7.16,7.24,7.14,7.18,11064701.0,000089.SZ,2026-03-17,深圳机场,,CNY
7.18,7.2,7.11,7.14,8948800.0,000089.SZ,2026-03-18,深圳机场,,CNY
7.12,7.17,7.06,7.09,11094599.0,000089.SZ,2026-03-19,深圳机场,,CNY
7.08,7.13,6.94,6.94,16737272.0,000089.SZ,2026-03-20,深圳机场,,CNY
6.92,6.92,6.49,6.56,30345176.0,000089.SZ,2026-03-23,深圳机场,,CNY
6.63,6.65,6.55,6.62,18479520.0,000089.SZ,2026-03-24,深圳机场,,CNY
6.64,6.79,6.63,6.78,13856183.0,000089.SZ,2026-03-25,深圳机场,,CNY
6.78,6.85,6.75,6.79,11184902.0,000089.SZ,2026-03-26,深圳机场,,CNY
6.73,6.79,6.68,6.77,8502200.0,000089.SZ,2026-03-27,深圳机场,,CNY
6.71,6.74,6.62,6.7,7300200.0,000089.SZ,2026-03-30,深圳机场,,CNY
6.74,6.8,6.7,6.71,7607800.0,000089.SZ,2026-03-31,深圳机场,,CNY
6.8,7.01,6.74,7.0,25036917.0,000089.SZ,2026-04-01,深圳机场,,CNY
7.01,7.01,6.92,6.97,8418460.0,000089.SZ,2026-04-02,深圳机场,,CNY
6.97,6.99,6.88,6.88,6339100.0,000089.SZ,2026-04-03,深圳机场,,CNY
6.9,6.93,6.82,6.86,6761900.0,000089.SZ,2026-04-07,深圳机场,,CNY
6.99,7.09,6.95,6.99,12555737.0,000089.SZ,2026-04-08,深圳机场,,CNY
6.95,6.96,6.85,6.87,9847700.0,000089.SZ,2026-04-09,深圳机场,,CNY
6.92,6.94,6.87,6.87,5672299.0,000089.SZ,2026-04-10,深圳机场,,CNY
6.86,6.87,6.77,6.77,8475100.0,000089.SZ,2026-04-13,深圳机场,,CNY
6.83,6.83,6.74,6.8,6536722.0,000089.SZ,2026-04-14,深圳机场,,CNY
6.84,6.85,6.79,6.81,4623300.0,000089.SZ,2026-04-15,深圳机场,,CNY
6.81,6.87,6.8,6.84,4973000.0,000089.SZ,2026-04-16,深圳机场,,CNY
6.83,6.86,6.79,6.84,3493765.0,000089.SZ,2026-04-17,深圳机场,,CNY
6.84,6.87,6.81,6.85,4459379.0,000089.SZ,2026-04-20,深圳机场,,CNY
6.85,6.91,6.84,6.87,5715647.0,000089.SZ,2026-04-21,深圳机场,,CNY
6.85,6.9,6.84,6.88,5349410.0,000089.SZ,2026-04-22,深圳机场,,CNY
6.87,6.92,6.83,6.88,8123700.0,000089.SZ,2026-04-23,深圳机场,,CNY
6.98,7.06,6.93,7.01,18781343.0,000089.SZ,2026-04-24,深圳机场,,CNY
6.99,7.23,6.96,7.12,35972670.0,000089.SZ,2026-04-27,深圳机场,,CNY
7.11,7.18,7.05,7.15,17518758.0,000089.SZ,2026-04-28,深圳机场,,CNY
7.14,7.19,7.07,7.11,12680958.0,000089.SZ,2026-04-29,深圳机场,,CNY
7.1,7.19,7.04,7.13,16784682.0,000089.SZ,2026-04-30,深圳机场,,CNY
13.6,13.66,13.27,13.39,5639200.0,000151.SZ,2026-03-02,中成股份,,CNY
13.33,13.43,12.8,12.84,6403766.0,000151.SZ,2026-03-03,中成股份,,CNY
12.73,12.95,12.58,12.67,5485373.0,000151.SZ,2026-03-04,中成股份,,CNY
12.75,12.87,12.7,12.77,3965799.0,000151.SZ,2026-03-05,中成股份,,CNY
12.77,13.42,12.74,13.3,5429443.0,000151.SZ,2026-03-06,中成股份,,CNY
13.21,13.36,13.08,13.14,4388739.0,000151.SZ,2026-03-09,中成股份,,CNY
13.23,13.32,13.13,13.28,3719201.0,000151.SZ,2026-03-10,中成股份,,CNY
13.33,13.33,13.13,13.23,2662200.0,000151.SZ,2026-03-11,中成股份,,CNY
13.23,13.27,13.0,13.08,4034507.0,000151.SZ,2026-03-12,中成股份,,CNY
13.09,13.22,12.92,12.99,3170870.0,000151.SZ,2026-03-13,中成股份,,CNY
13.0,13.07,12.86,12.93,3231800.0,000151.SZ,2026-03-16,中成股份,,CNY
12.94,13.01,12.68,12.7,2868500.0,000151.SZ,2026-03-17,中成股份,,CNY
12.8,12.82,12.55,12.79,2967200.0,000151.SZ,2026-03-18,中成股份,,CNY
12.73,12.8,12.4,12.43,3403698.0,000151.SZ,2026-03-19,中成股份,,CNY
12.45,12.52,12.14,12.15,4046300.0,000151.SZ,2026-03-20,中成股份,,CNY
11.97,11.97,10.94,11.05,11338588.0,000151.SZ,2026-03-23,中成股份,,CNY
11.25,11.64,11.12,11.63,7010764.0,000151.SZ,2026-03-24,中成股份,,CNY
11.63,11.92,11.6,11.85,5049800.0,000151.SZ,2026-03-25,中成股份,,CNY
11.85,12.03,11.64,11.69,3900972.0,000151.SZ,2026-03-26,中成股份,,CNY
11.59,11.84,11.55,11.8,3712850.0,000151.SZ,2026-03-27,中成股份,,CNY
11.64,11.79,11.49,11.78,4387326.0,000151.SZ,2026-03-30,中成股份,,CNY
11.77,11.99,11.68,11.7,3644900.0,000151.SZ,2026-03-31,中成股份,,CNY
12.05,12.39,11.72,11.8,6489700.0,000151.SZ,2026-04-01,中成股份,,CNY
11.83,12.04,11.61,11.67,8265500.0,000151.SZ,2026-04-02,中成股份,,CNY
11.7,11.78,11.33,11.34,4446468.0,000151.SZ,2026-04-03,中成股份,,CNY
11.37,11.62,11.23,11.58,3616601.0,000151.SZ,2026-04-07,中成股份,,CNY
11.8,12.1,11.68,12.06,5619100.0,000151.SZ,2026-04-08,中成股份,,CNY
12.32,12.33,11.72,11.8,9801104.0,000151.SZ,2026-04-09,中成股份,,CNY
11.81,11.99,11.72,11.91,6416827.0,000151.SZ,2026-04-10,中成股份,,CNY
11.8,11.83,11.6,11.77,4156272.0,000151.SZ,2026-04-13,中成股份,,CNY
11.88,11.93,11.69,11.8,4518401.0,000151.SZ,2026-04-14,中成股份,,CNY
11.85,11.98,11.77,11.8,4332428.0,000151.SZ,2026-04-15,中成股份,,CNY
11.87,11.95,11.8,11.93,4551102.0,000151.SZ,2026-04-16,中成股份,,CNY
11.92,11.93,11.04,11.32,19668254.0,000151.SZ,2026-04-17,中成股份,,CNY
11.29,11.29,11.11,11.23,10191367.0,000151.SZ,2026-04-20,中成股份,,CNY
11.21,11.21,10.94,11.02,8877909.0,000151.SZ,2026-04-21,中成股份,,CNY
10.98,10.98,10.76,10.82,6372204.0,000151.SZ,2026-04-22,中成股份,,CNY
10.79,10.81,10.5,10.57,7175900.0,000151.SZ,2026-04-23,中成股份,,CNY
10.89,11.3,10.87,11.0,16311607.0,000151.SZ,2026-04-24,中成股份,,CNY
11.01,11.58,11.01,11.5,17840378.0,000151.SZ,2026-04-27,中成股份,,CNY
11.47,11.54,11.18,11.2,8691838.0,000151.SZ,2026-04-28,中成股份,,CNY
11.23,12.0,11.19,11.82,15611204.0,000151.SZ,2026-04-29,中成股份,,CNY
11.79,12.07,11.69,11.84,8543104.0,000151.SZ,2026-04-30,中成股份,,CNY
6.72,6.72,6.52,6.56,9547182.0,000153.SZ,2026-03-02,丰原药业,,CNY
6.57,6.67,6.49,6.5,9590085.0,000153.SZ,2026-03-03,丰原药业,,CNY
6.51,6.53,6.37,6.44,8208875.0,000153.SZ,2026-03-04,丰原药业,,CNY
6.54,6.6,6.47,6.55,7971860.0,000153.SZ,2026-03-05,丰原药业,,CNY
6.55,6.71,6.52,6.71,8690060.0,000153.SZ,2026-03-06,丰原药业,,CNY
6.68,6.73,6.65,6.67,9082654.0,000153.SZ,2026-03-09,丰原药业,,CNY
6.7,6.78,6.67,6.76,7391360.0,000153.SZ,2026-03-10,丰原药业,,CNY
6.77,6.77,6.69,6.72,6231960.0,000153.SZ,2026-03-11,丰原药业,,CNY
6.71,6.76,6.66,6.67,6831980.0,000153.SZ,2026-03-12,丰原药业,,CNY
6.72,6.75,6.65,6.67,6286770.0,000153.SZ,2026-03-13,丰原药业,,CNY
6.69,6.75,6.63,6.69,6332581.0,000153.SZ,2026-03-16,丰原药业,,CNY
6.69,6.74,6.57,6.58,6349900.0,000153.SZ,2026-03-17,丰原药业,,CNY
6.6,6.67,6.53,6.67,6382814.0,000153.SZ,2026-03-18,丰原药业,,CNY
6.63,6.68,6.45,6.49,7065560.0,000153.SZ,2026-03-19,丰原药业,,CNY
6.49,6.53,6.27,6.28,9889980.0,000153.SZ,2026-03-20,丰原药业,,CNY
6.18,6.19,5.83,5.87,12244976.0,000153.SZ,2026-03-23,丰原药业,,CNY
6.0,6.14,5.9,6.13,8256847.0,000153.SZ,2026-03-24,丰原药业,,CNY
6.17,6.26,6.11,6.23,6374500.0,000153.SZ,2026-03-25,丰原药业,,CNY
6.23,6.35,6.15,6.2,5766267.0,000153.SZ,2026-03-26,丰原药业,,CNY
6.13,6.44,6.1,6.43,8778767.0,000153.SZ,2026-03-27,丰原药业,,CNY
6.39,6.57,6.37,6.56,9251760.0,000153.SZ,2026-03-30,丰原药业,,CNY
6.56,6.66,6.53,6.56,10470560.0,000153.SZ,2026-03-31,丰原药业,,CNY
6.61,6.73,6.56,6.71,11404000.0,000153.SZ,2026-04-01,丰原药业,,CNY
6.73,6.81,6.69,6.76,15896727.0,000153.SZ,2026-04-02,丰原药业,,CNY
6.71,6.87,6.6,6.6,16154973.0,000153.SZ,2026-04-03,丰原药业,,CNY
6.7,6.93,6.47,6.92,26814540.0,000153.SZ,2026-04-07,丰原药业,,CNY
6.92,6.94,6.68,6.7,30581811.0,000153.SZ,2026-04-08,丰原药业,,CNY
6.68,6.85,6.52,6.56,21313100.0,000153.SZ,2026-04-09,丰原药业,,CNY
6.6,6.74,6.52,6.68,14055915.0,000153.SZ,2026-04-10,丰原药业,,CNY
6.67,6.68,6.54,6.56,12270821.0,000153.SZ,2026-04-13,丰原药业,,CNY
6.6,6.6,6.45,6.56,12867260.0,000153.SZ,2026-04-14,丰原药业,,CNY
6.6,7.12,6.55,6.98,58924816.0,000153.SZ,2026-04-15,丰原药业,,CNY
6.97,6.98,6.68,6.81,33985812.0,000153.SZ,2026-04-16,丰原药业,,CNY
6.75,6.75,6.49,6.57,28223562.0,000153.SZ,2026-04-17,丰原药业,,CNY
6.56,6.6,6.36,6.54,18918370.0,000153.SZ,2026-04-20,丰原药业,,CNY
6.5,6.57,6.43,6.48,10555840.0,000153.SZ,2026-04-21,丰原药业,,CNY
6.44,6.54,6.4,6.49,9921120.0,000153.SZ,2026-04-22,丰原药业,,CNY
6.45,6.49,6.31,6.32,12698640.0,000153.SZ,2026-04-23,丰原药业,,CNY
6.28,6.39,6.25,6.32,9692148.0,000153.SZ,2026-04-24,丰原药业,,CNY
6.33,6.38,6.17,6.32,12164702.0,000153.SZ,2026-04-27,丰原药业,,CNY
6.32,6.44,6.32,6.39,10058122.0,000153.SZ,2026-04-28,丰原药业,,CNY
6.37,6.48,6.31,6.47,13347260.0,000153.SZ,2026-04-29,丰原药业,,CNY
6.48,6.54,6.45,6.45,8763740.0,000153.SZ,2026-04-30,丰原药业,,CNY
8.42,8.45,8.15,8.17,32263295.0,000156.SZ,2026-03-02,华数传媒,,CNY
8.18,8.22,7.76,7.79,34060201.0,000156.SZ,2026-03-03,华数传媒,,CNY
7.72,7.83,7.68,7.74,18282660.0,000156.SZ,2026-03-04,华数传媒,,CNY
7.85,7.93,7.77,7.82,19177738.0,000156.SZ,2026-03-05,华数传媒,,CNY
7.79,7.95,7.78,7.95,12606001.0,000156.SZ,2026-03-06,华数传媒,,CNY
7.82,8.03,7.79,8.0,19248247.0,000156.SZ,2026-03-09,华数传媒,,CNY
8.01,8.21,8.01,8.09,17226715.0,000156.SZ,2026-03-10,华数传媒,,CNY
8.05,8.16,8.03,8.13,13734414.0,000156.SZ,2026-03-11,华数传媒,,CNY
8.11,8.25,8.08,8.15,14800402.0,000156.SZ,2026-03-12,华数传媒,,CNY
8.16,8.19,7.96,7.98,17798522.0,000156.SZ,2026-03-13,华数传媒,,CNY
7.96,8.05,7.94,8.0,9632291.0,000156.SZ,2026-03-16,华数传媒,,CNY
8.03,8.13,7.94,7.95,11555700.0,000156.SZ,2026-03-17,华数传媒,,CNY
7.98,8.06,7.91,8.03,12246318.0,000156.SZ,2026-03-18,华数传媒,,CNY
7.96,8.01,7.91,7.97,13431600.0,000156.SZ,2026-03-19,华数传媒,,CNY
7.98,8.0,7.7,7.7,18003295.0,000156.SZ,2026-03-20,华数传媒,,CNY
7.56,7.58,6.93,7.04,34650343.0,000156.SZ,2026-03-23,华数传媒,,CNY
7.18,7.24,7.03,7.22,17629600.0,000156.SZ,2026-03-24,华数传媒,,CNY
7.25,7.39,7.23,7.37,13503335.0,000156.SZ,2026-03-25,华数传媒,,CNY
7.37,7.43,7.21,7.24,11552568.0,000156.SZ,2026-03-26,华数传媒,,CNY
7.2,7.4,7.15,7.37,11837619.0,000156.SZ,2026-03-27,华数传媒,,CNY
7.31,7.45,7.23,7.4,12855170.0,000156.SZ,2026-03-30,华数传媒,,CNY
7.41,7.54,7.39,7.39,11210309.0,000156.SZ,2026-03-31,华数传媒,,CNY
7.51,7.56,7.45,7.53,11631900.0,000156.SZ,2026-04-01,华数传媒,,CNY
7.5,7.52,7.32,7.36,9202600.0,000156.SZ,2026-04-02,华数传媒,,CNY
7.36,7.39,7.17,7.19,9300601.0,000156.SZ,2026-04-03,华数传媒,,CNY
7.22,7.27,7.13,7.24,7252075.0,000156.SZ,2026-04-07,华数传媒,,CNY
7.36,7.64,7.36,7.64,14892354.0,000156.SZ,2026-04-08,华数传媒,,CNY
7.56,7.6,7.52,7.53,12078300.0,000156.SZ,2026-04-09,华数传媒,,CNY
7.59,7.63,7.5,7.5,9047949.0,000156.SZ,2026-04-10,华数传媒,,CNY
7.47,7.51,7.4,7.44,8926900.0,000156.SZ,2026-04-13,华数传媒,,CNY
7.49,7.59,7.48,7.57,10020211.0,000156.SZ,2026-04-14,华数传媒,,CNY
7.6,7.61,7.49,7.52,9187625.0,000156.SZ,2026-04-15,华数传媒,,CNY
7.54,7.69,7.5,7.67,11768300.0,000156.SZ,2026-04-16,华数传媒,,CNY
7.63,7.67,7.54,7.58,9896224.0,000156.SZ,2026-04-17,华数传媒,,CNY
7.55,7.65,7.55,7.61,8270580.0,000156.SZ,2026-04-20,华数传媒,,CNY
7.58,7.65,7.54,7.57,6846623.0,000156.SZ,2026-04-21,华数传媒,,CNY
7.55,7.56,7.5,7.51,6618335.0,000156.SZ,2026-04-22,华数传媒,,CNY
7.5,7.6,7.47,7.53,13573400.0,000156.SZ,2026-04-23,华数传媒,,CNY
7.49,7.52,7.32,7.42,11878055.0,000156.SZ,2026-04-24,华数传媒,,CNY
7.41,7.55,7.38,7.51,10007200.0,000156.SZ,2026-04-27,华数传媒,,CNY
7.5,7.5,7.33,7.37,9882100.0,000156.SZ,2026-04-28,华数传媒,,CNY
7.39,7.51,7.37,7.48,10709449.0,000156.SZ,2026-04-29,华数传媒,,CNY
7.45,7.51,7.37,7.41,7513800.0,000156.SZ,2026-04-30,华数传媒,,CNY
20.22,20.6,20.1,20.3,52074496.0,000158.SZ,2026-03-02,常山北明,,CNY
20.28,20.8,20.03,20.38,53822409.0,000158.SZ,2026-03-03,常山北明,,CNY
20.24,20.68,20.03,20.39,41307085.0,000158.SZ,2026-03-04,常山北明,,CNY
20.66,20.7,20.23,20.29,34600521.0,000158.SZ,2026-03-05,常山北明,,CNY
20.2,21.4,20.06,21.07,61199507.0,000158.SZ,2026-03-06,常山北明,,CNY
20.6,22.0,20.49,21.42,101214890.0,000158.SZ,2026-03-09,常山北明,,CNY
21.43,21.43,21.05,21.12,66084044.0,000158.SZ,2026-03-10,常山北明,,CNY
21.01,21.43,20.98,21.13,50605717.0,000158.SZ,2026-03-11,常山北明,,CNY
21.02,21.25,20.55,20.58,45209370.0,000158.SZ,2026-03-12,常山北明,,CNY
20.48,20.55,20.15,20.19,32232891.0,000158.SZ,2026-03-13,常山北明,,CNY
20.1,20.26,19.92,20.25,22818702.0,000158.SZ,2026-03-16,常山北明,,CNY
20.3,20.48,20.01,20.03,25519435.0,000158.SZ,2026-03-17,常山北明,,CNY
20.03,20.35,19.98,20.25,23775770.0,000158.SZ,2026-03-18,常山北明,,CNY
19.99,20.19,19.9,19.92,22173435.0,000158.SZ,2026-03-19,常山北明,,CNY
19.51,19.67,18.37,18.47,62911170.0,000158.SZ,2026-03-20,常山北明,,CNY
18.0,18.0,16.81,16.92,46569528.0,000158.SZ,2026-03-23,常山北明,,CNY
17.42,17.47,16.82,17.35,28507563.0,000158.SZ,2026-03-24,常山北明,,CNY
17.3,17.81,17.25,17.69,26820800.0,000158.SZ,2026-03-25,常山北明,,CNY
17.6,17.67,17.0,17.05,26164657.0,000158.SZ,2026-03-26,常山北明,,CNY
16.75,17.36,16.68,17.33,19555023.0,000158.SZ,2026-03-27,常山北明,,CNY
17.0,17.45,17.0,17.41,18025483.0,000158.SZ,2026-03-30,常山北明,,CNY
17.4,17.6,17.27,17.4,18201275.0,000158.SZ,2026-03-31,常山北明,,CNY
17.65,17.74,17.46,17.55,20075922.0,000158.SZ,2026-04-01,常山北明,,CNY
17.45,17.54,17.1,17.17,16599473.0,000158.SZ,2026-04-02,常山北明,,CNY
17.38,17.44,16.94,16.94,16533711.0,000158.SZ,2026-04-03,常山北明,,CNY
16.94,17.1,16.9,16.98,12315550.0,000158.SZ,2026-04-07,常山北明,,CNY
17.25,17.85,17.25,17.82,37759822.0,000158.SZ,2026-04-08,常山北明,,CNY
17.52,17.67,17.42,17.47,21279503.0,000158.SZ,2026-04-09,常山北明,,CNY
17.63,17.77,17.53,17.55,18844009.0,000158.SZ,2026-04-10,常山北明,,CNY
17.4,17.64,17.38,17.56,13664372.0,000158.SZ,2026-04-13,常山北明,,CNY
17.69,17.82,17.47,17.6,19141963.0,000158.SZ,2026-04-14,常山北明,,CNY
17.66,18.0,17.5,17.56,37114815.0,000158.SZ,2026-04-15,常山北明,,CNY
17.48,17.85,17.45,17.83,33732916.0,000158.SZ,2026-04-16,常山北明,,CNY
17.75,17.88,17.69,17.81,21056049.0,000158.SZ,2026-04-17,常山北明,,CNY
17.81,18.06,17.81,17.93,25352827.0,000158.SZ,2026-04-20,常山北明,,CNY
17.88,17.88,17.5,17.55,24148781.0,000158.SZ,2026-04-21,常山北明,,CNY
17.53,18.36,17.33,18.1,63474135.0,000158.SZ,2026-04-22,常山北明,,CNY
17.93,18.72,17.9,18.39,68748588.0,000158.SZ,2026-04-23,常山北明,,CNY
18.18,19.05,18.14,18.84,74450936.0,000158.SZ,2026-04-24,常山北明,,CNY
18.69,18.76,18.3,18.41,45585298.0,000158.SZ,2026-04-27,常山北明,,CNY
18.23,18.23,17.41,17.5,46269921.0,000158.SZ,2026-04-28,常山北明,,CNY
17.36,17.58,17.14,17.36,32415968.0,000158.SZ,2026-04-29,常山北明,,CNY
17.12,17.38,17.12,17.2,23385867.0,000158.SZ,2026-04-30,常山北明,,CNY
7.4,7.85,7.1,7.78,108450769.0,000159.SZ,2026-03-02,国际实业,,CNY
7.6,8.26,7.35,7.81,126539794.0,000159.SZ,2026-03-03,国际实业,,CNY
7.65,7.65,7.03,7.25,69462622.0,000159.SZ,2026-03-04,国际实业,,CNY
7.26,7.54,7.07,7.27,55185532.0,000159.SZ,2026-03-05,国际实业,,CNY
7.2,7.35,7.11,7.2,35691965.0,000159.SZ,2026-03-06,国际实业,,CNY
7.47,7.56,7.14,7.16,55879475.0,000159.SZ,2026-03-09,国际实业,,CNY
6.9,7.04,6.81,7.01,40717548.0,000159.SZ,2026-03-10,国际实业,,CNY
6.98,6.98,6.79,6.85,31491719.0,000159.SZ,2026-03-11,国际实业,,CNY
6.93,6.98,6.75,6.81,25977601.0,000159.SZ,2026-03-12,国际实业,,CNY
6.84,6.94,6.73,6.74,23009852.0,000159.SZ,2026-03-13,国际实业,,CNY
6.71,6.94,6.61,6.93,31840951.0,000159.SZ,2026-03-16,国际实业,,CNY
6.87,6.99,6.7,6.72,27882098.0,000159.SZ,2026-03-17,国际实业,,CNY
6.76,6.77,6.47,6.6,21742788.0,000159.SZ,2026-03-18,国际实业,,CNY
6.71,6.77,6.42,6.47,22361592.0,000159.SZ,2026-03-19,国际实业,,CNY
6.44,6.52,6.29,6.37,21689200.0,000159.SZ,2026-03-20,国际实业,,CNY
6.32,6.44,6.15,6.22,22923574.0,000159.SZ,2026-03-23,国际实业,,CNY
6.27,6.44,6.16,6.42,16953025.0,000159.SZ,2026-03-24,国际实业,,CNY
6.4,6.59,6.35,6.51,18584671.0,000159.SZ,2026-03-25,国际实业,,CNY
6.51,6.55,6.38,6.41,12887500.0,000159.SZ,2026-03-26,国际实业,,CNY
6.34,6.66,6.33,6.64,17975631.0,000159.SZ,2026-03-27,国际实业,,CNY
6.64,6.7,6.42,6.55,15744543.0,000159.SZ,2026-03-30,国际实业,,CNY
6.56,6.66,6.49,6.5,15097840.0,000159.SZ,2026-03-31,国际实业,,CNY
6.64,6.64,6.48,6.53,11053500.0,000159.SZ,2026-04-01,国际实业,,CNY
6.52,6.6,6.46,6.52,11861300.0,000159.SZ,2026-04-02,国际实业,,CNY
6.53,6.55,6.13,6.18,15513200.0,000159.SZ,2026-04-03,国际实业,,CNY
6.19,6.46,6.13,6.44,14539070.0,000159.SZ,2026-04-07,国际实业,,CNY
6.48,6.65,6.38,6.56,15625044.0,000159.SZ,2026-04-08,国际实业,,CNY
6.54,6.6,6.39,6.4,12092188.0,000159.SZ,2026-04-09,国际实业,,CNY
6.41,6.51,6.41,6.47,9074600.0,000159.SZ,2026-04-10,国际实业,,CNY
6.44,6.47,6.23,6.35,20853500.0,000159.SZ,2026-04-13,国际实业,,CNY
6.36,6.38,6.2,6.27,14929964.0,000159.SZ,2026-04-14,国际实业,,CNY
6.27,6.28,6.18,6.2,11741200.0,000159.SZ,2026-04-15,国际实业,,CNY
6.21,6.34,6.15,6.32,10891210.0,000159.SZ,2026-04-16,国际实业,,CNY
6.36,6.36,6.2,6.23,10570900.0,000159.SZ,2026-04-17,国际实业,,CNY
6.25,6.29,6.19,6.25,10887650.0,000159.SZ,2026-04-20,国际实业,,CNY
6.23,6.25,6.15,6.24,10987330.0,000159.SZ,2026-04-21,国际实业,,CNY
6.23,6.78,6.2,6.56,39318239.0,000159.SZ,2026-04-22,国际实业,,CNY
6.54,6.86,6.49,6.7,37721301.0,000159.SZ,2026-04-23,国际实业,,CNY
6.61,6.8,6.54,6.69,21839100.0,000159.SZ,2026-04-24,国际实业,,CNY
6.68,6.68,6.56,6.64,15869207.0,000159.SZ,2026-04-27,国际实业,,CNY
6.59,6.78,6.51,6.58,14301556.0,000159.SZ,2026-04-28,国际实业,,CNY
6.52,6.55,6.37,6.5,16925823.0,000159.SZ,2026-04-29,国际实业,,CNY
6.49,6.67,6.45,6.5,14924178.0,000159.SZ,2026-04-30,国际实业,,CNY
2.8,2.81,2.76,2.78,27831497.0,000402.SZ,2026-03-02,金融街,,CNY
2.78,2.79,2.73,2.73,24685656.0,000402.SZ,2026-03-03,金融街,,CNY
2.72,2.74,2.68,2.7,25729474.0,000402.SZ,2026-03-04,金融街,,CNY
2.72,2.74,2.7,2.72,13174500.0,000402.SZ,2026-03-05,金融街,,CNY
2.71,2.75,2.7,2.74,14746080.0,000402.SZ,2026-03-06,金融街,,CNY
2.73,2.73,2.69,2.72,16301437.0,000402.SZ,2026-03-09,金融街,,CNY
2.73,2.74,2.72,2.74,11638506.0,000402.SZ,2026-03-10,金融街,,CNY
2.74,2.74,2.71,2.73,13007863.0,000402.SZ,2026-03-11,金融街,,CNY
2.73,2.77,2.72,2.75,19906273.0,000402.SZ,2026-03-12,金融街,,CNY
2.75,2.79,2.74,2.74,21112922.0,000402.SZ,2026-03-13,金融街,,CNY
2.76,2.8,2.75,2.76,23986184.0,000402.SZ,2026-03-16,金融街,,CNY
2.77,2.85,2.76,2.8,48144859.0,000402.SZ,2026-03-17,金融街,,CNY
2.81,2.81,2.72,2.74,30971730.0,000402.SZ,2026-03-18,金融街,,CNY
2.73,2.75,2.69,2.7,20754191.0,000402.SZ,2026-03-19,金融街,,CNY
2.71,2.71,2.65,2.66,22418526.0,000402.SZ,2026-03-20,金融街,,CNY
2.64,2.64,2.46,2.47,27859857.0,000402.SZ,2026-03-23,金融街,,CNY
2.56,2.57,2.48,2.56,17503474.0,000402.SZ,2026-03-24,金融街,,CNY
2.55,2.6,2.54,2.58,17528871.0,000402.SZ,2026-03-25,金融街,,CNY
2.58,2.61,2.55,2.56,16220300.0,000402.SZ,2026-03-26,金融街,,CNY
2.54,2.58,2.53,2.58,12751600.0,000402.SZ,2026-03-27,金融街,,CNY
2.55,2.59,2.52,2.57,13988200.0,000402.SZ,2026-03-30,金融街,,CNY
2.58,2.62,2.55,2.56,14993020.0,000402.SZ,2026-03-31,金融街,,CNY
2.58,2.59,2.54,2.57,13061617.0,000402.SZ,2026-04-01,金融街,,CNY
2.56,2.57,2.49,2.51,13816401.0,000402.SZ,2026-04-02,金融街,,CNY
2.51,2.52,2.46,2.46,9544731.0,000402.SZ,2026-04-03,金融街,,CNY
2.46,2.5,2.45,2.49,10082294.0,000402.SZ,2026-04-07,金融街,,CNY
2.51,2.57,2.51,2.56,15630751.0,000402.SZ,2026-04-08,金融街,,CNY
2.55,2.56,2.51,2.53,10085659.0,000402.SZ,2026-04-09,金融街,,CNY
2.63,2.78,2.63,2.78,62890766.0,000402.SZ,2026-04-10,金融街,,CNY
2.78,3.06,2.76,3.06,146665925.0,000402.SZ,2026-04-13,金融街,,CNY
3.07,3.22,2.97,3.06,232682836.0,000402.SZ,2026-04-14,金融街,,CNY
3.0,3.05,2.84,2.88,158274318.0,000402.SZ,2026-04-15,金融街,,CNY
2.86,2.88,2.79,2.84,84487364.0,000402.SZ,2026-04-16,金融街,,CNY
2.82,2.94,2.79,2.81,89167004.0,000402.SZ,2026-04-17,金融街,,CNY
2.79,2.79,2.7,2.78,68267061.0,000402.SZ,2026-04-20,金融街,,CNY
2.77,2.78,2.71,2.73,40890474.0,000402.SZ,2026-04-21,金融街,,CNY
2.72,2.75,2.7,2.75,30856842.0,000402.SZ,2026-04-22,金融街,,CNY
2.74,2.74,2.66,2.68,37697552.0,000402.SZ,2026-04-23,金融街,,CNY
2.67,2.68,2.63,2.65,27579525.0,000402.SZ,2026-04-24,金融街,,CNY
2.64,2.66,2.58,2.64,31653000.0,000402.SZ,2026-04-27,金融街,,CNY
2.64,2.67,2.59,2.62,23262017.0,000402.SZ,2026-04-28,金融街,,CNY
2.88,2.88,2.88,2.88,23664772.0,000402.SZ,2026-04-29,金融街,,CNY
3.11,3.17,3.02,3.17,122536020.0,000402.SZ,2026-04-30,金融街,,CNY
5.38,5.42,5.18,5.33,110880346.0,000407.SZ,2026-03-02,胜利股份,,CNY
5.86,5.86,5.86,5.86,28495411.0,000407.SZ,2026-03-03,胜利股份,,CNY
5.96,6.19,5.41,5.63,194161864.0,000407.SZ,2026-03-04,胜利股份,,CNY
5.52,5.62,5.25,5.41,129677077.0,000407.SZ,2026-03-05,胜利股份,,CNY
5.34,5.36,5.15,5.31,79033989.0,000407.SZ,2026-03-06,胜利股份,,CNY
5.61,5.7,5.28,5.31,110936492.0,000407.SZ,2026-03-09,胜利股份,,CNY
5.11,5.2,5.07,5.17,67017640.0,000407.SZ,2026-03-10,胜利股份,,CNY
5.15,5.15,5.06,5.14,51695640.0,000407.SZ,2026-03-11,胜利股份,,CNY
5.18,5.25,5.11,5.19,60759112.0,000407.SZ,2026-03-12,胜利股份,,CNY
5.22,5.23,5.08,5.09,47954400.0,000407.SZ,2026-03-13,胜利股份,,CNY
5.06,5.13,5.0,5.04,30559572.0,000407.SZ,2026-03-16,胜利股份,,CNY
5.03,5.07,5.0,5.05,26133595.0,000407.SZ,2026-03-17,胜利股份,,CNY
5.02,5.03,4.88,4.98,35482200.0,000407.SZ,2026-03-18,胜利股份,,CNY
5.06,5.47,5.05,5.25,104618241.0,000407.SZ,2026-03-19,胜利股份,,CNY
5.08,5.12,5.0,5.01,60703700.0,000407.SZ,2026-03-20,胜利股份,,CNY
4.94,4.98,4.69,4.69,46900000.0,000407.SZ,2026-03-23,胜利股份,,CNY
4.71,4.8,4.6,4.8,31551721.0,000407.SZ,2026-03-24,胜利股份,,CNY
4.8,4.93,4.72,4.87,32659791.0,000407.SZ,2026-03-25,胜利股份,,CNY
4.85,4.93,4.77,4.84,33279473.0,000407.SZ,2026-03-26,胜利股份,,CNY
4.8,4.95,4.77,4.94,34131931.0,000407.SZ,2026-03-27,胜利股份,,CNY
4.95,4.98,4.81,4.85,27303100.0,000407.SZ,2026-03-30,胜利股份,,CNY
4.82,4.87,4.71,4.72,27078500.0,000407.SZ,2026-03-31,胜利股份,,CNY
4.76,4.78,4.7,4.71,16765800.0,000407.SZ,2026-04-01,胜利股份,,CNY
4.71,4.75,4.67,4.7,19486100.0,000407.SZ,2026-04-02,胜利股份,,CNY
4.68,4.7,4.46,4.46,26412300.0,000407.SZ,2026-04-03,胜利股份,,CNY
4.44,4.61,4.4,4.6,21402700.0,000407.SZ,2026-04-07,胜利股份,,CNY
4.58,4.68,4.53,4.67,24698800.0,000407.SZ,2026-04-08,胜利股份,,CNY
4.65,4.68,4.58,4.6,15670040.0,000407.SZ,2026-04-09,胜利股份,,CNY
4.63,4.66,4.58,4.64,14403601.0,000407.SZ,2026-04-10,胜利股份,,CNY
4.63,4.72,4.63,4.71,17926795.0,000407.SZ,2026-04-13,胜利股份,,CNY
4.7,4.7,4.6,4.67,17960000.0,000407.SZ,2026-04-14,胜利股份,,CNY
4.66,4.67,4.58,4.59,16142901.0,000407.SZ,2026-04-15,胜利股份,,CNY
4.59,4.65,4.54,4.63,17272771.0,000407.SZ,2026-04-16,胜利股份,,CNY
4.62,4.66,4.6,4.64,13266110.0,000407.SZ,2026-04-17,胜利股份,,CNY
4.65,4.73,4.64,4.71,19189806.0,000407.SZ,2026-04-20,胜利股份,,CNY
4.7,4.72,4.63,4.71,16004884.0,000407.SZ,2026-04-21,胜利股份,,CNY
4.71,4.72,4.66,4.72,13164100.0,000407.SZ,2026-04-22,胜利股份,,CNY
4.8,4.81,4.65,4.74,22556400.0,000407.SZ,2026-04-23,胜利股份,,CNY
4.68,4.75,4.63,4.69,18968600.0,000407.SZ,2026-04-24,胜利股份,,CNY
4.65,4.75,4.62,4.73,17835948.0,000407.SZ,2026-04-27,胜利股份,,CNY
4.69,4.79,4.69,4.79,26627700.0,000407.SZ,2026-04-28,胜利股份,,CNY
4.76,4.87,4.74,4.85,27532084.0,000407.SZ,2026-04-29,胜利股份,,CNY
5.0,5.07,4.82,4.84,52480473.0,000407.SZ,2026-04-30,胜利股份,,CNY
7.75,7.75,7.5,7.58,23944436.0,000417.SZ,2026-03-02,合百集团,,CNY
7.58,7.66,7.33,7.34,22371055.0,000417.SZ,2026-03-03,合百集团,,CNY
7.26,7.39,7.19,7.28,16630193.0,000417.SZ,2026-03-04,合百集团,,CNY
7.41,7.47,7.28,7.3,14454803.0,000417.SZ,2026-03-05,合百集团,,CNY
7.27,7.54,7.26,7.49,16699201.0,000417.SZ,2026-03-06,合百集团,,CNY
7.29,7.41,7.2,7.35,16589853.0,000417.SZ,2026-03-09,合百集团,,CNY
7.4,7.49,7.4,7.45,10019885.0,000417.SZ,2026-03-10,合百集团,,CNY
7.44,7.49,7.36,7.41,11100471.0,000417.SZ,2026-03-11,合百集团,,CNY
7.4,7.54,7.34,7.47,13134806.0,000417.SZ,2026-03-12,合百集团,,CNY
7.45,7.52,7.3,7.32,12991500.0,000417.SZ,2026-03-13,合百集团,,CNY
7.26,7.4,7.21,7.38,10455041.0,000417.SZ,2026-03-16,合百集团,,CNY
7.38,7.48,7.28,7.31,11943818.0,000417.SZ,2026-03-17,合百集团,,CNY
7.26,7.45,7.22,7.41,15335302.0,000417.SZ,2026-03-18,合百集团,,CNY
7.31,7.35,7.11,7.14,14488173.0,000417.SZ,2026-03-19,合百集团,,CNY
7.16,7.2,6.83,6.85,20579235.0,000417.SZ,2026-03-20,合百集团,,CNY
6.73,6.76,6.36,6.38,23916640.0,000417.SZ,2026-03-23,合百集团,,CNY
6.51,6.76,6.44,6.75,26413072.0,000417.SZ,2026-03-24,合百集团,,CNY
6.76,6.85,6.71,6.8,12258300.0,000417.SZ,2026-03-25,合百集团,,CNY
6.78,6.87,6.71,6.75,8761500.0,000417.SZ,2026-03-26,合百集团,,CNY
6.67,6.82,6.66,6.81,7142620.0,000417.SZ,2026-03-27,合百集团,,CNY
6.71,6.84,6.71,6.82,6619180.0,000417.SZ,2026-03-30,合百集团,,CNY
6.84,6.93,6.67,6.7,12394072.0,000417.SZ,2026-03-31,合百集团,,CNY
6.79,6.83,6.62,6.66,17790345.0,000417.SZ,2026-04-01,合百集团,,CNY
6.66,6.66,6.5,6.54,8535983.0,000417.SZ,2026-04-02,合百集团,,CNY
6.53,6.58,6.37,6.38,9935159.0,000417.SZ,2026-04-03,合百集团,,CNY
6.38,6.48,6.35,6.44,7266081.0,000417.SZ,2026-04-07,合百集团,,CNY
6.55,6.72,6.54,6.71,12411182.0,000417.SZ,2026-04-08,合百集团,,CNY
6.64,6.68,6.53,6.55,8476282.0,000417.SZ,2026-04-09,合百集团,,CNY
6.6,6.7,6.59,6.65,8853033.0,000417.SZ,2026-04-10,合百集团,,CNY
6.63,6.64,6.56,6.6,7457100.0,000417.SZ,2026-04-13,合百集团,,CNY
6.65,6.66,6.52,6.63,11126887.0,000417.SZ,2026-04-14,合百集团,,CNY
6.63,6.65,6.53,6.55,7870600.0,000417.SZ,2026-04-15,合百集团,,CNY
6.57,6.69,6.52,6.68,12878600.0,000417.SZ,2026-04-16,合百集团,,CNY
6.68,6.73,6.58,6.7,13785700.0,000417.SZ,2026-04-17,合百集团,,CNY
6.65,6.67,6.4,6.45,19059000.0,000417.SZ,2026-04-20,合百集团,,CNY
6.45,6.54,6.41,6.48,12231305.0,000417.SZ,2026-04-21,合百集团,,CNY
6.44,6.52,6.36,6.49,10857021.0,000417.SZ,2026-04-22,合百集团,,CNY
6.47,6.47,6.34,6.39,11732483.0,000417.SZ,2026-04-23,合百集团,,CNY
6.37,6.38,6.24,6.31,10337786.0,000417.SZ,2026-04-24,合百集团,,CNY
6.34,6.53,6.27,6.46,14573583.0,000417.SZ,2026-04-27,合百集团,,CNY
6.42,6.46,6.28,6.36,11997000.0,000417.SZ,2026-04-28,合百集团,,CNY
6.37,6.6,6.33,6.55,15606100.0,000417.SZ,2026-04-29,合百集团,,CNY
6.54,6.81,6.51,6.69,17622991.0,000417.SZ,2026-04-30,合百集团,,CNY
4.61,4.68,4.49,4.58,100058060.0,000420.SZ,2026-03-02,吉林化纤,,CNY
4.64,4.64,4.25,4.27,132696686.0,000420.SZ,2026-03-03,吉林化纤,,CNY
4.22,4.35,4.2,4.28,72733461.0,000420.SZ,2026-03-04,吉林化纤,,CNY
4.36,4.42,4.3,4.34,57983400.0,000420.SZ,2026-03-05,吉林化纤,,CNY
4.3,4.45,4.29,4.42,57548400.0,000420.SZ,2026-03-06,吉林化纤,,CNY
4.4,4.42,4.23,4.31,73749644.0,000420.SZ,2026-03-09,吉林化纤,,CNY
4.34,4.43,4.34,4.39,57847900.0,000420.SZ,2026-03-10,吉林化纤,,CNY
4.41,4.62,4.4,4.56,144270363.0,000420.SZ,2026-03-11,吉林化纤,,CNY
5.02,5.02,5.02,5.02,98731197.0,000420.SZ,2026-03-12,吉林化纤,,CNY
5.21,5.3,4.78,4.82,567404510.0,000420.SZ,2026-03-13,吉林化纤,,CNY
4.82,5.3,4.81,5.1,506904032.0,000420.SZ,2026-03-16,吉林化纤,,CNY
5.1,5.59,5.03,5.48,581116509.0,000420.SZ,2026-03-17,吉林化纤,,CNY
5.2,5.21,4.95,5.05,390872891.0,000420.SZ,2026-03-18,吉林化纤,,CNY
4.98,5.02,4.77,4.8,287585364.0,000420.SZ,2026-03-19,吉林化纤,,CNY
4.8,4.89,4.45,4.46,249086098.0,000420.SZ,2026-03-20,吉林化纤,,CNY
4.33,4.57,4.28,4.37,180714787.0,000420.SZ,2026-03-23,吉林化纤,,CNY
4.5,4.76,4.4,4.65,228172590.0,000420.SZ,2026-03-24,吉林化纤,,CNY
4.66,4.89,4.62,4.8,207830052.0,000420.SZ,2026-03-25,吉林化纤,,CNY
4.83,4.94,4.68,4.7,165489226.0,000420.SZ,2026-03-26,吉林化纤,,CNY
4.65,4.84,4.65,4.83,133127083.0,000420.SZ,2026-03-27,吉林化纤,,CNY
4.78,4.85,4.67,4.83,121055263.0,000420.SZ,2026-03-30,吉林化纤,,CNY
4.83,4.9,4.72,4.73,115603590.0,000420.SZ,2026-03-31,吉林化纤,,CNY
4.85,4.89,4.75,4.8,109085774.0,000420.SZ,2026-04-01,吉林化纤,,CNY
4.82,4.84,4.64,4.68,97146661.0,000420.SZ,2026-04-02,吉林化纤,,CNY
4.68,4.7,4.45,4.45,104721788.0,000420.SZ,2026-04-03,吉林化纤,,CNY
4.55,4.75,4.52,4.72,137627481.0,000420.SZ,2026-04-07,吉林化纤,,CNY
4.73,4.86,4.67,4.86,134808790.0,000420.SZ,2026-04-08,吉林化纤,,CNY
4.81,5.17,4.79,5.02,214315008.0,000420.SZ,2026-04-09,吉林化纤,,CNY
5.0,5.22,4.96,4.97,184720217.0,000420.SZ,2026-04-10,吉林化纤,,CNY
4.98,5.07,4.91,5.06,130838040.0,000420.SZ,2026-04-13,吉林化纤,,CNY
5.09,5.12,4.96,5.03,95826550.0,000420.SZ,2026-04-14,吉林化纤,,CNY
5.04,5.07,4.96,4.98,84977355.0,000420.SZ,2026-04-15,吉林化纤,,CNY
5.0,5.01,4.92,5.01,76897172.0,000420.SZ,2026-04-16,吉林化纤,,CNY
4.99,5.25,4.99,5.23,195335194.0,000420.SZ,2026-04-17,吉林化纤,,CNY
5.23,5.49,5.14,5.4,225971026.0,000420.SZ,2026-04-20,吉林化纤,,CNY
5.37,5.38,5.21,5.29,138536480.0,000420.SZ,2026-04-21,吉林化纤,,CNY
5.3,5.34,5.21,5.28,110658461.0,000420.SZ,2026-04-22,吉林化纤,,CNY
5.26,5.37,5.23,5.26,126703372.0,000420.SZ,2026-04-23,吉林化纤,,CNY
5.22,5.27,5.06,5.13,133620521.0,000420.SZ,2026-04-24,吉林化纤,,CNY
5.16,5.21,5.05,5.15,84136567.0,000420.SZ,2026-04-27,吉林化纤,,CNY
5.12,5.2,5.1,5.16,86015412.0,000420.SZ,2026-04-28,吉林化纤,,CNY
5.1,5.22,4.97,5.15,113572613.0,000420.SZ,2026-04-29,吉林化纤,,CNY
5.2,5.23,5.05,5.11,81461619.0,000420.SZ,2026-04-30,吉林化纤,,CNY
7.71,7.71,7.26,7.71,125323096.0,000035.SZ,2026-03-02,中国天楹,,CNY
7.64,7.97,6.94,7.37,341316347.0,000035.SZ,2026-03-03,中国天楹,,CNY
6.9,7.67,6.63,7.57,239322460.0,000035.SZ,2026-03-04,中国天楹,,CNY
7.45,7.65,7.21,7.44,193324021.0,000035.SZ,2026-03-05,中国天楹,,CNY
7.75,8.18,7.45,7.82,281095517.0,000035.SZ,2026-03-06,中国天楹,,CNY
7.81,8.19,7.65,7.74,267369855.0,000035.SZ,2026-03-09,中国天楹,,CNY
7.3,8.46,7.3,8.13,239631468.0,000035.SZ,2026-03-10,中国天楹,,CNY
8.01,8.53,7.9,8.3,218228474.0,000035.SZ,2026-03-11,中国天楹,,CNY
8.22,8.34,7.81,8.1,184035657.0,000035.SZ,2026-03-12,中国天楹,,CNY
8.15,8.6,7.81,7.99,183532947.0,000035.SZ,2026-03-13,中国天楹,,CNY
7.92,8.02,7.39,7.68,154086331.0,000035.SZ,2026-03-16,中国天楹,,CNY
7.85,7.87,7.35,7.38,108675963.0,000035.SZ,2026-03-17,中国天楹,,CNY
7.41,7.65,7.14,7.27,111475518.0,000035.SZ,2026-03-18,中国天楹,,CNY
7.29,7.48,7.2,7.25,99441055.0,000035.SZ,2026-03-19,中国天楹,,CNY
7.05,7.3,6.88,6.95,118796234.0,000035.SZ,2026-03-20,中国天楹,,CNY
6.85,7.03,6.71,6.78,80860516.0,000035.SZ,2026-03-23,中国天楹,,CNY
7.05,7.46,7.05,7.46,173010978.0,000035.SZ,2026-03-24,中国天楹,,CNY
7.51,7.69,7.4,7.56,158563293.0,000035.SZ,2026-03-25,中国天楹,,CNY
7.5,7.52,7.15,7.17,98145026.0,000035.SZ,2026-03-26,中国天楹,,CNY
7.08,7.3,7.01,7.22,63539145.0,000035.SZ,2026-03-27,中国天楹,,CNY
7.15,7.27,6.91,7.07,63509750.0,000035.SZ,2026-03-30,中国天楹,,CNY
7.12,7.28,6.76,6.77,73442325.0,000035.SZ,2026-03-31,中国天楹,,CNY
6.9,6.99,6.83,6.94,54724386.0,000035.SZ,2026-04-01,中国天楹,,CNY
6.94,7.03,6.66,6.69,55794200.0,000035.SZ,2026-04-02,中国天楹,,CNY
6.7,6.71,6.47,6.49,43822878.0,000035.SZ,2026-04-03,中国天楹,,CNY
6.52,6.71,6.48,6.69,41836072.0,000035.SZ,2026-04-07,中国天楹,,CNY
6.8,7.04,6.77,6.92,57929120.0,000035.SZ,2026-04-08,中国天楹,,CNY
6.83,6.83,6.62,6.67,58692915.0,000035.SZ,2026-04-09,中国天楹,,CNY
6.79,6.81,6.6,6.62,53932073.0,000035.SZ,2026-04-10,中国天楹,,CNY
6.56,6.86,6.55,6.68,57809669.0,000035.SZ,2026-04-13,中国天楹,,CNY
6.68,6.76,6.55,6.69,49350700.0,000035.SZ,2026-04-14,中国天楹,,CNY
6.69,6.85,6.64,6.74,47476733.0,000035.SZ,2026-04-15,中国天楹,,CNY
6.78,6.88,6.72,6.81,48326980.0,000035.SZ,2026-04-16,中国天楹,,CNY
6.78,7.26,6.75,7.1,96574616.0,000035.SZ,2026-04-17,中国天楹,,CNY
7.1,7.35,7.05,7.15,94043506.0,000035.SZ,2026-04-20,中国天楹,,CNY
7.16,7.19,6.93,6.98,48353503.0,000035.SZ,2026-04-21,中国天楹,,CNY
6.97,7.06,6.91,7.02,42800973.0,000035.SZ,2026-04-22,中国天楹,,CNY
7.04,7.18,6.92,6.95,43666106.0,000035.SZ,2026-04-23,中国天楹,,CNY
6.97,6.99,6.8,6.85,40698900.0,000035.SZ,2026-04-24,中国天楹,,CNY
6.85,6.9,6.71,6.78,39422883.0,000035.SZ,2026-04-27,中国天楹,,CNY
6.76,6.77,6.66,6.7,30824565.0,000035.SZ,2026-04-28,中国天楹,,CNY
6.75,6.79,6.67,6.7,45092147.0,000035.SZ,2026-04-29,中国天楹,,CNY
6.67,6.69,6.42,6.53,54173717.0,000035.SZ,2026-04-30,中国天楹,,CNY
9.9,10.03,9.74,9.82,13805715.0,000037.SZ,2026-03-02,深南电,,CNY
9.81,9.99,9.56,9.58,15770700.0,000037.SZ,2026-03-03,深南电,,CNY
9.46,9.76,9.42,9.73,12685400.0,000037.SZ,2026-03-04,深南电,,CNY
9.78,9.98,9.77,9.86,11185801.0,000037.SZ,2026-03-05,深南电,,CNY
9.86,10.11,9.81,10.1,13853691.0,000037.SZ,2026-03-06,深南电,,CNY
10.05,10.16,9.98,10.06,11448800.0,000037.SZ,2026-03-09,深南电,,CNY
10.05,10.27,9.99,10.16,11811300.0,000037.SZ,2026-03-10,深南电,,CNY
10.12,10.15,9.86,10.13,14922021.0,000037.SZ,2026-03-11,深南电,,CNY
10.1,10.18,9.89,10.16,15847010.0,000037.SZ,2026-03-12,深南电,,CNY
10.1,10.16,9.86,9.89,15119200.0,000037.SZ,2026-03-13,深南电,,CNY
9.86,9.93,9.59,9.64,14745319.0,000037.SZ,2026-03-16,深南电,,CNY
9.64,9.82,9.56,9.58,11277606.0,000037.SZ,2026-03-17,深南电,,CNY
9.94,10.54,9.91,10.54,13123500.0,000037.SZ,2026-03-18,深南电,,CNY
10.56,11.2,10.32,10.6,88907549.0,000037.SZ,2026-03-19,深南电,,CNY
10.49,10.78,10.18,10.4,63247023.0,000037.SZ,2026-03-20,深南电,,CNY
10.28,10.59,9.96,10.09,49503282.0,000037.SZ,2026-03-23,深南电,,CNY
10.14,10.59,9.92,10.5,53497722.0,000037.SZ,2026-03-24,深南电,,CNY
10.48,10.98,10.36,10.9,65918688.0,000037.SZ,2026-03-25,深南电,,CNY
10.5,11.99,10.48,11.99,70219651.0,000037.SZ,2026-03-26,深南电,,CNY
11.99,13.19,11.55,12.4,106627644.0,000037.SZ,2026-03-27,深南电,,CNY
12.0,12.3,11.17,11.84,77657459.0,000037.SZ,2026-03-30,深南电,,CNY
11.6,13.02,11.38,13.02,82606424.0,000037.SZ,2026-03-31,深南电,,CNY
12.6,12.8,11.72,11.85,79299812.0,000037.SZ,2026-04-01,深南电,,CNY
11.46,11.94,10.81,10.83,61030448.0,000037.SZ,2026-04-02,深南电,,CNY
10.61,10.69,9.75,9.75,48558217.0,000037.SZ,2026-04-03,深南电,,CNY
9.49,9.83,9.3,9.66,34311670.0,000037.SZ,2026-04-07,深南电,,CNY
9.82,9.92,9.7,9.89,36393497.0,000037.SZ,2026-04-08,深南电,,CNY
9.75,9.75,9.42,9.51,34459677.0,000037.SZ,2026-04-09,深南电,,CNY
9.52,9.59,9.33,9.33,27473000.0,000037.SZ,2026-04-10,深南电,,CNY
9.22,9.78,9.21,9.76,32190926.0,000037.SZ,2026-04-13,深南电,,CNY
9.76,9.97,9.58,9.76,24242000.0,000037.SZ,2026-04-14,深南电,,CNY
9.8,10.08,9.54,9.89,36035750.0,000037.SZ,2026-04-15,深南电,,CNY
9.89,10.07,9.72,10.06,29500350.0,000037.SZ,2026-04-16,深南电,,CNY
10.07,11.07,10.03,11.07,22765590.0,000037.SZ,2026-04-17,深南电,,CNY
11.2,11.33,10.81,10.92,64799946.0,000037.SZ,2026-04-20,深南电,,CNY
10.92,11.48,10.45,11.4,73963251.0,000037.SZ,2026-04-21,深南电,,CNY
11.06,11.3,10.93,11.28,47695001.0,000037.SZ,2026-04-22,深南电,,CNY
11.17,11.93,10.63,11.58,65910951.0,000037.SZ,2026-04-23,深南电,,CNY
11.3,11.3,10.75,10.78,40556699.0,000037.SZ,2026-04-24,深南电,,CNY
10.7,11.1,10.44,11.02,33394000.0,000037.SZ,2026-04-27,深南电,,CNY
10.9,11.2,10.62,10.75,32119400.0,000037.SZ,2026-04-28,深南电,,CNY
10.75,11.09,10.6,10.92,35327722.0,000037.SZ,2026-04-29,深南电,,CNY
10.93,10.97,10.71,10.8,24549860.0,000037.SZ,2026-04-30,深南电,,CNY
18.5,18.68,17.5,17.97,17044721.0,000048.SZ,2026-03-02,京基智农,,CNY
18.16,18.16,17.4,17.41,10128905.0,000048.SZ,2026-03-03,京基智农,,CNY
17.2,17.65,17.17,17.35,5844194.0,000048.SZ,2026-03-04,京基智农,,CNY
17.6,17.79,17.42,17.69,6415614.0,000048.SZ,2026-03-05,京基智农,,CNY
17.63,18.39,17.44,18.36,9443100.0,000048.SZ,2026-03-06,京基智农,,CNY
18.25,19.21,18.1,18.7,12958419.0,000048.SZ,2026-03-09,京基智农,,CNY
18.63,19.75,18.48,19.19,16838751.0,000048.SZ,2026-03-10,京基智农,,CNY
19.2,19.95,19.2,19.54,14397774.0,000048.SZ,2026-03-11,京基智农,,CNY
19.55,20.36,19.4,20.21,19646885.0,000048.SZ,2026-03-12,京基智农,,CNY
20.34,21.77,20.32,20.81,21914382.0,000048.SZ,2026-03-13,京基智农,,CNY
21.0,21.22,19.9,20.16,15760540.0,000048.SZ,2026-03-16,京基智农,,CNY
20.29,20.49,19.3,19.36,13464740.0,000048.SZ,2026-03-17,京基智农,,CNY
19.5,21.3,19.5,21.3,14141529.0,000048.SZ,2026-03-18,京基智农,,CNY
21.92,22.0,20.76,21.4,29163051.0,000048.SZ,2026-03-19,京基智农,,CNY
21.23,21.65,20.31,20.41,18896996.0,000048.SZ,2026-03-20,京基智农,,CNY
20.21,20.21,19.1,19.4,17743993.0,000048.SZ,2026-03-23,京基智农,,CNY
19.68,19.96,19.23,19.92,11726900.0,000048.SZ,2026-03-24,京基智农,,CNY
19.9,20.15,19.55,19.68,9472004.0,000048.SZ,2026-03-25,京基智农,,CNY
19.67,20.29,19.53,20.0,12342290.0,000048.SZ,2026-03-26,京基智农,,CNY
19.81,20.95,19.11,20.55,15713073.0,000048.SZ,2026-03-27,京基智农,,CNY
20.71,22.61,20.5,22.61,39115224.0,000048.SZ,2026-03-30,京基智农,,CNY
23.3,24.24,23.06,23.66,37530182.0,000048.SZ,2026-03-31,京基智农,,CNY
23.32,23.37,21.29,21.29,15401800.0,000048.SZ,2026-04-01,京基智农,,CNY
20.0,20.6,19.16,19.16,13626200.0,000048.SZ,2026-04-02,京基智农,,CNY
17.88,18.2,17.24,17.24,39355303.0,000048.SZ,2026-04-03,京基智农,,CNY
16.54,16.7,16.08,16.16,31367410.0,000048.SZ,2026-04-07,京基智农,,CNY
16.25,16.95,16.21,16.61,26326464.0,000048.SZ,2026-04-08,京基智农,,CNY
16.22,16.29,15.57,15.67,26104500.0,000048.SZ,2026-04-09,京基智农,,CNY
15.75,15.9,15.31,15.35,19009532.0,000048.SZ,2026-04-10,京基智农,,CNY
15.13,15.52,15.02,15.4,14815876.0,000048.SZ,2026-04-13,京基智农,,CNY
15.3,15.68,15.06,15.66,20534544.0,000048.SZ,2026-04-14,京基智农,,CNY
15.64,15.74,15.28,15.55,16453507.0,000048.SZ,2026-04-15,京基智农,,CNY
15.53,15.63,15.31,15.39,11776800.0,000048.SZ,2026-04-16,京基智农,,CNY
15.35,15.35,14.6,14.86,18182438.0,000048.SZ,2026-04-17,京基智农,,CNY
14.82,15.09,14.75,15.02,12247583.0,000048.SZ,2026-04-20,京基智农,,CNY
15.06,15.21,14.84,14.95,12831003.0,000048.SZ,2026-04-21,京基智农,,CNY
14.9,15.1,14.73,14.78,12400772.0,000048.SZ,2026-04-22,京基智农,,CNY
14.66,14.75,14.41,14.55,11388501.0,000048.SZ,2026-04-23,京基智农,,CNY
14.55,14.55,14.06,14.24,12183602.0,000048.SZ,2026-04-24,京基智农,,CNY
14.08,14.18,13.78,13.94,12174851.0,000048.SZ,2026-04-27,京基智农,,CNY
14.03,14.24,14.0,14.19,12153332.0,000048.SZ,2026-04-28,京基智农,,CNY
14.16,14.85,14.12,14.72,16892583.0,000048.SZ,2026-04-29,京基智农,,CNY
14.5,14.94,14.31,14.74,11605803.0,000048.SZ,2026-04-30,京基智农,,CNY
26.25,26.34,25.52,25.76,7022344.0,000049.SZ,2026-03-02,德赛电池,,CNY
25.86,26.26,25.41,25.47,7073617.0,000049.SZ,2026-03-03,德赛电池,,CNY
25.0,25.61,25.0,25.13,4725000.0,000049.SZ,2026-03-04,德赛电池,,CNY
25.56,25.68,25.19,25.28,4116508.0,000049.SZ,2026-03-05,德赛电池,,CNY
25.32,25.56,25.2,25.4,3185445.0,000049.SZ,2026-03-06,德赛电池,,CNY
25.05,25.64,24.61,25.54,6885752.0,000049.SZ,2026-03-09,德赛电池,,CNY
25.68,25.87,25.65,25.82,4303659.0,000049.SZ,2026-03-10,德赛电池,,CNY
25.78,27.05,25.7,26.59,12861642.0,000049.SZ,2026-03-11,德赛电池,,CNY
26.63,26.82,26.38,26.8,8344085.0,000049.SZ,2026-03-12,德赛电池,,CNY
26.66,27.8,26.61,27.09,15362991.0,000049.SZ,2026-03-13,德赛电池,,CNY
27.12,27.55,26.63,27.37,11780760.0,000049.SZ,2026-03-16,德赛电池,,CNY
27.47,28.0,26.85,26.88,9052664.0,000049.SZ,2026-03-17,德赛电池,,CNY
26.9,26.99,26.36,26.79,6359557.0,000049.SZ,2026-03-18,德赛电池,,CNY
26.51,26.97,26.32,26.83,7505263.0,000049.SZ,2026-03-19,德赛电池,,CNY
26.83,28.18,26.79,27.75,23819429.0,000049.SZ,2026-03-20,德赛电池,,CNY
27.38,27.7,26.54,26.61,17459149.0,000049.SZ,2026-03-23,德赛电池,,CNY
27.14,28.5,26.71,28.44,28205594.0,000049.SZ,2026-03-24,德赛电池,,CNY
28.23,28.54,27.81,27.99,21297161.0,000049.SZ,2026-03-25,德赛电池,,CNY
27.78,28.16,27.37,27.53,15247325.0,000049.SZ,2026-03-26,德赛电池,,CNY
27.08,27.63,26.9,27.42,14378224.0,000049.SZ,2026-03-27,德赛电池,,CNY
27.14,27.5,26.62,27.3,12938151.0,000049.SZ,2026-03-30,德赛电池,,CNY
27.15,27.24,26.01,26.04,14780023.0,000049.SZ,2026-03-31,德赛电池,,CNY
26.48,26.74,25.98,26.25,10621720.0,000049.SZ,2026-04-01,德赛电池,,CNY
26.0,26.39,25.32,25.67,9653786.0,000049.SZ,2026-04-02,德赛电池,,CNY
25.78,25.78,24.53,24.56,9976230.0,000049.SZ,2026-04-03,德赛电池,,CNY
24.67,25.29,24.45,24.88,6437273.0,000049.SZ,2026-04-07,德赛电池,,CNY
25.27,25.39,25.0,25.26,11617270.0,000049.SZ,2026-04-08,德赛电池,,CNY
25.0,25.67,24.67,25.44,9987454.0,000049.SZ,2026-04-09,德赛电池,,CNY
25.63,27.6,25.62,26.86,27158145.0,000049.SZ,2026-04-10,德赛电池,,CNY
26.5,27.3,26.5,27.21,15433382.0,000049.SZ,2026-04-13,德赛电池,,CNY
27.3,27.6,27.07,27.57,12432444.0,000049.SZ,2026-04-14,德赛电池,,CNY
27.6,27.61,27.1,27.17,8536920.0,000049.SZ,2026-04-15,德赛电池,,CNY
27.24,27.67,27.04,27.3,8375767.0,000049.SZ,2026-04-16,德赛电池,,CNY
27.24,28.0,27.15,27.82,12611427.0,000049.SZ,2026-04-17,德赛电池,,CNY
27.82,27.9,27.54,27.64,7793817.0,000049.SZ,2026-04-20,德赛电池,,CNY
27.63,29.78,27.37,29.64,32377105.0,000049.SZ,2026-04-21,德赛电池,,CNY
29.42,31.5,29.42,30.17,41028484.0,000049.SZ,2026-04-22,德赛电池,,CNY
29.8,30.0,27.97,28.77,29298927.0,000049.SZ,2026-04-23,德赛电池,,CNY
28.6,29.4,28.38,28.92,24619742.0,000049.SZ,2026-04-24,德赛电池,,CNY
28.87,29.28,28.4,28.64,15876082.0,000049.SZ,2026-04-27,德赛电池,,CNY
28.47,28.78,28.04,28.29,12489040.0,000049.SZ,2026-04-28,德赛电池,,CNY
28.12,30.18,27.97,29.73,27997676.0,000049.SZ,2026-04-29,德赛电池,,CNY
29.59,30.06,28.93,29.04,17680273.0,000049.SZ,2026-04-30,德赛电池,,CNY
3.96,4.0,3.88,3.94,10150775.0,000055.SZ,2026-03-02,方大集团,,CNY
3.96,3.98,3.88,3.88,10611228.0,000055.SZ,2026-03-03,方大集团,,CNY
3.85,3.89,3.75,3.8,13447450.0,000055.SZ,2026-03-04,方大集团,,CNY
3.87,3.89,3.82,3.85,8024453.0,000055.SZ,2026-03-05,方大集团,,CNY
3.85,3.97,3.83,3.95,9835394.0,000055.SZ,2026-03-06,方大集团,,CNY
3.92,3.98,3.88,3.94,9370200.0,000055.SZ,2026-03-09,方大集团,,CNY
3.96,3.97,3.91,3.94,9376010.0,000055.SZ,2026-03-10,方大集团,,CNY
3.94,3.95,3.9,3.94,7270773.0,000055.SZ,2026-03-11,方大集团,,CNY
3.92,3.94,3.89,3.91,7478635.0,000055.SZ,2026-03-12,方大集团,,CNY
3.9,3.95,3.88,3.89,8764434.0,000055.SZ,2026-03-13,方大集团,,CNY
3.9,3.94,3.87,3.91,9127500.0,000055.SZ,2026-03-16,方大集团,,CNY
3.91,3.97,3.86,3.87,9958000.0,000055.SZ,2026-03-17,方大集团,,CNY
3.89,3.89,3.79,3.88,8812624.0,000055.SZ,2026-03-18,方大集团,,CNY
3.86,3.87,3.72,3.77,9931909.0,000055.SZ,2026-03-19,方大集团,,CNY
3.77,3.78,3.59,3.59,14110682.0,000055.SZ,2026-03-20,方大集团,,CNY
3.53,3.55,3.37,3.38,13397133.0,000055.SZ,2026-03-23,方大集团,,CNY
3.49,3.61,3.41,3.6,14410679.0,000055.SZ,2026-03-24,方大集团,,CNY
3.64,3.69,3.57,3.67,7890296.0,000055.SZ,2026-03-25,方大集团,,CNY
3.67,3.71,3.59,3.62,8045658.0,000055.SZ,2026-03-26,方大集团,,CNY
3.62,3.69,3.58,3.67,7914200.0,000055.SZ,2026-03-27,方大集团,,CNY
3.65,3.69,3.59,3.68,8558258.0,000055.SZ,2026-03-30,方大集团,,CNY
3.69,3.73,3.62,3.63,7094900.0,000055.SZ,2026-03-31,方大集团,,CNY
3.7,3.73,3.62,3.66,8301359.0,000055.SZ,2026-04-01,方大集团,,CNY
3.63,3.66,3.55,3.59,6693000.0,000055.SZ,2026-04-02,方大集团,,CNY
3.61,3.63,3.41,3.42,8519642.0,000055.SZ,2026-04-03,方大集团,,CNY
3.42,3.56,3.41,3.56,9089742.0,000055.SZ,2026-04-07,方大集团,,CNY
3.61,3.64,3.57,3.63,12513100.0,000055.SZ,2026-04-08,方大集团,,CNY
3.63,3.63,3.49,3.5,12023300.0,000055.SZ,2026-04-09,方大集团,,CNY
3.54,3.59,3.5,3.51,10661500.0,000055.SZ,2026-04-10,方大集团,,CNY
3.48,3.56,3.46,3.53,8280515.0,000055.SZ,2026-04-13,方大集团,,CNY
3.56,3.58,3.48,3.53,8952201.0,000055.SZ,2026-04-14,方大集团,,CNY
3.55,3.55,3.45,3.46,9369104.0,000055.SZ,2026-04-15,方大集团,,CNY
3.47,3.53,3.43,3.52,9863850.0,000055.SZ,2026-04-16,方大集团,,CNY
3.51,3.52,3.41,3.44,10697901.0,000055.SZ,2026-04-17,方大集团,,CNY
3.45,3.46,3.37,3.43,10113366.0,000055.SZ,2026-04-20,方大集团,,CNY
3.41,3.44,3.37,3.4,9230733.0,000055.SZ,2026-04-21,方大集团,,CNY
3.38,3.42,3.37,3.39,6449681.0,000055.SZ,2026-04-22,方大集团,,CNY
3.42,3.44,3.35,3.39,7945500.0,000055.SZ,2026-04-23,方大集团,,CNY
3.38,3.46,3.36,3.44,11072751.0,000055.SZ,2026-04-24,方大集团,,CNY
3.45,3.52,3.35,3.5,12213681.0,000055.SZ,2026-04-27,方大集团,,CNY
3.59,3.77,3.55,3.65,26583600.0,000055.SZ,2026-04-28,方大集团,,CNY
3.63,3.7,3.62,3.64,18544225.0,000055.SZ,2026-04-29,方大集团,,CNY
3.64,3.71,3.63,3.65,10949491.0,000055.SZ,2026-04-30,方大集团,,CNY
6.3,6.43,6.11,6.33,88718804.0,000059.SZ,2026-03-02,华锦股份,,CNY
6.35,6.9,6.17,6.67,126141488.0,000059.SZ,2026-03-03,华锦股份,,CNY
6.61,6.61,6.01,6.15,95930282.0,000059.SZ,2026-03-04,华锦股份,,CNY
6.01,6.33,5.89,6.2,77951243.0,000059.SZ,2026-03-05,华锦股份,,CNY
6.05,6.15,5.96,6.11,54521675.0,000059.SZ,2026-03-06,华锦股份,,CNY
6.37,6.44,5.8,5.82,102677497.0,000059.SZ,2026-03-09,华锦股份,,CNY
5.65,5.81,5.64,5.74,53388724.0,000059.SZ,2026-03-10,华锦股份,,CNY
5.72,5.74,5.56,5.68,42733811.0,000059.SZ,2026-03-11,华锦股份,,CNY
5.78,6.05,5.74,5.98,81095489.0,000059.SZ,2026-03-12,华锦股份,,CNY
6.15,6.4,6.0,6.06,89361014.0,000059.SZ,2026-03-13,华锦股份,,CNY
6.14,6.27,5.92,5.94,48369426.0,000059.SZ,2026-03-16,华锦股份,,CNY
5.92,6.07,5.85,5.87,34573833.0,000059.SZ,2026-03-17,华锦股份,,CNY
5.85,5.88,5.68,5.78,39581400.0,000059.SZ,2026-03-18,华锦股份,,CNY
5.86,5.93,5.66,5.72,39240956.0,000059.SZ,2026-03-19,华锦股份,,CNY
5.68,5.74,5.57,5.57,30423300.0,000059.SZ,2026-03-20,华锦股份,,CNY
5.44,5.5,5.22,5.26,52012435.0,000059.SZ,2026-03-23,华锦股份,,CNY
5.35,5.41,5.16,5.35,37024441.0,000059.SZ,2026-03-24,华锦股份,,CNY
5.33,5.41,5.25,5.34,32326152.0,000059.SZ,2026-03-25,华锦股份,,CNY
5.34,5.46,5.33,5.36,28741909.0,000059.SZ,2026-03-26,华锦股份,,CNY
5.33,5.61,5.3,5.52,44819010.0,000059.SZ,2026-03-27,华锦股份,,CNY
5.48,5.57,5.31,5.42,37470822.0,000059.SZ,2026-03-30,华锦股份,,CNY
5.41,5.49,5.34,5.35,25652000.0,000059.SZ,2026-03-31,华锦股份,,CNY
5.39,5.5,5.36,5.41,28770124.0,000059.SZ,2026-04-01,华锦股份,,CNY
5.43,5.5,5.3,5.33,25677900.0,000059.SZ,2026-04-02,华锦股份,,CNY
5.32,5.33,5.11,5.13,26557941.0,000059.SZ,2026-04-03,华锦股份,,CNY
5.13,5.36,5.06,5.35,28804946.0,000059.SZ,2026-04-07,华锦股份,,CNY
5.32,5.45,5.26,5.43,31100953.0,000059.SZ,2026-04-08,华锦股份,,CNY
5.41,5.48,5.28,5.32,26895131.0,000059.SZ,2026-04-09,华锦股份,,CNY
5.33,5.42,5.29,5.32,18171738.0,000059.SZ,2026-04-10,华锦股份,,CNY
5.3,5.39,5.23,5.37,24832543.0,000059.SZ,2026-04-13,华锦股份,,CNY
5.38,5.38,5.24,5.32,25823456.0,000059.SZ,2026-04-14,华锦股份,,CNY
5.32,5.32,5.24,5.27,18677494.0,000059.SZ,2026-04-15,华锦股份,,CNY
5.26,5.33,5.23,5.28,18740590.0,000059.SZ,2026-04-16,华锦股份,,CNY
5.3,5.31,5.2,5.24,22863101.0,000059.SZ,2026-04-17,华锦股份,,CNY
5.25,5.39,5.23,5.29,25055306.0,000059.SZ,2026-04-20,华锦股份,,CNY
5.28,5.33,5.2,5.29,17983200.0,000059.SZ,2026-04-21,华锦股份,,CNY
5.28,5.33,5.22,5.24,19606811.0,000059.SZ,2026-04-22,华锦股份,,CNY
5.23,5.34,5.14,5.29,29660857.0,000059.SZ,2026-04-23,华锦股份,,CNY
5.28,5.46,5.26,5.44,33491813.0,000059.SZ,2026-04-24,华锦股份,,CNY
5.46,5.5,5.37,5.49,26381740.0,000059.SZ,2026-04-27,华锦股份,,CNY
5.5,5.6,5.4,5.53,45922853.0,000059.SZ,2026-04-28,华锦股份,,CNY
5.51,5.64,5.49,5.61,37565512.0,000059.SZ,2026-04-29,华锦股份,,CNY
5.61,5.75,5.59,5.69,35669000.0,000059.SZ,2026-04-30,华锦股份,,CNY
9.12,9.45,9.06,9.3,21378705.0,000061.SZ,2026-03-02,深农集团,,CNY
9.35,9.58,9.17,9.23,24298431.0,000061.SZ,2026-03-03,深农集团,,CNY
9.24,9.47,9.04,9.12,20645693.0,000061.SZ,2026-03-04,深农集团,,CNY
9.12,9.13,8.81,8.84,19300497.0,000061.SZ,2026-03-05,深农集团,,CNY
8.8,9.3,8.75,9.29,22698641.0,000061.SZ,2026-03-06,深农集团,,CNY
9.3,9.56,9.14,9.16,15779074.0,000061.SZ,2026-03-09,深农集团,,CNY
9.16,9.29,9.11,9.21,11379677.0,000061.SZ,2026-03-10,深农集团,,CNY
9.22,9.37,9.16,9.33,13663487.0,000061.SZ,2026-03-11,深农集团,,CNY
9.33,9.39,9.2,9.32,10177154.0,000061.SZ,2026-03-12,深农集团,,CNY
9.33,9.4,9.2,9.22,8963910.0,000061.SZ,2026-03-13,深农集团,,CNY
9.22,9.36,9.06,9.2,10929465.0,000061.SZ,2026-03-16,深农集团,,CNY
9.19,9.22,8.94,9.02,15897213.0,000061.SZ,2026-03-17,深农集团,,CNY
9.01,9.01,8.83,8.87,8929834.0,000061.SZ,2026-03-18,深农集团,,CNY
8.8,8.82,8.4,8.47,14169586.0,000061.SZ,2026-03-19,深农集团,,CNY
8.5,8.72,8.45,8.48,10911012.0,000061.SZ,2026-03-20,深农集团,,CNY
8.46,8.46,7.96,8.05,14431799.0,000061.SZ,2026-03-23,深农集团,,CNY
8.18,8.21,7.97,8.1,10476179.0,000061.SZ,2026-03-24,深农集团,,CNY
8.12,8.37,7.98,8.04,23565547.0,000061.SZ,2026-03-25,深农集团,,CNY
8.0,8.09,7.89,7.95,15468020.0,000061.SZ,2026-03-26,深农集团,,CNY
7.88,7.93,7.43,7.77,34810254.0,000061.SZ,2026-03-27,深农集团,,CNY
7.61,7.74,7.33,7.48,39767522.0,000061.SZ,2026-03-30,深农集团,,CNY
7.45,7.58,7.34,7.38,22999522.0,000061.SZ,2026-03-31,深农集团,,CNY
7.48,7.52,7.38,7.43,15240350.0,000061.SZ,2026-04-01,深农集团,,CNY
7.4,7.47,7.35,7.41,11426279.0,000061.SZ,2026-04-02,深农集团,,CNY
7.39,7.41,7.07,7.09,18041551.0,000061.SZ,2026-04-03,深农集团,,CNY
7.13,7.25,7.03,7.15,21925781.0,000061.SZ,2026-04-07,深农集团,,CNY
7.19,7.34,7.18,7.32,21598427.0,000061.SZ,2026-04-08,深农集团,,CNY
7.29,7.3,7.15,7.21,14427402.0,000061.SZ,2026-04-09,深农集团,,CNY
7.25,7.32,7.2,7.23,10357968.0,000061.SZ,2026-04-10,深农集团,,CNY
7.18,7.23,7.11,7.22,10539344.0,000061.SZ,2026-04-13,深农集团,,CNY
7.28,7.33,7.17,7.3,14748272.0,000061.SZ,2026-04-14,深农集团,,CNY
7.43,7.46,7.28,7.3,14845518.0,000061.SZ,2026-04-15,深农集团,,CNY
7.31,7.37,7.25,7.34,12742374.0,000061.SZ,2026-04-16,深农集团,,CNY
7.34,7.45,7.25,7.43,16494038.0,000061.SZ,2026-04-17,深农集团,,CNY
7.39,7.49,7.37,7.41,11736466.0,000061.SZ,2026-04-20,深农集团,,CNY
7.42,7.57,7.36,7.54,15508004.0,000061.SZ,2026-04-21,深农集团,,CNY
7.48,7.57,7.41,7.5,12322400.0,000061.SZ,2026-04-22,深农集团,,CNY
7.46,7.53,7.39,7.52,11808098.0,000061.SZ,2026-04-23,深农集团,,CNY
7.48,7.51,7.39,7.43,9127500.0,000061.SZ,2026-04-24,深农集团,,CNY
7.4,7.5,7.38,7.4,9053300.0,000061.SZ,2026-04-27,深农集团,,CNY
7.37,7.37,7.16,7.24,17588800.0,000061.SZ,2026-04-28,深农集团,,CNY
7.27,7.48,7.24,7.45,15003248.0,000061.SZ,2026-04-29,深农集团,,CNY
7.42,7.49,7.36,7.38,12169084.0,000061.SZ,2026-04-30,深农集团,,CNY
3.54,3.59,3.44,3.48,20796400.0,000068.SZ,2026-03-02,华控赛格,,CNY
3.5,3.53,3.41,3.42,16619700.0,000068.SZ,2026-03-03,华控赛格,,CNY
3.4,3.43,3.35,3.37,13259120.0,000068.SZ,2026-03-04,华控赛格,,CNY
3.42,3.5,3.42,3.48,15918300.0,000068.SZ,2026-03-05,华控赛格,,CNY
3.45,3.55,3.44,3.55,13756821.0,000068.SZ,2026-03-06,华控赛格,,CNY
3.51,3.55,3.47,3.49,11253500.0,000068.SZ,2026-03-09,华控赛格,,CNY
3.52,3.56,3.5,3.53,13287800.0,000068.SZ,2026-03-10,华控赛格,,CNY
3.52,3.53,3.48,3.49,12949402.0,000068.SZ,2026-03-11,华控赛格,,CNY
3.5,3.52,3.44,3.45,14451787.0,000068.SZ,2026-03-12,华控赛格,,CNY
3.45,3.54,3.43,3.45,16370301.0,000068.SZ,2026-03-13,华控赛格,,CNY
3.46,3.52,3.43,3.5,14658600.0,000068.SZ,2026-03-16,华控赛格,,CNY
3.48,3.54,3.46,3.46,15480936.0,000068.SZ,2026-03-17,华控赛格,,CNY
3.49,3.5,3.43,3.5,12155619.0,000068.SZ,2026-03-18,华控赛格,,CNY
3.47,3.52,3.43,3.44,15144618.0,000068.SZ,2026-03-19,华控赛格,,CNY
3.44,3.48,3.34,3.36,16250499.0,000068.SZ,2026-03-20,华控赛格,,CNY
3.29,3.32,3.13,3.15,18124099.0,000068.SZ,2026-03-23,华控赛格,,CNY
3.23,3.35,3.18,3.34,20689900.0,000068.SZ,2026-03-24,华控赛格,,CNY
3.36,3.45,3.31,3.42,20733299.0,000068.SZ,2026-03-25,华控赛格,,CNY
3.47,3.5,3.35,3.37,21394300.0,000068.SZ,2026-03-26,华控赛格,,CNY
3.32,3.44,3.32,3.43,16328100.0,000068.SZ,2026-03-27,华控赛格,,CNY
3.42,3.46,3.36,3.44,13756554.0,000068.SZ,2026-03-30,华控赛格,,CNY
3.44,3.48,3.37,3.39,10414595.0,000068.SZ,2026-03-31,华控赛格,,CNY
3.43,3.47,3.33,3.35,16644500.0,000068.SZ,2026-04-01,华控赛格,,CNY
3.35,3.38,3.26,3.3,13368200.0,000068.SZ,2026-04-02,华控赛格,,CNY
3.34,3.35,3.17,3.19,15716600.0,000068.SZ,2026-04-03,华控赛格,,CNY
3.21,3.3,3.17,3.28,13409300.0,000068.SZ,2026-04-07,华控赛格,,CNY
3.34,3.37,3.29,3.37,11842674.0,000068.SZ,2026-04-08,华控赛格,,CNY
3.36,3.38,3.3,3.3,8279200.0,000068.SZ,2026-04-09,华控赛格,,CNY
3.31,3.37,3.31,3.33,10196544.0,000068.SZ,2026-04-10,华控赛格,,CNY
3.31,3.36,3.29,3.33,8554276.0,000068.SZ,2026-04-13,华控赛格,,CNY
3.35,3.36,3.28,3.32,8659577.0,000068.SZ,2026-04-14,华控赛格,,CNY
3.32,3.33,3.25,3.26,8514601.0,000068.SZ,2026-04-15,华控赛格,,CNY
3.27,3.32,3.23,3.31,7975661.0,000068.SZ,2026-04-16,华控赛格,,CNY
3.31,3.32,3.23,3.24,10852700.0,000068.SZ,2026-04-17,华控赛格,,CNY
3.25,3.26,3.21,3.25,7246500.0,000068.SZ,2026-04-20,华控赛格,,CNY
3.25,3.26,3.2,3.23,10149800.0,000068.SZ,2026-04-21,华控赛格,,CNY
3.23,3.23,3.18,3.19,7953966.0,000068.SZ,2026-04-22,华控赛格,,CNY
3.19,3.22,3.15,3.19,11792995.0,000068.SZ,2026-04-23,华控赛格,,CNY
3.17,3.25,3.16,3.23,12172698.0,000068.SZ,2026-04-24,华控赛格,,CNY
3.24,3.32,3.17,3.32,15752000.0,000068.SZ,2026-04-27,华控赛格,,CNY
3.29,3.3,3.13,3.19,22603801.0,000068.SZ,2026-04-28,华控赛格,,CNY
3.19,3.31,3.18,3.28,17017384.0,000068.SZ,2026-04-29,华控赛格,,CNY
3.31,3.32,3.25,3.28,11687000.0,000068.SZ,2026-04-30,华控赛格,,CNY
3.44,3.45,3.3,3.36,101044336.0,000078.SZ,2026-03-02,海王生物,,CNY
3.35,3.39,3.22,3.23,81785919.0,000078.SZ,2026-03-03,海王生物,,CNY
3.17,3.25,3.14,3.21,48520934.0,000078.SZ,2026-03-04,海王生物,,CNY
3.25,3.32,3.24,3.28,62016998.0,000078.SZ,2026-03-05,海王生物,,CNY
3.26,3.37,3.24,3.36,56691857.0,000078.SZ,2026-03-06,海王生物,,CNY
3.31,3.34,3.26,3.31,53659304.0,000078.SZ,2026-03-09,海王生物,,CNY
3.33,3.35,3.3,3.32,45559100.0,000078.SZ,2026-03-10,海王生物,,CNY
3.3,3.32,3.27,3.29,48258231.0,000078.SZ,2026-03-11,海王生物,,CNY
3.28,3.31,3.26,3.27,36794650.0,000078.SZ,2026-03-12,海王生物,,CNY
3.27,3.3,3.23,3.25,45879510.0,000078.SZ,2026-03-13,海王生物,,CNY
3.27,3.34,3.25,3.29,55881345.0,000078.SZ,2026-03-16,海王生物,,CNY
3.3,3.34,3.24,3.25,76014976.0,000078.SZ,2026-03-17,海王生物,,CNY
3.23,3.25,3.17,3.21,49366325.0,000078.SZ,2026-03-18,海王生物,,CNY
3.17,3.2,3.09,3.11,57025853.0,000078.SZ,2026-03-19,海王生物,,CNY
3.11,3.13,3.04,3.05,45318547.0,000078.SZ,2026-03-20,海王生物,,CNY
2.98,3.03,2.86,2.89,67556062.0,000078.SZ,2026-03-23,海王生物,,CNY
2.96,3.05,2.93,3.05,88709236.0,000078.SZ,2026-03-24,海王生物,,CNY
3.06,3.1,3.01,3.09,50885880.0,000078.SZ,2026-03-25,海王生物,,CNY
3.06,3.13,3.02,3.04,41803874.0,000078.SZ,2026-03-26,海王生物,,CNY
3.0,3.16,2.98,3.15,62733794.0,000078.SZ,2026-03-27,海王生物,,CNY
3.12,3.2,3.1,3.2,60825853.0,000078.SZ,2026-03-30,海王生物,,CNY
3.16,3.24,3.13,3.14,58901350.0,000078.SZ,2026-03-31,海王生物,,CNY
3.17,3.45,3.08,3.45,123533905.0,000078.SZ,2026-04-01,海王生物,,CNY
3.79,3.79,3.46,3.61,434673311.0,000078.SZ,2026-04-02,海王生物,,CNY
3.49,3.76,3.39,3.58,328964546.0,000078.SZ,2026-04-03,海王生物,,CNY
3.45,3.7,3.22,3.7,339599137.0,000078.SZ,2026-04-07,海王生物,,CNY
3.67,3.67,3.44,3.49,273172918.0,000078.SZ,2026-04-08,海王生物,,CNY
3.46,3.84,3.41,3.84,305134789.0,000078.SZ,2026-04-09,海王生物,,CNY
3.71,3.88,3.66,3.77,420750134.0,000078.SZ,2026-04-10,海王生物,,CNY
3.69,3.72,3.57,3.62,224839799.0,000078.SZ,2026-04-13,海王生物,,CNY
3.62,3.71,3.47,3.66,252430800.0,000078.SZ,2026-04-14,海王生物,,CNY
3.68,4.03,3.61,4.02,470161551.0,000078.SZ,2026-04-15,海王生物,,CNY
3.86,3.94,3.78,3.91,308857167.0,000078.SZ,2026-04-16,海王生物,,CNY
3.83,3.9,3.75,3.77,183482495.0,000078.SZ,2026-04-17,海王生物,,CNY
3.73,3.9,3.67,3.9,201548590.0,000078.SZ,2026-04-20,海王生物,,CNY
3.82,3.91,3.7,3.72,171051098.0,000078.SZ,2026-04-21,海王生物,,CNY
3.68,3.7,3.49,3.55,168889304.0,000078.SZ,2026-04-22,海王生物,,CNY
3.52,3.52,3.32,3.33,174242925.0,000078.SZ,2026-04-23,海王生物,,CNY
3.31,3.43,3.28,3.35,104812126.0,000078.SZ,2026-04-24,海王生物,,CNY
3.3,3.31,3.15,3.19,104163783.0,000078.SZ,2026-04-27,海王生物,,CNY
3.22,3.44,3.2,3.27,108150934.0,000078.SZ,2026-04-28,海王生物,,CNY
3.17,3.23,3.15,3.18,93706113.0,000078.SZ,2026-04-29,海王生物,,CNY
3.94,3.96,3.89,3.92,25381626.0,000090.SZ,2026-03-02,天健集团,,CNY
3.93,3.95,3.83,3.85,29171026.0,000090.SZ,2026-03-03,天健集团,,CNY
3.85,3.88,3.78,3.85,25473997.0,000090.SZ,2026-03-04,天健集团,,CNY
3.87,3.9,3.85,3.87,17162914.0,000090.SZ,2026-03-05,天健集团,,CNY
3.85,3.93,3.84,3.92,17695954.0,000090.SZ,2026-03-06,天健集团,,CNY
3.9,3.95,3.86,3.89,19107567.0,000090.SZ,2026-03-09,天健集团,,CNY
3.91,3.93,3.89,3.92,14923342.0,000090.SZ,2026-03-10,天健集团,,CNY
3.92,3.98,3.88,3.97,23825786.0,000090.SZ,2026-03-11,天健集团,,CNY
3.97,4.03,3.96,3.99,24395088.0,000090.SZ,2026-03-12,天健集团,,CNY
3.98,4.04,3.97,3.99,27212907.0,000090.SZ,2026-03-13,天健集团,,CNY
3.97,4.02,3.95,3.98,18010184.0,000090.SZ,2026-03-16,天健集团,,CNY
3.97,4.03,3.96,3.97,20883384.0,000090.SZ,2026-03-17,天健集团,,CNY
3.98,3.98,3.85,3.89,24047323.0,000090.SZ,2026-03-18,天健集团,,CNY
3.86,3.89,3.8,3.81,21976128.0,000090.SZ,2026-03-19,天健集团,,CNY
3.81,3.84,3.75,3.75,22568392.0,000090.SZ,2026-03-20,天健集团,,CNY
3.71,3.72,3.49,3.5,38397332.0,000090.SZ,2026-03-23,天健集团,,CNY
3.55,3.57,3.48,3.56,44935892.0,000090.SZ,2026-03-24,天健集团,,CNY
3.56,3.66,3.53,3.64,33819775.0,000090.SZ,2026-03-25,天健集团,,CNY
3.63,3.68,3.58,3.59,21769436.0,000090.SZ,2026-03-26,天健集团,,CNY
3.55,3.61,3.54,3.6,20783584.0,000090.SZ,2026-03-27,天健集团,,CNY
3.55,3.62,3.51,3.61,18755972.0,000090.SZ,2026-03-30,天健集团,,CNY
3.63,3.68,3.59,3.6,19515322.0,000090.SZ,2026-03-31,天健集团,,CNY
3.65,3.67,3.6,3.62,17928985.0,000090.SZ,2026-04-01,天健集团,,CNY
3.63,3.63,3.56,3.58,14872894.0,000090.SZ,2026-04-02,天健集团,,CNY
3.57,3.59,3.48,3.5,19462400.0,000090.SZ,2026-04-03,天健集团,,CNY
3.49,3.56,3.47,3.56,13597538.0,000090.SZ,2026-04-07,天健集团,,CNY
3.59,3.65,3.58,3.64,19100367.0,000090.SZ,2026-04-08,天健集团,,CNY
3.62,3.63,3.57,3.58,14069700.0,000090.SZ,2026-04-09,天健集团,,CNY
3.6,3.64,3.59,3.61,13804615.0,000090.SZ,2026-04-10,天健集团,,CNY
3.6,3.65,3.58,3.62,15903092.0,000090.SZ,2026-04-13,天健集团,,CNY
3.62,3.67,3.61,3.67,20999800.0,000090.SZ,2026-04-14,天健集团,,CNY
3.66,3.68,3.63,3.64,15052609.0,000090.SZ,2026-04-15,天健集团,,CNY
3.64,3.66,3.62,3.65,10942748.0,000090.SZ,2026-04-16,天健集团,,CNY
3.65,3.7,3.65,3.66,18010296.0,000090.SZ,2026-04-17,天健集团,,CNY
3.66,3.67,3.61,3.63,15789663.0,000090.SZ,2026-04-20,天健集团,,CNY
3.64,3.73,3.63,3.71,27956320.0,000090.SZ,2026-04-21,天健集团,,CNY
3.69,3.72,3.64,3.65,17324970.0,000090.SZ,2026-04-22,天健集团,,CNY
3.65,3.65,3.57,3.59,25522549.0,000090.SZ,2026-04-23,天健集团,,CNY
3.58,3.6,3.51,3.52,22962392.0,000090.SZ,2026-04-24,天健集团,,CNY
3.52,3.54,3.46,3.54,18520503.0,000090.SZ,2026-04-27,天健集团,,CNY
3.51,3.55,3.48,3.51,15407193.0,000090.SZ,2026-04-28,天健集团,,CNY
3.47,3.53,3.46,3.5,33277340.0,000090.SZ,2026-04-29,天健集团,,CNY
3.54,3.55,3.49,3.52,23231601.0,000090.SZ,2026-04-30,天健集团,,CNY
13.87,14.62,13.81,14.39,29947111.0,000672.SZ,2026-03-02,上峰水泥,,CNY
14.35,14.77,14.28,14.38,27266704.0,000672.SZ,2026-03-03,上峰水泥,,CNY
14.19,14.87,14.19,14.65,23026883.0,000672.SZ,2026-03-04,上峰水泥,,CNY
14.88,14.93,14.27,14.42,17252452.0,000672.SZ,2026-03-05,上峰水泥,,CNY
14.36,14.7,14.21,14.55,14116223.0,000672.SZ,2026-03-06,上峰水泥,,CNY
14.2,14.38,13.65,14.0,20770341.0,000672.SZ,2026-03-09,上峰水泥,,CNY
14.16,14.34,14.13,14.2,11933811.0,000672.SZ,2026-03-10,上峰水泥,,CNY
14.21,14.31,14.06,14.17,15073263.0,000672.SZ,2026-03-11,上峰水泥,,CNY
14.19,14.19,13.78,13.98,12974415.0,000672.SZ,2026-03-12,上峰水泥,,CNY
13.98,14.38,13.91,13.94,14592157.0,000672.SZ,2026-03-13,上峰水泥,,CNY
13.92,14.16,13.55,13.83,16885261.0,000672.SZ,2026-03-16,上峰水泥,,CNY
14.11,14.64,13.8,13.8,27837545.0,000672.SZ,2026-03-17,上峰水泥,,CNY
14.05,14.17,13.74,14.11,16720299.0,000672.SZ,2026-03-18,上峰水泥,,CNY
13.95,13.99,13.11,13.16,25553223.0,000672.SZ,2026-03-19,上峰水泥,,CNY
13.21,13.25,12.88,12.9,15540197.0,000672.SZ,2026-03-20,上峰水泥,,CNY
12.6,12.71,12.18,12.26,18488546.0,000672.SZ,2026-03-23,上峰水泥,,CNY
12.47,12.53,12.19,12.46,10810480.0,000672.SZ,2026-03-24,上峰水泥,,CNY
12.55,12.71,12.47,12.65,11557873.0,000672.SZ,2026-03-25,上峰水泥,,CNY
12.64,12.73,12.4,12.48,8220060.0,000672.SZ,2026-03-26,上峰水泥,,CNY
12.36,12.7,12.29,12.65,7109595.0,000672.SZ,2026-03-27,上峰水泥,,CNY
12.46,13.08,12.42,13.02,15657356.0,000672.SZ,2026-03-30,上峰水泥,,CNY
13.12,13.5,12.85,12.89,10968204.0,000672.SZ,2026-03-31,上峰水泥,,CNY
13.14,13.23,12.94,13.1,11722618.0,000672.SZ,2026-04-01,上峰水泥,,CNY
13.0,13.09,12.88,12.95,7632300.0,000672.SZ,2026-04-02,上峰水泥,,CNY
13.01,13.03,12.6,12.66,6207001.0,000672.SZ,2026-04-03,上峰水泥,,CNY
12.65,12.89,12.6,12.72,6635411.0,000672.SZ,2026-04-07,上峰水泥,,CNY
12.95,13.62,12.9,13.59,16233625.0,000672.SZ,2026-04-08,上峰水泥,,CNY
13.4,13.58,13.32,13.39,10893429.0,000672.SZ,2026-04-09,上峰水泥,,CNY
13.49,13.63,13.33,13.39,9828881.0,000672.SZ,2026-04-10,上峰水泥,,CNY
13.3,13.42,13.1,13.12,11741549.0,000672.SZ,2026-04-13,上峰水泥,,CNY
13.22,13.39,12.94,13.34,10661406.0,000672.SZ,2026-04-14,上峰水泥,,CNY
13.38,13.44,13.18,13.24,7747764.0,000672.SZ,2026-04-15,上峰水泥,,CNY
13.27,13.51,13.23,13.49,8204760.0,000672.SZ,2026-04-16,上峰水泥,,CNY
13.36,13.54,13.32,13.5,6832560.0,000672.SZ,2026-04-17,上峰水泥,,CNY
13.48,13.75,13.32,13.66,9095443.0,000672.SZ,2026-04-20,上峰水泥,,CNY
13.75,13.77,13.15,13.32,15389266.0,000672.SZ,2026-04-21,上峰水泥,,CNY
13.33,13.82,13.2,13.77,14653046.0,000672.SZ,2026-04-22,上峰水泥,,CNY
13.76,13.83,13.27,13.39,14326091.0,000672.SZ,2026-04-23,上峰水泥,,CNY
13.45,13.75,13.41,13.69,14739331.0,000672.SZ,2026-04-24,上峰水泥,,CNY
13.7,14.08,13.69,13.88,14771340.0,000672.SZ,2026-04-27,上峰水泥,,CNY
13.32,13.33,12.53,12.69,36059417.0,000672.SZ,2026-04-28,上峰水泥,,CNY
12.66,13.5,12.6,13.19,25397609.0,000672.SZ,2026-04-29,上峰水泥,,CNY
13.4,14.15,13.03,14.0,29302087.0,000672.SZ,2026-04-30,上峰水泥,,CNY
4.11,4.14,3.93,4.0,38086710.0,000677.SZ,2026-03-02,恒天海龙,,CNY
4.01,4.04,3.86,3.86,28844226.0,000677.SZ,2026-03-03,恒天海龙,,CNY
3.83,3.89,3.76,3.87,21125662.0,000677.SZ,2026-03-04,恒天海龙,,CNY
3.91,4.04,3.9,4.0,24507063.0,000677.SZ,2026-03-05,恒天海龙,,CNY
3.99,4.4,3.97,4.4,58482068.0,000677.SZ,2026-03-06,恒天海龙,,CNY
4.41,4.52,4.3,4.4,91648333.0,000677.SZ,2026-03-09,恒天海龙,,CNY
4.41,4.5,4.39,4.49,57172041.0,000677.SZ,2026-03-10,恒天海龙,,CNY
4.56,4.65,4.5,4.64,64973552.0,000677.SZ,2026-03-11,恒天海龙,,CNY
4.65,4.73,4.5,4.56,54970614.0,000677.SZ,2026-03-12,恒天海龙,,CNY
5.02,5.02,5.02,5.02,22371826.0,000677.SZ,2026-03-13,恒天海龙,,CNY
5.1,5.51,4.97,5.13,170777736.0,000677.SZ,2026-03-16,恒天海龙,,CNY
5.0,5.25,4.87,4.89,129819072.0,000677.SZ,2026-03-17,恒天海龙,,CNY
4.87,4.92,4.63,4.69,89712520.0,000677.SZ,2026-03-18,恒天海龙,,CNY
4.64,4.85,4.49,4.53,87298195.0,000677.SZ,2026-03-19,恒天海龙,,CNY
4.98,4.98,4.87,4.98,58733602.0,000677.SZ,2026-03-20,恒天海龙,,CNY
4.84,4.84,4.48,4.48,114106988.0,000677.SZ,2026-03-23,恒天海龙,,CNY
4.56,4.93,4.27,4.93,98799838.0,000677.SZ,2026-03-24,恒天海龙,,CNY
5.04,5.12,4.93,5.06,127179203.0,000677.SZ,2026-03-25,恒天海龙,,CNY
5.09,5.24,5.02,5.11,105219097.0,000677.SZ,2026-03-26,恒天海龙,,CNY
4.94,5.12,4.92,5.04,75773510.0,000677.SZ,2026-03-27,恒天海龙,,CNY
4.99,5.08,4.81,4.93,65069200.0,000677.SZ,2026-03-30,恒天海龙,,CNY
4.96,5.41,4.92,5.17,138598803.0,000677.SZ,2026-03-31,恒天海龙,,CNY
5.08,5.17,4.98,5.08,85898901.0,000677.SZ,2026-04-01,恒天海龙,,CNY
5.02,5.25,4.89,4.91,82543927.0,000677.SZ,2026-04-02,恒天海龙,,CNY
4.93,4.95,4.42,4.59,84214401.0,000677.SZ,2026-04-03,恒天海龙,,CNY
4.61,4.81,4.5,4.72,61882191.0,000677.SZ,2026-04-07,恒天海龙,,CNY
4.7,4.87,4.66,4.83,56090137.0,000677.SZ,2026-04-08,恒天海龙,,CNY
4.78,4.81,4.63,4.69,49631952.0,000677.SZ,2026-04-09,恒天海龙,,CNY
4.77,4.77,4.61,4.62,39133051.0,000677.SZ,2026-04-10,恒天海龙,,CNY
4.61,4.75,4.58,4.64,37078461.0,000677.SZ,2026-04-13,恒天海龙,,CNY
4.69,4.71,4.5,4.63,41652420.0,000677.SZ,2026-04-14,恒天海龙,,CNY
4.6,4.65,4.35,4.37,54071000.0,000677.SZ,2026-04-15,恒天海龙,,CNY
4.35,4.46,4.24,4.43,40586212.0,000677.SZ,2026-04-16,恒天海龙,,CNY
4.4,4.6,4.38,4.55,39147546.0,000677.SZ,2026-04-17,恒天海龙,,CNY
4.51,4.58,4.46,4.54,28825900.0,000677.SZ,2026-04-20,恒天海龙,,CNY
4.57,4.59,4.41,4.45,26305795.0,000677.SZ,2026-04-21,恒天海龙,,CNY
4.43,4.5,4.37,4.41,27430505.0,000677.SZ,2026-04-22,恒天海龙,,CNY
4.4,4.63,4.15,4.19,58956900.0,000677.SZ,2026-04-23,恒天海龙,,CNY
4.2,4.21,4.01,4.09,50018555.0,000677.SZ,2026-04-24,恒天海龙,,CNY
3.92,4.0,3.68,3.85,77953433.0,000677.SZ,2026-04-27,恒天海龙,,CNY
3.83,3.87,3.67,3.7,50448058.0,000677.SZ,2026-04-28,恒天海龙,,CNY
3.67,3.87,3.63,3.82,46026200.0,000677.SZ,2026-04-29,恒天海龙,,CNY
8.78,8.84,8.48,8.49,50425978.0,000676.SZ,2026-03-02,智度股份,,CNY
8.49,8.56,8.14,8.18,40005042.0,000676.SZ,2026-03-03,智度股份,,CNY
8.1,8.23,8.03,8.1,30265913.0,000676.SZ,2026-03-04,智度股份,,CNY
8.26,8.29,8.16,8.2,23315657.0,000676.SZ,2026-03-05,智度股份,,CNY
8.16,8.27,8.12,8.27,19638591.0,000676.SZ,2026-03-06,智度股份,,CNY
8.22,8.32,8.1,8.29,27950506.0,000676.SZ,2026-03-09,智度股份,,CNY
8.43,8.51,8.31,8.36,29155129.0,000676.SZ,2026-03-10,智度股份,,CNY
8.35,8.37,8.25,8.28,23059641.0,000676.SZ,2026-03-11,智度股份,,CNY
8.25,8.44,8.23,8.36,26582154.0,000676.SZ,2026-03-12,智度股份,,CNY
8.3,8.31,8.15,8.18,23965040.0,000676.SZ,2026-03-13,智度股份,,CNY
8.15,8.24,8.11,8.24,14009755.0,000676.SZ,2026-03-16,智度股份,,CNY
8.27,8.35,8.16,8.18,20669660.0,000676.SZ,2026-03-17,智度股份,,CNY
8.19,8.24,8.13,8.22,14167299.0,000676.SZ,2026-03-18,智度股份,,CNY
8.15,8.16,8.03,8.06,19247934.0,000676.SZ,2026-03-19,智度股份,,CNY
8.08,8.14,7.76,7.76,26663847.0,000676.SZ,2026-03-20,智度股份,,CNY
7.61,7.68,7.23,7.27,30113957.0,000676.SZ,2026-03-23,智度股份,,CNY
7.41,7.54,7.29,7.54,23492693.0,000676.SZ,2026-03-24,智度股份,,CNY
7.58,7.67,7.55,7.65,19748290.0,000676.SZ,2026-03-25,智度股份,,CNY
7.65,7.68,7.42,7.46,17242940.0,000676.SZ,2026-03-26,智度股份,,CNY
7.4,7.61,7.36,7.6,14693659.0,000676.SZ,2026-03-27,智度股份,,CNY
7.54,7.64,7.42,7.62,14371818.0,000676.SZ,2026-03-30,智度股份,,CNY
7.65,7.75,7.58,7.6,14972748.0,000676.SZ,2026-03-31,智度股份,,CNY
7.72,7.75,7.62,7.67,11048086.0,000676.SZ,2026-04-01,智度股份,,CNY
7.65,7.65,7.48,7.57,13065691.0,000676.SZ,2026-04-02,智度股份,,CNY
7.57,7.63,7.36,7.37,10478663.0,000676.SZ,2026-04-03,智度股份,,CNY
7.39,7.51,7.39,7.48,9492229.0,000676.SZ,2026-04-07,智度股份,,CNY
7.65,7.9,7.63,7.9,27566124.0,000676.SZ,2026-04-08,智度股份,,CNY
7.8,7.85,7.66,7.68,19649120.0,000676.SZ,2026-04-09,智度股份,,CNY
7.73,7.84,7.73,7.77,15788253.0,000676.SZ,2026-04-10,智度股份,,CNY
7.71,7.75,7.67,7.7,10850812.0,000676.SZ,2026-04-13,智度股份,,CNY
7.8,7.83,7.66,7.74,15248202.0,000676.SZ,2026-04-14,智度股份,,CNY
7.78,7.79,7.61,7.63,13597586.0,000676.SZ,2026-04-15,智度股份,,CNY
7.66,7.76,7.63,7.74,16053006.0,000676.SZ,2026-04-16,智度股份,,CNY
7.7,7.74,7.62,7.7,15312050.0,000676.SZ,2026-04-17,智度股份,,CNY
7.69,7.82,7.67,7.77,21339962.0,000676.SZ,2026-04-20,智度股份,,CNY
7.76,7.77,7.54,7.62,22111658.0,000676.SZ,2026-04-21,智度股份,,CNY
7.62,7.64,7.49,7.61,18490249.0,000676.SZ,2026-04-22,智度股份,,CNY
7.6,7.65,7.48,7.5,19115051.0,000676.SZ,2026-04-23,智度股份,,CNY
7.48,7.49,7.26,7.38,19836421.0,000676.SZ,2026-04-24,智度股份,,CNY
7.01,7.18,6.67,7.1,62294248.0,000676.SZ,2026-04-27,智度股份,,CNY
7.04,7.16,6.97,7.01,21430540.0,000676.SZ,2026-04-28,智度股份,,CNY
7.1,7.41,7.08,7.37,28116101.0,000676.SZ,2026-04-29,智度股份,,CNY
7.26,7.54,7.26,7.38,24455778.0,000676.SZ,2026-04-30,智度股份,,CNY
7.29,7.36,7.09,7.13,6202306.0,000679.SZ,2026-03-02,大连友谊,,CNY
7.11,7.29,7.02,7.04,5770500.0,000679.SZ,2026-03-03,大连友谊,,CNY
6.99,7.07,6.86,6.9,6233900.0,000679.SZ,2026-03-04,大连友谊,,CNY
6.98,7.1,6.97,7.03,5656750.0,000679.SZ,2026-03-05,大连友谊,,CNY
7.0,7.35,6.95,7.32,6468181.0,000679.SZ,2026-03-06,大连友谊,,CNY
7.21,7.32,7.1,7.15,5317800.0,000679.SZ,2026-03-09,大连友谊,,CNY
7.23,7.33,7.2,7.32,4168600.0,000679.SZ,2026-03-10,大连友谊,,CNY
7.33,7.35,6.96,7.05,11271981.0,000679.SZ,2026-03-11,大连友谊,,CNY
7.05,7.11,6.93,7.0,6059200.0,000679.SZ,2026-03-12,大连友谊,,CNY
7.0,7.1,6.91,6.98,4607734.0,000679.SZ,2026-03-13,大连友谊,,CNY
6.92,7.1,6.92,7.03,3667000.0,000679.SZ,2026-03-16,大连友谊,,CNY
7.05,7.1,6.93,6.94,4174400.0,000679.SZ,2026-03-17,大连友谊,,CNY
6.97,7.0,6.79,6.93,4685500.0,000679.SZ,2026-03-18,大连友谊,,CNY
6.91,6.95,6.7,6.73,4520700.0,000679.SZ,2026-03-19,大连友谊,,CNY
6.72,6.77,6.49,6.52,6538450.0,000679.SZ,2026-03-20,大连友谊,,CNY
6.48,6.5,6.18,6.22,7316966.0,000679.SZ,2026-03-23,大连友谊,,CNY
6.33,6.47,6.17,6.47,8126430.0,000679.SZ,2026-03-24,大连友谊,,CNY
6.47,6.62,6.47,6.6,5329300.0,000679.SZ,2026-03-25,大连友谊,,CNY
6.61,6.68,6.5,6.55,4327100.0,000679.SZ,2026-03-26,大连友谊,,CNY
6.47,6.75,6.42,6.73,5760550.0,000679.SZ,2026-03-27,大连友谊,,CNY
6.64,6.79,6.63,6.76,4542570.0,000679.SZ,2026-03-30,大连友谊,,CNY
6.78,6.95,6.65,6.72,4485600.0,000679.SZ,2026-03-31,大连友谊,,CNY
6.8,6.87,6.58,6.66,4874600.0,000679.SZ,2026-04-01,大连友谊,,CNY
6.66,6.66,6.43,6.48,4402000.0,000679.SZ,2026-04-02,大连友谊,,CNY
6.48,6.51,6.31,6.31,5394900.0,000679.SZ,2026-04-03,大连友谊,,CNY
6.36,6.61,6.33,6.59,5999000.0,000679.SZ,2026-04-07,大连友谊,,CNY
6.7,6.83,6.58,6.77,5465470.0,000679.SZ,2026-04-08,大连友谊,,CNY
6.8,7.15,6.72,6.87,10022225.0,000679.SZ,2026-04-09,大连友谊,,CNY
6.93,7.01,6.82,6.91,5585295.0,000679.SZ,2026-04-10,大连友谊,,CNY
6.92,6.95,6.58,6.66,8911900.0,000679.SZ,2026-04-13,大连友谊,,CNY
6.69,6.77,6.58,6.72,7898995.0,000679.SZ,2026-04-14,大连友谊,,CNY
6.75,6.75,6.63,6.68,4056702.0,000679.SZ,2026-04-15,大连友谊,,CNY
6.7,6.94,6.66,6.9,7045072.0,000679.SZ,2026-04-16,大连友谊,,CNY
6.89,6.96,6.73,6.76,4832952.0,000679.SZ,2026-04-17,大连友谊,,CNY
6.72,6.85,6.62,6.8,6244800.0,000679.SZ,2026-04-20,大连友谊,,CNY
6.81,6.89,6.68,6.83,5593531.0,000679.SZ,2026-04-21,大连友谊,,CNY
6.84,6.87,6.73,6.8,4481792.0,000679.SZ,2026-04-22,大连友谊,,CNY
6.8,6.82,6.67,6.73,4290850.0,000679.SZ,2026-04-23,大连友谊,,CNY
6.74,6.81,6.65,6.77,4214050.0,000679.SZ,2026-04-24,大连友谊,,CNY
6.78,7.0,6.7,6.96,6607200.0,000679.SZ,2026-04-27,大连友谊,,CNY
6.89,7.0,6.89,6.97,3444258.0,000679.SZ,2026-04-28,大连友谊,,CNY
6.96,7.19,6.91,7.1,5143600.0,000679.SZ,2026-04-29,大连友谊,,CNY
7.09,7.3,7.09,7.24,5528360.0,000679.SZ,2026-04-30,大连友谊,,CNY
13.24,13.63,13.16,13.5,15610139.0,000680.SZ,2026-03-02,山推股份,,CNY
13.5,13.57,12.79,12.9,28816312.0,000680.SZ,2026-03-03,山推股份,,CNY
12.8,13.06,12.66,12.7,18754485.0,000680.SZ,2026-03-04,山推股份,,CNY
12.91,13.22,12.75,12.84,19419903.0,000680.SZ,2026-03-05,山推股份,,CNY
12.81,13.19,12.73,12.97,12964178.0,000680.SZ,2026-03-06,山推股份,,CNY
12.84,12.96,12.2,12.43,23333251.0,000680.SZ,2026-03-09,山推股份,,CNY
12.67,12.93,12.58,12.75,17119183.0,000680.SZ,2026-03-10,山推股份,,CNY
12.76,12.79,12.42,12.65,14761553.0,000680.SZ,2026-03-11,山推股份,,CNY
12.64,12.64,12.07,12.23,23225128.0,000680.SZ,2026-03-12,山推股份,,CNY
12.2,12.46,11.92,11.95,29299245.0,000680.SZ,2026-03-13,山推股份,,CNY
12.1,12.12,11.38,11.48,26289646.0,000680.SZ,2026-03-16,山推股份,,CNY
11.6,11.87,11.48,11.52,28694232.0,000680.SZ,2026-03-17,山推股份,,CNY
11.52,11.62,11.14,11.34,20074300.0,000680.SZ,2026-03-18,山推股份,,CNY
11.23,11.23,10.6,10.74,30082424.0,000680.SZ,2026-03-19,山推股份,,CNY
10.88,10.95,10.68,10.71,28746913.0,000680.SZ,2026-03-20,山推股份,,CNY
10.64,11.15,10.57,10.95,42746672.0,000680.SZ,2026-03-23,山推股份,,CNY
11.18,11.54,11.02,11.53,43878552.0,000680.SZ,2026-03-24,山推股份,,CNY
11.62,11.92,11.53,11.87,38719038.0,000680.SZ,2026-03-25,山推股份,,CNY
11.97,12.1,11.72,11.76,32672540.0,000680.SZ,2026-03-26,山推股份,,CNY
11.61,11.81,11.46,11.66,26195037.0,000680.SZ,2026-03-27,山推股份,,CNY
11.51,11.78,11.34,11.6,21495400.0,000680.SZ,2026-03-30,山推股份,,CNY
11.7,11.97,11.62,11.62,25335860.0,000680.SZ,2026-03-31,山推股份,,CNY
11.99,12.16,11.58,11.68,25570725.0,000680.SZ,2026-04-01,山推股份,,CNY
11.65,11.66,11.13,11.23,27812870.0,000680.SZ,2026-04-02,山推股份,,CNY
11.23,11.38,11.12,11.14,12485446.0,000680.SZ,2026-04-03,山推股份,,CNY
11.08,11.27,11.05,11.24,11333351.0,000680.SZ,2026-04-07,山推股份,,CNY
11.6,12.0,11.59,11.82,38898017.0,000680.SZ,2026-04-08,山推股份,,CNY
11.75,11.9,11.68,11.7,19440481.0,000680.SZ,2026-04-09,山推股份,,CNY
11.81,11.89,11.47,11.58,22927659.0,000680.SZ,2026-04-10,山推股份,,CNY
11.44,11.73,11.28,11.65,25959139.0,000680.SZ,2026-04-13,山推股份,,CNY
11.68,11.97,11.51,11.71,24850711.0,000680.SZ,2026-04-14,山推股份,,CNY
11.77,12.0,11.73,11.8,20772691.0,000680.SZ,2026-04-15,山推股份,,CNY
11.92,12.07,11.57,11.8,29135881.0,000680.SZ,2026-04-16,山推股份,,CNY
11.75,11.82,11.62,11.76,14482750.0,000680.SZ,2026-04-17,山推股份,,CNY
11.7,11.71,11.3,11.46,24427221.0,000680.SZ,2026-04-20,山推股份,,CNY
11.43,11.52,11.3,11.5,16800030.0,000680.SZ,2026-04-21,山推股份,,CNY
11.42,11.42,11.1,11.18,32868401.0,000680.SZ,2026-04-22,山推股份,,CNY
11.13,11.23,10.93,10.98,24283303.0,000680.SZ,2026-04-23,山推股份,,CNY
10.95,11.72,10.89,11.6,44922489.0,000680.SZ,2026-04-24,山推股份,,CNY
11.56,11.61,11.35,11.43,21537596.0,000680.SZ,2026-04-27,山推股份,,CNY
11.36,11.82,11.36,11.69,24687005.0,000680.SZ,2026-04-28,山推股份,,CNY
11.68,11.95,11.67,11.82,22746597.0,000680.SZ,2026-04-29,山推股份,,CNY
12.18,12.42,11.89,11.91,39893403.0,000680.SZ,2026-04-30,山推股份,,CNY
13.92,14.31,13.85,13.99,30406032.0,000682.SZ,2026-03-02,东方电子,,CNY
14.05,14.15,13.57,13.6,31586154.0,000682.SZ,2026-03-03,东方电子,,CNY
13.5,14.07,13.4,13.82,29458317.0,000682.SZ,2026-03-04,东方电子,,CNY
14.03,14.55,14.03,14.4,50797225.0,000682.SZ,2026-03-05,东方电子,,CNY
14.28,14.87,14.23,14.69,39754177.0,000682.SZ,2026-03-06,东方电子,,CNY
14.58,15.48,14.53,15.3,75235551.0,000682.SZ,2026-03-09,东方电子,,CNY
15.16,15.27,14.89,15.06,45815974.0,000682.SZ,2026-03-10,东方电子,,CNY
15.07,15.31,14.76,15.19,44385828.0,000682.SZ,2026-03-11,东方电子,,CNY
15.19,15.19,14.68,14.88,36457950.0,000682.SZ,2026-03-12,东方电子,,CNY
14.86,14.89,14.08,14.17,43059285.0,000682.SZ,2026-03-13,东方电子,,CNY
14.25,14.25,13.63,13.72,30255476.0,000682.SZ,2026-03-16,东方电子,,CNY
13.77,13.93,13.37,13.4,24304065.0,000682.SZ,2026-03-17,东方电子,,CNY
13.46,13.67,13.41,13.62,17808673.0,000682.SZ,2026-03-18,东方电子,,CNY
13.47,13.47,12.97,13.05,24809548.0,000682.SZ,2026-03-19,东方电子,,CNY
13.1,13.25,12.85,12.89,24928341.0,000682.SZ,2026-03-20,东方电子,,CNY
12.66,12.76,12.05,12.18,34030867.0,000682.SZ,2026-03-23,东方电子,,CNY
12.42,12.46,12.07,12.42,21569730.0,000682.SZ,2026-03-24,东方电子,,CNY
12.53,12.79,12.48,12.7,21251053.0,000682.SZ,2026-03-25,东方电子,,CNY
12.72,12.75,12.4,12.49,17582788.0,000682.SZ,2026-03-26,东方电子,,CNY
12.42,12.72,12.31,12.63,13474491.0,000682.SZ,2026-03-27,东方电子,,CNY
12.47,12.51,12.07,12.39,20094996.0,000682.SZ,2026-03-30,东方电子,,CNY
12.41,12.48,12.08,12.09,15658851.0,000682.SZ,2026-03-31,东方电子,,CNY
12.34,12.38,12.23,12.33,11051774.0,000682.SZ,2026-04-01,东方电子,,CNY
12.34,12.45,11.97,12.04,14394181.0,000682.SZ,2026-04-02,东方电子,,CNY
12.07,12.12,11.74,11.76,13620072.0,000682.SZ,2026-04-03,东方电子,,CNY
11.82,11.86,11.58,11.7,12012256.0,000682.SZ,2026-04-07,东方电子,,CNY
12.05,12.44,12.01,12.4,19067336.0,000682.SZ,2026-04-08,东方电子,,CNY
12.3,12.32,12.11,12.23,13960734.0,000682.SZ,2026-04-09,东方电子,,CNY
12.3,12.48,12.28,12.35,15860675.0,000682.SZ,2026-04-10,东方电子,,CNY
12.35,12.35,12.07,12.13,15899345.0,000682.SZ,2026-04-13,东方电子,,CNY
12.81,13.14,12.62,12.99,65966056.0,000682.SZ,2026-04-14,东方电子,,CNY
13.0,13.25,12.84,13.01,47995934.0,000682.SZ,2026-04-15,东方电子,,CNY
12.9,13.09,12.8,13.07,27443238.0,000682.SZ,2026-04-16,东方电子,,CNY
13.07,13.16,12.98,13.12,24922946.0,000682.SZ,2026-04-17,东方电子,,CNY
13.11,13.28,12.96,13.24,25630154.0,000682.SZ,2026-04-20,东方电子,,CNY
13.3,13.31,12.93,13.16,21735904.0,000682.SZ,2026-04-21,东方电子,,CNY
13.06,13.5,13.05,13.45,26623170.0,000682.SZ,2026-04-22,东方电子,,CNY
13.56,13.8,13.3,13.58,35436927.0,000682.SZ,2026-04-23,东方电子,,CNY
13.65,13.83,13.57,13.65,33525717.0,000682.SZ,2026-04-24,东方电子,,CNY
13.65,13.71,13.39,13.53,26560011.0,000682.SZ,2026-04-27,东方电子,,CNY
13.53,13.57,13.23,13.26,24509770.0,000682.SZ,2026-04-28,东方电子,,CNY
13.3,13.49,13.23,13.36,24926963.0,000682.SZ,2026-04-29,东方电子,,CNY
13.37,13.39,13.02,13.05,23259268.0,000682.SZ,2026-04-30,东方电子,,CNY
24.8,25.45,24.29,24.75,63034177.0,000681.SZ,2026-03-02,视觉中国,,CNY
24.75,24.87,23.22,23.35,51852558.0,000681.SZ,2026-03-03,视觉中国,,CNY
23.06,23.9,23.04,23.3,34490875.0,000681.SZ,2026-03-04,视觉中国,,CNY
23.92,23.99,23.3,23.49,28810525.0,000681.SZ,2026-03-05,视觉中国,,CNY
23.29,23.63,23.28,23.4,21659469.0,000681.SZ,2026-03-06,视觉中国,,CNY
22.82,23.62,22.71,23.51,31626500.0,000681.SZ,2026-03-09,视觉中国,,CNY
23.87,24.15,23.5,23.68,37595512.0,000681.SZ,2026-03-10,视觉中国,,CNY
23.45,23.58,23.02,23.06,32002190.0,000681.SZ,2026-03-11,视觉中国,,CNY
23.02,23.17,22.69,22.8,24455204.0,000681.SZ,2026-03-12,视觉中国,,CNY
22.6,22.69,22.06,22.11,28686374.0,000681.SZ,2026-03-13,视觉中国,,CNY
22.04,22.44,21.9,22.44,25912489.0,000681.SZ,2026-03-16,视觉中国,,CNY
22.42,22.52,21.9,21.97,20389892.0,000681.SZ,2026-03-17,视觉中国,,CNY
22.0,22.35,21.81,22.35,20447853.0,000681.SZ,2026-03-18,视觉中国,,CNY
21.93,22.15,21.75,21.88,21615653.0,000681.SZ,2026-03-19,视觉中国,,CNY
21.88,22.06,21.0,21.0,24952377.0,000681.SZ,2026-03-20,视觉中国,,CNY
20.63,20.75,19.72,19.91,31237186.0,000681.SZ,2026-03-23,视觉中国,,CNY
20.31,20.39,19.93,20.32,22148377.0,000681.SZ,2026-03-24,视觉中国,,CNY
20.49,20.8,20.43,20.65,21107386.0,000681.SZ,2026-03-25,视觉中国,,CNY
20.57,20.69,20.09,20.16,14797981.0,000681.SZ,2026-03-26,视觉中国,,CNY
20.03,20.63,19.91,20.55,17225530.0,000681.SZ,2026-03-27,视觉中国,,CNY
20.18,20.65,20.09,20.6,15140743.0,000681.SZ,2026-03-30,视觉中国,,CNY
20.45,20.64,20.05,20.07,21159030.0,000681.SZ,2026-03-31,视觉中国,,CNY
20.5,20.56,20.16,20.53,22388485.0,000681.SZ,2026-04-01,视觉中国,,CNY
20.41,20.41,19.78,19.87,20374595.0,000681.SZ,2026-04-02,视觉中国,,CNY
19.99,20.02,19.11,19.16,18328514.0,000681.SZ,2026-04-03,视觉中国,,CNY
19.2,19.52,19.05,19.37,12822462.0,000681.SZ,2026-04-07,视觉中国,,CNY
19.83,21.09,19.83,21.07,46394516.0,000681.SZ,2026-04-08,视觉中国,,CNY
20.56,20.79,20.3,20.37,26192909.0,000681.SZ,2026-04-09,视觉中国,,CNY
20.7,20.89,20.51,20.52,21569416.0,000681.SZ,2026-04-10,视觉中国,,CNY
20.43,20.62,20.25,20.48,13770600.0,000681.SZ,2026-04-13,视觉中国,,CNY
20.83,20.88,20.51,20.74,18968634.0,000681.SZ,2026-04-14,视觉中国,,CNY
20.87,20.95,20.4,20.47,17877463.0,000681.SZ,2026-04-15,视觉中国,,CNY
20.59,20.96,20.59,20.85,22233363.0,000681.SZ,2026-04-16,视觉中国,,CNY
20.73,21.2,20.65,21.02,30871831.0,000681.SZ,2026-04-17,视觉中国,,CNY
21.07,21.62,20.8,21.47,33084507.0,000681.SZ,2026-04-20,视觉中国,,CNY
21.3,21.48,20.93,21.05,22931364.0,000681.SZ,2026-04-21,视觉中国,,CNY
20.98,21.07,20.67,21.07,19943065.0,000681.SZ,2026-04-22,视觉中国,,CNY
20.93,21.23,20.6,20.69,19956715.0,000681.SZ,2026-04-23,视觉中国,,CNY
20.5,20.69,20.08,20.41,20434423.0,000681.SZ,2026-04-24,视觉中国,,CNY
20.4,20.48,19.92,20.23,16729023.0,000681.SZ,2026-04-27,视觉中国,,CNY
20.19,20.19,19.67,19.78,24420915.0,000681.SZ,2026-04-28,视觉中国,,CNY
19.95,21.05,19.95,20.74,36439105.0,000681.SZ,2026-04-29,视觉中国,,CNY
21.7,22.37,21.5,21.82,82653133.0,000681.SZ,2026-04-30,视觉中国,,CNY
11.98,12.09,11.88,11.99,13379798.0,000685.SZ,2026-03-02,中山公用,,CNY
12.02,12.21,11.92,11.98,28121065.0,000685.SZ,2026-03-03,中山公用,,CNY
11.9,11.93,11.58,11.63,20757214.0,000685.SZ,2026-03-04,中山公用,,CNY
11.76,11.79,11.62,11.66,13242140.0,000685.SZ,2026-03-05,中山公用,,CNY
11.61,11.92,11.59,11.88,15000014.0,000685.SZ,2026-03-06,中山公用,,CNY
11.73,11.76,11.43,11.55,19271013.0,000685.SZ,2026-03-09,中山公用,,CNY
11.64,11.74,11.62,11.67,11768000.0,000685.SZ,2026-03-10,中山公用,,CNY
11.67,11.78,11.55,11.77,12756785.0,000685.SZ,2026-03-11,中山公用,,CNY
11.72,11.85,11.71,11.8,10958820.0,000685.SZ,2026-03-12,中山公用,,CNY
11.78,11.91,11.71,11.74,13082367.0,000685.SZ,2026-03-13,中山公用,,CNY
11.73,11.75,11.42,11.49,16112700.0,000685.SZ,2026-03-16,中山公用,,CNY
11.55,11.77,11.53,11.57,14072992.0,000685.SZ,2026-03-17,中山公用,,CNY
11.57,11.71,11.47,11.64,10854200.0,000685.SZ,2026-03-18,中山公用,,CNY
11.54,11.58,11.34,11.36,12346501.0,000685.SZ,2026-03-19,中山公用,,CNY
11.38,11.45,11.0,11.07,19660057.0,000685.SZ,2026-03-20,中山公用,,CNY
10.88,10.89,10.38,10.48,21426417.0,000685.SZ,2026-03-23,中山公用,,CNY
10.67,10.72,10.49,10.7,11986844.0,000685.SZ,2026-03-24,中山公用,,CNY
10.74,10.9,10.65,10.82,14681360.0,000685.SZ,2026-03-25,中山公用,,CNY
10.79,10.94,10.77,10.83,13573900.0,000685.SZ,2026-03-26,中山公用,,CNY
10.73,10.97,10.7,10.95,11062353.0,000685.SZ,2026-03-27,中山公用,,CNY
10.88,10.94,10.71,10.94,11451405.0,000685.SZ,2026-03-30,中山公用,,CNY
10.9,11.42,10.88,11.11,18010820.0,000685.SZ,2026-03-31,中山公用,,CNY
11.27,11.36,11.02,11.12,16865620.0,000685.SZ,2026-04-01,中山公用,,CNY
11.11,11.12,10.77,10.87,13345229.0,000685.SZ,2026-04-02,中山公用,,CNY
11.04,11.07,10.61,10.69,12841981.0,000685.SZ,2026-04-03,中山公用,,CNY
10.69,10.78,10.59,10.65,9208180.0,000685.SZ,2026-04-07,中山公用,,CNY
10.84,11.01,10.81,10.99,14068368.0,000685.SZ,2026-04-08,中山公用,,CNY
10.91,10.95,10.81,10.83,8390721.0,000685.SZ,2026-04-09,中山公用,,CNY
10.92,11.26,10.91,11.05,14789875.0,000685.SZ,2026-04-10,中山公用,,CNY
11.0,11.14,10.96,11.03,10475298.0,000685.SZ,2026-04-13,中山公用,,CNY
11.1,11.12,10.98,11.08,8272017.0,000685.SZ,2026-04-14,中山公用,,CNY
11.11,11.13,11.04,11.06,8014705.0,000685.SZ,2026-04-15,中山公用,,CNY
11.09,11.19,11.06,11.17,10336955.0,000685.SZ,2026-04-16,中山公用,,CNY
11.12,11.26,11.1,11.17,12136795.0,000685.SZ,2026-04-17,中山公用,,CNY
11.12,11.21,11.08,11.18,9359200.0,000685.SZ,2026-04-20,中山公用,,CNY
11.19,11.37,11.12,11.36,11856993.0,000685.SZ,2026-04-21,中山公用,,CNY
11.32,11.71,11.29,11.55,16189256.0,000685.SZ,2026-04-22,中山公用,,CNY
11.52,11.68,11.5,11.64,13170581.0,000685.SZ,2026-04-23,中山公用,,CNY
11.61,11.64,11.44,11.55,12717159.0,000685.SZ,2026-04-24,中山公用,,CNY
11.52,11.52,11.1,11.41,22711860.0,000685.SZ,2026-04-27,中山公用,,CNY
11.61,11.68,11.48,11.62,13977607.0,000685.SZ,2026-04-28,中山公用,,CNY
11.63,11.87,11.57,11.83,20133393.0,000685.SZ,2026-04-29,中山公用,,CNY
12.11,12.23,11.65,11.73,27557530.0,000685.SZ,2026-04-30,中山公用,,CNY
4.63,4.72,4.6,4.69,99417400.0,000690.SZ,2026-03-02,宝新能源,,CNY
4.67,4.72,4.59,4.62,105858600.0,000690.SZ,2026-03-03,宝新能源,,CNY
4.57,4.65,4.54,4.59,66933012.0,000690.SZ,2026-03-04,宝新能源,,CNY
4.64,4.68,4.6,4.65,73130138.0,000690.SZ,2026-03-05,宝新能源,,CNY
4.62,4.83,4.61,4.79,122474600.0,000690.SZ,2026-03-06,宝新能源,,CNY
4.8,4.87,4.79,4.82,110003316.0,000690.SZ,2026-03-09,宝新能源,,CNY
4.79,4.89,4.75,4.8,94817680.0,000690.SZ,2026-03-10,宝新能源,,CNY
4.81,5.1,4.71,5.04,199997880.0,000690.SZ,2026-03-11,宝新能源,,CNY
5.07,5.11,4.96,5.1,169526726.0,000690.SZ,2026-03-12,宝新能源,,CNY
5.09,5.09,4.91,4.94,131447947.0,000690.SZ,2026-03-13,宝新能源,,CNY
4.97,4.98,4.77,4.82,100346150.0,000690.SZ,2026-03-16,宝新能源,,CNY
4.8,4.87,4.74,4.75,93601466.0,000690.SZ,2026-03-17,宝新能源,,CNY
4.77,4.88,4.75,4.79,79434077.0,000690.SZ,2026-03-18,宝新能源,,CNY
4.76,4.89,4.75,4.82,95943446.0,000690.SZ,2026-03-19,宝新能源,,CNY
4.78,5.06,4.76,4.92,165953877.0,000690.SZ,2026-03-20,宝新能源,,CNY
4.84,5.03,4.78,4.82,193190248.0,000690.SZ,2026-03-23,宝新能源,,CNY
4.87,5.1,4.76,5.1,235708485.0,000690.SZ,2026-03-24,宝新能源,,CNY
5.05,5.61,5.01,5.61,276029891.0,000690.SZ,2026-03-25,宝新能源,,CNY
5.83,6.16,5.55,5.76,546897437.0,000690.SZ,2026-03-26,宝新能源,,CNY
5.76,5.79,5.47,5.51,305683204.0,000690.SZ,2026-03-27,宝新能源,,CNY
5.5,5.51,4.98,5.14,259053267.0,000690.SZ,2026-03-30,宝新能源,,CNY
5.1,5.14,4.92,4.93,177390827.0,000690.SZ,2026-03-31,宝新能源,,CNY
5.02,5.05,4.86,4.9,121188036.0,000690.SZ,2026-04-01,宝新能源,,CNY
4.88,4.93,4.73,4.76,123732267.0,000690.SZ,2026-04-02,宝新能源,,CNY
4.74,4.78,4.57,4.58,91309538.0,000690.SZ,2026-04-03,宝新能源,,CNY
4.58,4.68,4.54,4.63,70480373.0,000690.SZ,2026-04-07,宝新能源,,CNY
4.67,4.73,4.65,4.73,95335279.0,000690.SZ,2026-04-08,宝新能源,,CNY
4.7,4.71,4.61,4.62,71784155.0,000690.SZ,2026-04-09,宝新能源,,CNY
4.62,4.66,4.61,4.61,58997997.0,000690.SZ,2026-04-10,宝新能源,,CNY
4.61,4.72,4.59,4.71,80417941.0,000690.SZ,2026-04-13,宝新能源,,CNY
4.71,4.76,4.66,4.71,65718949.0,000690.SZ,2026-04-14,宝新能源,,CNY
4.71,4.72,4.64,4.69,56178272.0,000690.SZ,2026-04-15,宝新能源,,CNY
4.69,4.72,4.67,4.72,48925617.0,000690.SZ,2026-04-16,宝新能源,,CNY
4.71,4.78,4.68,4.77,69085578.0,000690.SZ,2026-04-17,宝新能源,,CNY
4.75,4.79,4.71,4.79,62862062.0,000690.SZ,2026-04-20,宝新能源,,CNY
4.89,5.27,4.87,5.27,241137711.0,000690.SZ,2026-04-21,宝新能源,,CNY
5.25,5.46,5.18,5.37,299823142.0,000690.SZ,2026-04-22,宝新能源,,CNY
5.3,5.58,5.17,5.48,285554434.0,000690.SZ,2026-04-23,宝新能源,,CNY
5.4,5.4,5.22,5.24,161132027.0,000690.SZ,2026-04-24,宝新能源,,CNY
5.21,5.54,5.17,5.46,171626983.0,000690.SZ,2026-04-27,宝新能源,,CNY
5.37,5.46,5.28,5.36,149803499.0,000690.SZ,2026-04-28,宝新能源,,CNY
5.32,5.45,5.3,5.34,122157761.0,000690.SZ,2026-04-29,宝新能源,,CNY
5.38,5.38,5.22,5.28,104718699.0,000690.SZ,2026-04-30,宝新能源,,CNY
37.0,37.66,35.1,36.79,34614282.0,000688.SZ,2026-03-02,国城矿业,,CNY
36.13,38.12,35.1,35.23,30163317.0,000688.SZ,2026-03-03,国城矿业,,CNY
34.79,36.08,34.12,34.7,23025564.0,000688.SZ,2026-03-04,国城矿业,,CNY
35.88,36.99,34.86,35.08,30036754.0,000688.SZ,2026-03-05,国城矿业,,CNY
35.0,35.76,34.17,34.57,17944507.0,000688.SZ,2026-03-06,国城矿业,,CNY
33.47,35.85,32.5,35.08,28719803.0,000688.SZ,2026-03-09,国城矿业,,CNY
36.11,36.6,34.53,35.0,20402243.0,000688.SZ,2026-03-10,国城矿业,,CNY
34.6,36.18,34.4,35.72,28454812.0,000688.SZ,2026-03-11,国城矿业,,CNY
35.5,36.62,34.91,36.04,21118879.0,000688.SZ,2026-03-12,国城矿业,,CNY
35.94,38.25,35.7,36.4,23868934.0,000688.SZ,2026-03-13,国城矿业,,CNY
36.03,37.55,35.0,36.03,23263684.0,000688.SZ,2026-03-16,国城矿业,,CNY
36.0,36.75,34.77,34.88,14392069.0,000688.SZ,2026-03-17,国城矿业,,CNY
34.8,35.39,32.04,32.66,29364567.0,000688.SZ,2026-03-18,国城矿业,,CNY
32.0,32.08,29.53,29.91,36719197.0,000688.SZ,2026-03-19,国城矿业,,CNY
30.02,31.86,29.43,30.6,38075279.0,000688.SZ,2026-03-20,国城矿业,,CNY
30.3,33.66,29.8,32.6,43728163.0,000688.SZ,2026-03-23,国城矿业,,CNY
33.35,35.86,32.8,35.86,47327599.0,000688.SZ,2026-03-24,国城矿业,,CNY
36.83,37.95,36.28,37.7,39216017.0,000688.SZ,2026-03-25,国城矿业,,CNY
37.0,40.62,37.0,39.48,35434575.0,000688.SZ,2026-03-26,国城矿业,,CNY
39.38,43.43,39.12,42.44,47613258.0,000688.SZ,2026-03-27,国城矿业,,CNY
42.55,43.0,40.72,42.4,36553839.0,000688.SZ,2026-03-30,国城矿业,,CNY
41.22,41.99,38.67,38.87,44033858.0,000688.SZ,2026-03-31,国城矿业,,CNY
38.85,40.25,36.8,39.05,30284383.0,000688.SZ,2026-04-01,国城矿业,,CNY
39.24,40.93,38.04,39.69,30280243.0,000688.SZ,2026-04-02,国城矿业,,CNY
40.3,41.17,38.64,40.02,20378526.0,000688.SZ,2026-04-03,国城矿业,,CNY
39.88,40.55,38.27,39.58,19679525.0,000688.SZ,2026-04-07,国城矿业,,CNY
38.99,40.82,38.57,40.39,25217047.0,000688.SZ,2026-04-08,国城矿业,,CNY
40.39,41.18,38.91,39.86,22534612.0,000688.SZ,2026-04-09,国城矿业,,CNY
40.4,43.58,40.0,41.03,29530739.0,000688.SZ,2026-04-10,国城矿业,,CNY
40.4,45.13,40.4,45.13,26855838.0,000688.SZ,2026-04-13,国城矿业,,CNY
45.16,45.96,44.2,45.46,28450214.0,000688.SZ,2026-04-14,国城矿业,,CNY
45.46,45.46,43.0,43.48,20373360.0,000688.SZ,2026-04-15,国城矿业,,CNY
43.94,47.68,43.93,46.73,28594462.0,000688.SZ,2026-04-16,国城矿业,,CNY
47.0,48.39,44.83,45.4,25816267.0,000688.SZ,2026-04-17,国城矿业,,CNY
45.45,46.36,44.41,44.8,22106895.0,000688.SZ,2026-04-20,国城矿业,,CNY
45.29,45.88,43.8,44.0,19515555.0,000688.SZ,2026-04-21,国城矿业,,CNY
43.02,45.06,43.02,44.06,17000351.0,000688.SZ,2026-04-22,国城矿业,,CNY
43.54,43.85,40.33,40.97,40003078.0,000688.SZ,2026-04-23,国城矿业,,CNY
40.89,44.52,40.89,43.91,35647327.0,000688.SZ,2026-04-24,国城矿业,,CNY
43.35,46.98,42.37,45.86,36390337.0,000688.SZ,2026-04-27,国城矿业,,CNY
45.8,47.18,44.45,45.88,17504176.0,000688.SZ,2026-04-28,国城矿业,,CNY
45.63,50.2,45.0,49.34,32879183.0,000688.SZ,2026-04-29,国城矿业,,CNY
48.91,52.73,48.5,51.48,24702151.0,000688.SZ,2026-04-30,国城矿业,,CNY
19.95,22.08,19.81,21.5,59810857.0,000811.SZ,2026-03-02,冰轮环境,,CNY
21.59,21.68,19.93,20.05,42046911.0,000811.SZ,2026-03-03,冰轮环境,,CNY
19.65,20.84,19.62,20.09,29724798.0,000811.SZ,2026-03-04,冰轮环境,,CNY
20.31,21.2,20.25,20.68,34356560.0,000811.SZ,2026-03-05,冰轮环境,,CNY
20.66,21.45,20.29,21.14,35265495.0,000811.SZ,2026-03-06,冰轮环境,,CNY
20.4,20.56,19.18,20.24,52946071.0,000811.SZ,2026-03-09,冰轮环境,,CNY
20.41,21.39,20.16,21.1,28939028.0,000811.SZ,2026-03-10,冰轮环境,,CNY
21.02,21.43,20.3,20.45,27007695.0,000811.SZ,2026-03-11,冰轮环境,,CNY
20.4,20.55,19.35,19.67,27912045.0,000811.SZ,2026-03-12,冰轮环境,,CNY
19.55,19.75,19.04,19.19,22352572.0,000811.SZ,2026-03-13,冰轮环境,,CNY
19.11,19.17,18.28,18.93,22504592.0,000811.SZ,2026-03-16,冰轮环境,,CNY
19.15,19.3,18.21,18.21,14478084.0,000811.SZ,2026-03-17,冰轮环境,,CNY
18.45,18.89,18.25,18.8,15646215.0,000811.SZ,2026-03-18,冰轮环境,,CNY
18.31,18.58,17.82,17.95,17609740.0,000811.SZ,2026-03-19,冰轮环境,,CNY
18.11,18.36,17.51,17.52,14656434.0,000811.SZ,2026-03-20,冰轮环境,,CNY
17.14,17.38,16.24,16.46,22021090.0,000811.SZ,2026-03-23,冰轮环境,,CNY
16.8,18.11,16.69,18.11,35618091.0,000811.SZ,2026-03-24,冰轮环境,,CNY
18.45,19.13,18.31,18.72,33070345.0,000811.SZ,2026-03-25,冰轮环境,,CNY
18.9,18.9,17.97,18.08,18130032.0,000811.SZ,2026-03-26,冰轮环境,,CNY
17.85,18.42,17.64,18.1,19416118.0,000811.SZ,2026-03-27,冰轮环境,,CNY
17.71,17.94,17.29,17.75,19479279.0,000811.SZ,2026-03-30,冰轮环境,,CNY
17.67,17.93,17.17,17.22,16285852.0,000811.SZ,2026-03-31,冰轮环境,,CNY
17.7,17.98,17.5,17.74,16221054.0,000811.SZ,2026-04-01,冰轮环境,,CNY
17.57,17.74,16.7,16.84,23551825.0,000811.SZ,2026-04-02,冰轮环境,,CNY
16.95,17.04,16.7,16.74,11866706.0,000811.SZ,2026-04-03,冰轮环境,,CNY
16.75,17.02,16.61,16.75,10581890.0,000811.SZ,2026-04-07,冰轮环境,,CNY
17.23,18.43,17.2,18.43,29947632.0,000811.SZ,2026-04-08,冰轮环境,,CNY
18.35,18.95,18.22,18.72,33501265.0,000811.SZ,2026-04-09,冰轮环境,,CNY
18.99,19.25,18.61,18.66,23431867.0,000811.SZ,2026-04-10,冰轮环境,,CNY
18.29,18.68,18.14,18.6,23243794.0,000811.SZ,2026-04-13,冰轮环境,,CNY
18.77,18.97,18.45,18.74,27612334.0,000811.SZ,2026-04-14,冰轮环境,,CNY
19.0,19.58,18.53,18.65,29951500.0,000811.SZ,2026-04-15,冰轮环境,,CNY
18.68,19.29,18.42,19.26,29377302.0,000811.SZ,2026-04-16,冰轮环境,,CNY
19.06,19.43,18.96,19.26,20978343.0,000811.SZ,2026-04-17,冰轮环境,,CNY
19.6,19.92,19.06,19.54,29056659.0,000811.SZ,2026-04-20,冰轮环境,,CNY
19.19,20.46,18.93,20.37,39883356.0,000811.SZ,2026-04-21,冰轮环境,,CNY
20.88,22.41,20.6,22.41,72753262.0,000811.SZ,2026-04-22,冰轮环境,,CNY
22.83,22.97,21.67,22.43,75220497.0,000811.SZ,2026-04-23,冰轮环境,,CNY
22.43,22.6,21.78,22.22,38109364.0,000811.SZ,2026-04-24,冰轮环境,,CNY
22.4,23.25,22.35,23.1,55160878.0,000811.SZ,2026-04-27,冰轮环境,,CNY
22.76,25.4,22.76,24.35,73484162.0,000811.SZ,2026-04-28,冰轮环境,,CNY
24.18,24.64,23.43,24.63,45771519.0,000811.SZ,2026-04-29,冰轮环境,,CNY
24.46,25.37,24.16,24.95,42911623.0,000811.SZ,2026-04-30,冰轮环境,,CNY
4.47,4.47,4.35,4.35,19807752.0,000812.SZ,2026-03-02,陕西金叶,,CNY
4.35,4.39,4.2,4.21,19163736.0,000812.SZ,2026-03-03,陕西金叶,,CNY
4.17,4.22,4.12,4.18,15660203.0,000812.SZ,2026-03-04,陕西金叶,,CNY
4.24,4.29,4.21,4.23,12194562.0,000812.SZ,2026-03-05,陕西金叶,,CNY
4.2,4.36,4.19,4.34,14459358.0,000812.SZ,2026-03-06,陕西金叶,,CNY
4.3,4.35,4.25,4.32,12723525.0,000812.SZ,2026-03-09,陕西金叶,,CNY
4.34,4.36,4.31,4.33,10367231.0,000812.SZ,2026-03-10,陕西金叶,,CNY
4.35,4.35,4.27,4.29,11948731.0,000812.SZ,2026-03-11,陕西金叶,,CNY
4.28,4.31,4.25,4.25,10750600.0,000812.SZ,2026-03-12,陕西金叶,,CNY
4.25,4.31,4.23,4.26,12548988.0,000812.SZ,2026-03-13,陕西金叶,,CNY
4.26,4.31,4.26,4.3,10182900.0,000812.SZ,2026-03-16,陕西金叶,,CNY
4.31,4.34,4.24,4.25,12926100.0,000812.SZ,2026-03-17,陕西金叶,,CNY
4.25,4.26,4.2,4.25,8990052.0,000812.SZ,2026-03-18,陕西金叶,,CNY
4.21,4.24,4.1,4.12,13023188.0,000812.SZ,2026-03-19,陕西金叶,,CNY
4.15,4.18,4.01,4.01,12439560.0,000812.SZ,2026-03-20,陕西金叶,,CNY
3.96,3.98,3.73,3.75,22730000.0,000812.SZ,2026-03-23,陕西金叶,,CNY
3.82,3.95,3.78,3.95,21978179.0,000812.SZ,2026-03-24,陕西金叶,,CNY
3.95,4.08,3.93,4.08,15010791.0,000812.SZ,2026-03-25,陕西金叶,,CNY
4.08,4.14,4.06,4.11,16501417.0,000812.SZ,2026-03-26,陕西金叶,,CNY
4.07,4.24,4.04,4.23,21302000.0,000812.SZ,2026-03-27,陕西金叶,,CNY
4.17,4.3,4.12,4.29,18402415.0,000812.SZ,2026-03-30,陕西金叶,,CNY
4.27,4.33,4.23,4.23,18721423.0,000812.SZ,2026-03-31,陕西金叶,,CNY
4.28,4.32,4.18,4.23,13793626.0,000812.SZ,2026-04-01,陕西金叶,,CNY
4.23,4.26,4.14,4.18,9803388.0,000812.SZ,2026-04-02,陕西金叶,,CNY
4.19,4.21,4.02,4.03,11195274.0,000812.SZ,2026-04-03,陕西金叶,,CNY
4.04,4.17,3.99,4.14,12382453.0,000812.SZ,2026-04-07,陕西金叶,,CNY
4.18,4.2,4.13,4.15,17745873.0,000812.SZ,2026-04-08,陕西金叶,,CNY
4.11,4.16,4.03,4.03,14724915.0,000812.SZ,2026-04-09,陕西金叶,,CNY
4.07,4.13,4.05,4.06,13838270.0,000812.SZ,2026-04-10,陕西金叶,,CNY
4.03,4.05,3.95,4.02,11975518.0,000812.SZ,2026-04-13,陕西金叶,,CNY
4.06,4.06,3.94,4.0,12360400.0,000812.SZ,2026-04-14,陕西金叶,,CNY
4.01,4.01,3.93,3.94,10892150.0,000812.SZ,2026-04-15,陕西金叶,,CNY
3.96,4.01,3.91,4.0,10716318.0,000812.SZ,2026-04-16,陕西金叶,,CNY
3.98,4.0,3.92,3.95,9867740.0,000812.SZ,2026-04-17,陕西金叶,,CNY
3.96,3.98,3.93,3.95,9176170.0,000812.SZ,2026-04-20,陕西金叶,,CNY
3.95,3.96,3.89,3.92,10990000.0,000812.SZ,2026-04-21,陕西金叶,,CNY
3.92,3.92,3.86,3.87,9549216.0,000812.SZ,2026-04-22,陕西金叶,,CNY
3.86,3.91,3.82,3.88,10866144.0,000812.SZ,2026-04-23,陕西金叶,,CNY
3.88,4.06,3.87,4.0,23544451.0,000812.SZ,2026-04-24,陕西金叶,,CNY
3.99,4.1,3.93,4.09,22229438.0,000812.SZ,2026-04-27,陕西金叶,,CNY
4.08,4.11,4.0,4.03,13143800.0,000812.SZ,2026-04-28,陕西金叶,,CNY
4.01,4.13,4.01,4.09,13772738.0,000812.SZ,2026-04-29,陕西金叶,,CNY
4.09,4.12,4.06,4.1,10838997.0,000812.SZ,2026-04-30,陕西金叶,,CNY
10.92,10.96,10.78,10.91,8995656.0,000828.SZ,2026-03-02,东莞控股,,CNY
10.91,11.03,10.86,10.89,9500900.0,000828.SZ,2026-03-03,东莞控股,,CNY
10.84,10.86,10.47,10.5,14759420.0,000828.SZ,2026-03-04,东莞控股,,CNY
10.65,10.65,10.5,10.58,7629579.0,000828.SZ,2026-03-05,东莞控股,,CNY
10.55,10.76,10.52,10.73,5740131.0,000828.SZ,2026-03-06,东莞控股,,CNY
10.71,10.78,10.61,10.67,6272552.0,000828.SZ,2026-03-09,东莞控股,,CNY
10.72,10.75,10.67,10.7,4339300.0,000828.SZ,2026-03-10,东莞控股,,CNY
10.73,10.84,10.66,10.81,5383986.0,000828.SZ,2026-03-11,东莞控股,,CNY
10.79,10.97,10.77,10.95,7725986.0,000828.SZ,2026-03-12,东莞控股,,CNY
10.92,11.01,10.9,10.91,7748256.0,000828.SZ,2026-03-13,东莞控股,,CNY
10.93,11.0,10.85,10.95,5395281.0,000828.SZ,2026-03-16,东莞控股,,CNY
10.98,11.09,10.95,10.98,6086795.0,000828.SZ,2026-03-17,东莞控股,,CNY
11.0,11.03,10.87,10.93,4955394.0,000828.SZ,2026-03-18,东莞控股,,CNY
10.89,10.93,10.83,10.86,4796516.0,000828.SZ,2026-03-19,东莞控股,,CNY
10.86,11.01,10.82,10.85,8414256.0,000828.SZ,2026-03-20,东莞控股,,CNY
10.7,10.71,10.15,10.21,14932712.0,000828.SZ,2026-03-23,东莞控股,,CNY
10.36,10.48,10.27,10.46,7700483.0,000828.SZ,2026-03-24,东莞控股,,CNY
10.51,10.76,10.4,10.75,8412601.0,000828.SZ,2026-03-25,东莞控股,,CNY
10.69,10.83,10.65,10.71,5361921.0,000828.SZ,2026-03-26,东莞控股,,CNY
10.7,10.73,10.53,10.7,7130652.0,000828.SZ,2026-03-27,东莞控股,,CNY
10.48,10.48,9.89,10.06,26939373.0,000828.SZ,2026-03-30,东莞控股,,CNY
10.04,10.14,9.95,9.99,12278727.0,000828.SZ,2026-03-31,东莞控股,,CNY
10.08,10.1,9.99,10.0,6450833.0,000828.SZ,2026-04-01,东莞控股,,CNY
9.97,10.03,9.86,9.91,5953958.0,000828.SZ,2026-04-02,东莞控股,,CNY
9.88,9.91,9.85,9.87,5975426.0,000828.SZ,2026-04-03,东莞控股,,CNY
9.87,9.92,9.79,9.88,6687790.0,000828.SZ,2026-04-07,东莞控股,,CNY
9.95,10.02,9.94,10.0,9724585.0,000828.SZ,2026-04-08,东莞控股,,CNY
9.95,9.96,9.8,9.81,6990231.0,000828.SZ,2026-04-09,东莞控股,,CNY
9.85,10.02,9.84,9.89,6876600.0,000828.SZ,2026-04-10,东莞控股,,CNY
9.9,9.92,9.85,9.89,3453270.0,000828.SZ,2026-04-13,东莞控股,,CNY
9.97,10.05,9.89,10.05,7155546.0,000828.SZ,2026-04-14,东莞控股,,CNY
10.07,10.07,9.97,10.07,4491570.0,000828.SZ,2026-04-15,东莞控股,,CNY
10.07,10.09,10.03,10.07,3886300.0,000828.SZ,2026-04-16,东莞控股,,CNY
10.08,10.08,9.96,9.98,4053100.0,000828.SZ,2026-04-17,东莞控股,,CNY
9.98,10.01,9.95,9.98,2608900.0,000828.SZ,2026-04-20,东莞控股,,CNY
9.98,10.2,9.94,10.18,9011346.0,000828.SZ,2026-04-21,东莞控股,,CNY
10.14,10.18,10.06,10.08,5384272.0,000828.SZ,2026-04-22,东莞控股,,CNY
10.07,10.14,10.0,10.11,4894542.0,000828.SZ,2026-04-23,东莞控股,,CNY
10.09,10.19,10.08,10.12,5503581.0,000828.SZ,2026-04-24,东莞控股,,CNY
10.26,10.3,10.15,10.17,9455979.0,000828.SZ,2026-04-27,东莞控股,,CNY
10.16,10.37,10.12,10.33,8669701.0,000828.SZ,2026-04-28,东莞控股,,CNY
10.29,10.44,10.29,10.42,6132964.0,000828.SZ,2026-04-29,东莞控股,,CNY
10.42,10.44,10.28,10.38,5619587.0,000828.SZ,2026-04-30,东莞控股,,CNY
10.81,11.23,10.66,11.11,47471979.0,000829.SZ,2026-03-02,天音控股,,CNY
11.1,11.24,10.51,10.56,34289086.0,000829.SZ,2026-03-03,天音控股,,CNY
10.43,10.76,10.43,10.52,21690718.0,000829.SZ,2026-03-04,天音控股,,CNY
10.73,10.79,10.49,10.53,20143227.0,000829.SZ,2026-03-05,天音控股,,CNY
10.45,10.53,10.24,10.3,28326086.0,000829.SZ,2026-03-06,天音控股,,CNY
10.13,10.33,9.69,10.19,37627956.0,000829.SZ,2026-03-09,天音控股,,CNY
10.3,10.56,10.28,10.54,26042382.0,000829.SZ,2026-03-10,天音控股,,CNY
10.5,10.93,10.5,10.84,33814765.0,000829.SZ,2026-03-11,天音控股,,CNY
10.76,10.78,10.43,10.55,26134449.0,000829.SZ,2026-03-12,天音控股,,CNY
10.53,11.25,10.41,10.87,48845145.0,000829.SZ,2026-03-13,天音控股,,CNY
10.81,11.0,10.68,10.93,24786323.0,000829.SZ,2026-03-16,天音控股,,CNY
10.96,11.04,10.7,10.72,19843248.0,000829.SZ,2026-03-17,天音控股,,CNY
10.73,10.84,10.69,10.77,14468792.0,000829.SZ,2026-03-18,天音控股,,CNY
10.65,10.86,10.6,10.69,17512431.0,000829.SZ,2026-03-19,天音控股,,CNY
10.71,10.95,10.43,10.46,24435446.0,000829.SZ,2026-03-20,天音控股,,CNY
10.2,10.25,9.41,9.45,53244991.0,000829.SZ,2026-03-23,天音控股,,CNY
9.54,9.85,9.33,9.82,32196907.0,000829.SZ,2026-03-24,天音控股,,CNY
9.81,10.48,9.8,10.31,37573180.0,000829.SZ,2026-03-25,天音控股,,CNY
10.31,10.6,10.28,10.3,25199841.0,000829.SZ,2026-03-26,天音控股,,CNY
10.16,10.45,10.08,10.38,18248440.0,000829.SZ,2026-03-27,天音控股,,CNY
10.25,10.52,10.1,10.43,19722424.0,000829.SZ,2026-03-30,天音控股,,CNY
10.44,10.79,10.38,10.38,20427557.0,000829.SZ,2026-03-31,天音控股,,CNY
10.55,10.58,10.26,10.35,18100537.0,000829.SZ,2026-04-01,天音控股,,CNY
10.28,10.39,10.04,10.12,14552921.0,000829.SZ,2026-04-02,天音控股,,CNY
10.21,10.48,9.88,10.19,28090195.0,000829.SZ,2026-04-03,天音控股,,CNY
10.21,10.34,10.13,10.25,14209975.0,000829.SZ,2026-04-07,天音控股,,CNY
10.4,10.65,10.39,10.59,21924698.0,000829.SZ,2026-04-08,天音控股,,CNY
10.46,10.75,10.44,10.61,18209845.0,000829.SZ,2026-04-09,天音控股,,CNY
10.66,10.79,10.56,10.57,18694820.0,000829.SZ,2026-04-10,天音控股,,CNY
10.55,10.87,10.55,10.7,23966906.0,000829.SZ,2026-04-13,天音控股,,CNY
10.72,10.79,10.39,10.46,21723404.0,000829.SZ,2026-04-14,天音控股,,CNY
10.5,10.92,10.39,10.66,31450663.0,000829.SZ,2026-04-15,天音控股,,CNY
10.62,10.88,10.62,10.8,25238316.0,000829.SZ,2026-04-16,天音控股,,CNY
10.79,11.11,10.72,10.97,32741222.0,000829.SZ,2026-04-17,天音控股,,CNY
10.89,11.24,10.67,11.01,76004629.0,000829.SZ,2026-04-20,天音控股,,CNY
10.97,11.19,10.87,10.99,45600484.0,000829.SZ,2026-04-21,天音控股,,CNY
10.96,11.8,10.96,11.54,70523799.0,000829.SZ,2026-04-22,天音控股,,CNY
11.6,12.69,11.6,12.14,105625372.0,000829.SZ,2026-04-23,天音控股,,CNY
12.14,12.32,11.78,11.9,49828362.0,000829.SZ,2026-04-24,天音控股,,CNY
11.42,11.65,11.02,11.54,60453926.0,000829.SZ,2026-04-27,天音控股,,CNY
11.46,11.75,11.03,11.11,47854064.0,000829.SZ,2026-04-28,天音控股,,CNY
11.22,11.85,11.15,11.47,46918651.0,000829.SZ,2026-04-29,天音控股,,CNY
11.27,12.03,11.27,11.7,48356935.0,000829.SZ,2026-04-30,天音控股,,CNY
8.32,8.39,8.3,8.37,12256574.0,000848.SZ,2026-03-02,承德露露,,CNY
8.35,8.4,8.3,8.33,8886142.0,000848.SZ,2026-03-03,承德露露,,CNY
8.32,8.32,8.17,8.17,9475187.0,000848.SZ,2026-03-04,承德露露,,CNY
8.22,8.24,8.19,8.21,5879370.0,000848.SZ,2026-03-05,承德露露,,CNY
8.21,8.28,8.18,8.26,5664941.0,000848.SZ,2026-03-06,承德露露,,CNY
8.18,8.28,8.16,8.28,6230307.0,000848.SZ,2026-03-09,承德露露,,CNY
8.29,8.33,8.25,8.3,4859058.0,000848.SZ,2026-03-10,承德露露,,CNY
8.3,8.31,8.25,8.27,3486460.0,000848.SZ,2026-03-11,承德露露,,CNY
8.27,8.32,8.25,8.26,6478005.0,000848.SZ,2026-03-12,承德露露,,CNY
8.25,8.31,8.24,8.26,6435815.0,000848.SZ,2026-03-13,承德露露,,CNY
8.26,8.28,8.19,8.23,9107990.0,000848.SZ,2026-03-16,承德露露,,CNY
8.25,8.31,8.22,8.23,8510094.0,000848.SZ,2026-03-17,承德露露,,CNY
8.22,8.25,8.18,8.22,6437717.0,000848.SZ,2026-03-18,承德露露,,CNY
8.19,8.23,8.1,8.11,7548852.0,000848.SZ,2026-03-19,承德露露,,CNY
8.11,8.14,8.01,8.02,7690247.0,000848.SZ,2026-03-20,承德露露,,CNY
7.99,7.99,7.6,7.67,13581322.0,000848.SZ,2026-03-23,承德露露,,CNY
7.75,7.86,7.65,7.83,7380544.0,000848.SZ,2026-03-24,承德露露,,CNY
7.85,7.94,7.84,7.89,5348441.0,000848.SZ,2026-03-25,承德露露,,CNY
7.88,7.93,7.8,7.85,4785527.0,000848.SZ,2026-03-26,承德露露,,CNY
7.8,7.93,7.78,7.9,4833250.0,000848.SZ,2026-03-27,承德露露,,CNY
7.85,8.02,7.83,8.0,5996961.0,000848.SZ,2026-03-30,承德露露,,CNY
8.0,8.05,7.97,7.98,5169230.0,000848.SZ,2026-03-31,承德露露,,CNY
8.05,8.06,7.89,7.95,9592891.0,000848.SZ,2026-04-01,承德露露,,CNY
7.94,8.01,7.91,7.99,6180290.0,000848.SZ,2026-04-02,承德露露,,CNY
7.99,8.01,7.86,7.92,6023298.0,000848.SZ,2026-04-03,承德露露,,CNY
7.94,7.99,7.9,7.96,4391043.0,000848.SZ,2026-04-07,承德露露,,CNY
8.0,8.05,7.96,8.04,6694569.0,000848.SZ,2026-04-08,承德露露,,CNY
8.01,8.06,7.94,7.94,4607441.0,000848.SZ,2026-04-09,承德露露,,CNY
8.0,8.02,7.95,7.97,4234985.0,000848.SZ,2026-04-10,承德露露,,CNY
7.96,8.52,7.94,8.29,32282901.0,000848.SZ,2026-04-13,承德露露,,CNY
8.31,8.32,8.08,8.16,18230056.0,000848.SZ,2026-04-14,承德露露,,CNY
8.16,8.21,8.11,8.18,8399023.0,000848.SZ,2026-04-15,承德露露,,CNY
8.18,8.23,8.13,8.18,7698310.0,000848.SZ,2026-04-16,承德露露,,CNY
8.16,8.2,8.11,8.16,5267855.0,000848.SZ,2026-04-17,承德露露,,CNY
8.15,8.32,8.15,8.26,12126749.0,000848.SZ,2026-04-20,承德露露,,CNY
8.24,8.4,8.22,8.37,13654400.0,000848.SZ,2026-04-21,承德露露,,CNY
8.37,8.46,8.3,8.33,8466802.0,000848.SZ,2026-04-22,承德露露,,CNY
8.33,8.48,8.29,8.39,15190204.0,000848.SZ,2026-04-23,承德露露,,CNY
8.39,8.41,8.32,8.36,8592590.0,000848.SZ,2026-04-24,承德露露,,CNY
8.39,8.48,8.35,8.41,9686160.0,000848.SZ,2026-04-27,承德露露,,CNY
8.95,9.08,8.81,8.87,77713255.0,000848.SZ,2026-04-28,承德露露,,CNY
8.88,9.04,8.75,8.92,43921269.0,000848.SZ,2026-04-29,承德露露,,CNY
8.92,8.95,8.82,8.9,28258737.0,000848.SZ,2026-04-30,承德露露,,CNY
5.76,5.82,5.5,5.65,21399200.0,000850.SZ,2026-03-02,华茂股份,,CNY
5.61,5.67,5.3,5.38,21483335.0,000850.SZ,2026-03-03,华茂股份,,CNY
5.32,5.5,5.29,5.37,14633905.0,000850.SZ,2026-03-04,华茂股份,,CNY
5.44,5.48,5.32,5.36,13770099.0,000850.SZ,2026-03-05,华茂股份,,CNY
5.35,5.51,5.32,5.49,11734409.0,000850.SZ,2026-03-06,华茂股份,,CNY
5.45,5.47,5.35,5.45,14157517.0,000850.SZ,2026-03-09,华茂股份,,CNY
5.49,5.52,5.42,5.44,10208900.0,000850.SZ,2026-03-10,华茂股份,,CNY
5.43,5.48,5.4,5.45,9021562.0,000850.SZ,2026-03-11,华茂股份,,CNY
5.45,5.52,5.34,5.39,11721791.0,000850.SZ,2026-03-12,华茂股份,,CNY
5.37,5.47,5.31,5.33,9288442.0,000850.SZ,2026-03-13,华茂股份,,CNY
5.32,5.36,5.19,5.24,13191290.0,000850.SZ,2026-03-16,华茂股份,,CNY
5.24,5.29,5.13,5.15,8774538.0,000850.SZ,2026-03-17,华茂股份,,CNY
5.15,5.19,5.08,5.18,8910972.0,000850.SZ,2026-03-18,华茂股份,,CNY
5.14,5.16,5.02,5.04,10707070.0,000850.SZ,2026-03-19,华茂股份,,CNY
5.06,5.09,4.93,4.94,11151386.0,000850.SZ,2026-03-20,华茂股份,,CNY
4.85,4.88,4.59,4.64,19866339.0,000850.SZ,2026-03-23,华茂股份,,CNY
4.75,4.85,4.66,4.84,14683375.0,000850.SZ,2026-03-24,华茂股份,,CNY
4.84,5.02,4.84,4.99,11559791.0,000850.SZ,2026-03-25,华茂股份,,CNY
4.98,5.07,4.9,4.92,9670670.0,000850.SZ,2026-03-26,华茂股份,,CNY
4.89,4.99,4.86,4.99,8451960.0,000850.SZ,2026-03-27,华茂股份,,CNY
4.92,5.03,4.91,5.01,5757050.0,000850.SZ,2026-03-30,华茂股份,,CNY
5.02,5.08,4.94,4.94,7207441.0,000850.SZ,2026-03-31,华茂股份,,CNY
5.06,5.1,4.94,4.97,7729000.0,000850.SZ,2026-04-01,华茂股份,,CNY
4.96,4.98,4.86,4.88,6516599.0,000850.SZ,2026-04-02,华茂股份,,CNY
4.91,4.91,4.71,4.72,8484500.0,000850.SZ,2026-04-03,华茂股份,,CNY
4.75,4.88,4.74,4.84,9733600.0,000850.SZ,2026-04-07,华茂股份,,CNY
4.95,5.0,4.92,4.98,8608400.0,000850.SZ,2026-04-08,华茂股份,,CNY
4.96,4.99,4.87,4.88,9013450.0,000850.SZ,2026-04-09,华茂股份,,CNY
4.92,4.99,4.89,4.95,7612245.0,000850.SZ,2026-04-10,华茂股份,,CNY
4.93,4.95,4.87,4.95,6789302.0,000850.SZ,2026-04-13,华茂股份,,CNY
4.99,5.0,4.88,4.95,6779000.0,000850.SZ,2026-04-14,华茂股份,,CNY
4.97,4.98,4.88,4.89,5694600.0,000850.SZ,2026-04-15,华茂股份,,CNY
4.88,4.98,4.87,4.97,7954880.0,000850.SZ,2026-04-16,华茂股份,,CNY
4.95,4.98,4.85,4.87,9467000.0,000850.SZ,2026-04-17,华茂股份,,CNY
4.87,4.94,4.86,4.91,6209203.0,000850.SZ,2026-04-20,华茂股份,,CNY
4.99,5.18,4.88,4.91,27484592.0,000850.SZ,2026-04-21,华茂股份,,CNY
4.89,4.91,4.74,4.77,18666149.0,000850.SZ,2026-04-22,华茂股份,,CNY
4.75,4.77,4.65,4.67,15614626.0,000850.SZ,2026-04-23,华茂股份,,CNY
4.65,4.72,4.61,4.68,9309776.0,000850.SZ,2026-04-24,华茂股份,,CNY
4.68,4.69,4.56,4.68,11397715.0,000850.SZ,2026-04-27,华茂股份,,CNY
4.61,4.65,4.39,4.47,22989617.0,000850.SZ,2026-04-28,华茂股份,,CNY
4.47,4.62,4.43,4.59,15180142.0,000850.SZ,2026-04-29,华茂股份,,CNY
4.59,4.65,4.52,4.54,9185780.0,000850.SZ,2026-04-30,华茂股份,,CNY
11.12,11.27,10.82,10.84,10900000.0,000856.SZ,2026-03-02,冀东装备,,CNY
10.93,10.96,10.45,10.47,9653200.0,000856.SZ,2026-03-03,冀东装备,,CNY
10.41,10.55,10.32,10.48,7466500.0,000856.SZ,2026-03-04,冀东装备,,CNY
10.68,10.79,10.58,10.61,7479341.0,000856.SZ,2026-03-05,冀东装备,,CNY
10.57,11.09,10.56,11.07,8544751.0,000856.SZ,2026-03-06,冀东装备,,CNY
10.87,11.19,10.8,11.07,9453001.0,000856.SZ,2026-03-09,冀东装备,,CNY
11.2,11.3,11.12,11.23,6493000.0,000856.SZ,2026-03-10,冀东装备,,CNY
11.32,11.32,11.09,11.18,6381300.0,000856.SZ,2026-03-11,冀东装备,,CNY
11.12,11.2,10.9,10.95,6839600.0,000856.SZ,2026-03-12,冀东装备,,CNY
10.92,11.15,10.84,10.92,4476400.0,000856.SZ,2026-03-13,冀东装备,,CNY
10.89,11.07,10.77,11.03,5648200.0,000856.SZ,2026-03-16,冀东装备,,CNY
11.12,11.5,11.01,11.31,13153360.0,000856.SZ,2026-03-17,冀东装备,,CNY
11.44,11.66,11.26,11.59,20815161.0,000856.SZ,2026-03-18,冀东装备,,CNY
11.48,11.99,11.41,11.76,20402256.0,000856.SZ,2026-03-19,冀东装备,,CNY
11.77,12.6,11.52,12.19,39050820.0,000856.SZ,2026-03-20,冀东装备,,CNY
11.9,12.39,11.66,12.31,39912893.0,000856.SZ,2026-03-23,冀东装备,,CNY
11.65,12.06,11.08,11.1,49360261.0,000856.SZ,2026-03-24,冀东装备,,CNY
10.58,12.13,10.44,11.81,54065123.0,000856.SZ,2026-03-25,冀东装备,,CNY
12.11,12.71,11.92,11.96,42881205.0,000856.SZ,2026-03-26,冀东装备,,CNY
11.89,11.97,11.6,11.7,25359900.0,000856.SZ,2026-03-27,冀东装备,,CNY
11.65,11.97,11.32,11.58,17549300.0,000856.SZ,2026-03-30,冀东装备,,CNY
11.5,11.89,11.35,11.35,15847038.0,000856.SZ,2026-03-31,冀东装备,,CNY
11.61,11.8,11.39,11.47,19107047.0,000856.SZ,2026-04-01,冀东装备,,CNY
11.38,11.46,10.72,10.84,18009701.0,000856.SZ,2026-04-02,冀东装备,,CNY
10.97,10.98,10.01,10.03,17632700.0,000856.SZ,2026-04-03,冀东装备,,CNY
9.96,10.44,9.85,10.4,15118800.0,000856.SZ,2026-04-07,冀东装备,,CNY
10.59,10.9,10.51,10.88,11447100.0,000856.SZ,2026-04-08,冀东装备,,CNY
10.75,10.88,10.64,10.73,8414900.0,000856.SZ,2026-04-09,冀东装备,,CNY
10.83,11.36,10.8,10.99,15214579.0,000856.SZ,2026-04-10,冀东装备,,CNY
10.99,11.18,10.81,11.12,9259604.0,000856.SZ,2026-04-13,冀东装备,,CNY
11.2,11.6,11.05,11.2,11799900.0,000856.SZ,2026-04-14,冀东装备,,CNY
11.26,11.31,10.88,10.91,8533262.0,000856.SZ,2026-04-15,冀东装备,,CNY
10.97,10.98,10.74,10.94,9374400.0,000856.SZ,2026-04-16,冀东装备,,CNY
10.94,11.0,10.56,10.7,8615300.0,000856.SZ,2026-04-17,冀东装备,,CNY
10.69,10.95,10.62,10.9,8262501.0,000856.SZ,2026-04-20,冀东装备,,CNY
10.9,10.9,10.6,10.68,5942300.0,000856.SZ,2026-04-21,冀东装备,,CNY
10.65,10.73,10.54,10.69,5139200.0,000856.SZ,2026-04-22,冀东装备,,CNY
10.7,10.7,10.43,10.52,5647901.0,000856.SZ,2026-04-23,冀东装备,,CNY
10.5,10.58,10.3,10.46,5865500.0,000856.SZ,2026-04-24,冀东装备,,CNY
10.49,10.68,10.32,10.66,6107300.0,000856.SZ,2026-04-27,冀东装备,,CNY
10.08,10.28,9.59,9.59,18431500.0,000856.SZ,2026-04-28,冀东装备,,CNY
9.44,10.17,9.44,10.05,21121439.0,000856.SZ,2026-04-29,冀东装备,,CNY
10.08,10.35,10.01,10.3,11540355.0,000856.SZ,2026-04-30,冀东装备,,CNY
14.38,14.39,14.04,14.1,14084597.0,000860.SZ,2026-03-02,顺鑫农业,,CNY
14.06,14.26,13.91,14.15,11177966.0,000860.SZ,2026-03-03,顺鑫农业,,CNY
14.12,14.12,13.91,13.92,6397700.0,000860.SZ,2026-03-04,顺鑫农业,,CNY
13.98,14.07,13.9,13.96,5153232.0,000860.SZ,2026-03-05,顺鑫农业,,CNY
13.92,14.13,13.92,14.09,5919112.0,000860.SZ,2026-03-06,顺鑫农业,,CNY
13.95,14.06,13.9,14.05,5834850.0,000860.SZ,2026-03-09,顺鑫农业,,CNY
14.06,14.14,14.01,14.11,4811731.0,000860.SZ,2026-03-10,顺鑫农业,,CNY
14.11,14.18,14.02,14.07,6313183.0,000860.SZ,2026-03-11,顺鑫农业,,CNY
14.04,14.13,13.97,14.07,6235050.0,000860.SZ,2026-03-12,顺鑫农业,,CNY
14.04,14.18,14.01,14.13,7426975.0,000860.SZ,2026-03-13,顺鑫农业,,CNY
14.1,14.38,14.06,14.25,10461266.0,000860.SZ,2026-03-16,顺鑫农业,,CNY
14.2,14.29,14.1,14.12,6019606.0,000860.SZ,2026-03-17,顺鑫农业,,CNY
14.12,14.16,13.98,14.04,5276470.0,000860.SZ,2026-03-18,顺鑫农业,,CNY
13.95,14.02,13.79,13.81,7447786.0,000860.SZ,2026-03-19,顺鑫农业,,CNY
13.81,13.87,13.59,13.59,5857700.0,000860.SZ,2026-03-20,顺鑫农业,,CNY
13.41,13.43,12.84,12.86,10447250.0,000860.SZ,2026-03-23,顺鑫农业,,CNY
13.05,13.07,12.81,12.99,5195827.0,000860.SZ,2026-03-24,顺鑫农业,,CNY
13.0,13.1,12.97,13.01,6353122.0,000860.SZ,2026-03-25,顺鑫农业,,CNY
13.02,13.07,12.76,12.78,5824888.0,000860.SZ,2026-03-26,顺鑫农业,,CNY
12.68,12.93,12.61,12.89,4497558.0,000860.SZ,2026-03-27,顺鑫农业,,CNY
12.72,12.93,12.71,12.88,4098902.0,000860.SZ,2026-03-30,顺鑫农业,,CNY
13.17,13.19,12.83,12.88,6185784.0,000860.SZ,2026-03-31,顺鑫农业,,CNY
12.96,13.01,12.86,12.93,4762393.0,000860.SZ,2026-04-01,顺鑫农业,,CNY
12.93,13.03,12.87,12.9,5014600.0,000860.SZ,2026-04-02,顺鑫农业,,CNY
12.89,12.92,12.64,12.64,4472500.0,000860.SZ,2026-04-03,顺鑫农业,,CNY
12.62,12.79,12.61,12.75,3486158.0,000860.SZ,2026-04-07,顺鑫农业,,CNY
12.9,13.03,12.86,13.01,5729543.0,000860.SZ,2026-04-08,顺鑫农业,,CNY
12.95,12.97,12.78,12.79,4451609.0,000860.SZ,2026-04-09,顺鑫农业,,CNY
12.83,12.93,12.82,12.85,3676000.0,000860.SZ,2026-04-10,顺鑫农业,,CNY
12.81,12.97,12.77,12.91,5560400.0,000860.SZ,2026-04-13,顺鑫农业,,CNY
12.92,13.1,12.89,13.05,6638830.0,000860.SZ,2026-04-14,顺鑫农业,,CNY
13.03,13.07,12.96,13.03,4757605.0,000860.SZ,2026-04-15,顺鑫农业,,CNY
13.02,13.07,12.96,13.01,4365228.0,000860.SZ,2026-04-16,顺鑫农业,,CNY
12.99,12.99,12.78,12.91,5739230.0,000860.SZ,2026-04-17,顺鑫农业,,CNY
12.89,12.94,12.83,12.88,3720523.0,000860.SZ,2026-04-20,顺鑫农业,,CNY
12.89,12.97,12.78,12.8,3715201.0,000860.SZ,2026-04-21,顺鑫农业,,CNY
12.74,12.83,12.73,12.76,3011051.0,000860.SZ,2026-04-22,顺鑫农业,,CNY
12.76,13.04,12.76,12.9,8367725.0,000860.SZ,2026-04-23,顺鑫农业,,CNY
12.8,12.86,12.63,12.68,5617723.0,000860.SZ,2026-04-24,顺鑫农业,,CNY
12.64,12.68,12.4,12.43,6622625.0,000860.SZ,2026-04-27,顺鑫农业,,CNY
12.38,12.48,12.2,12.46,6375674.0,000860.SZ,2026-04-28,顺鑫农业,,CNY
12.41,12.94,12.38,12.75,9477645.0,000860.SZ,2026-04-29,顺鑫农业,,CNY
12.75,12.82,12.67,12.7,6879057.0,000860.SZ,2026-04-30,顺鑫农业,,CNY
20.46,20.47,20.11,20.16,2748399.0,000869.SZ,2026-03-02,张裕,,CNY
20.17,20.26,19.99,19.99,1421533.0,000869.SZ,2026-03-03,张裕,,CNY
19.97,19.97,19.56,19.65,1901599.0,000869.SZ,2026-03-04,张裕,,CNY
19.78,19.86,19.6,19.69,1143161.0,000869.SZ,2026-03-05,张裕,,CNY
19.68,19.75,19.56,19.74,1717374.0,000869.SZ,2026-03-06,张裕,,CNY
19.59,19.69,19.49,19.68,1177901.0,000869.SZ,2026-03-09,张裕,,CNY
19.75,20.1,19.7,20.1,1413513.0,000869.SZ,2026-03-10,张裕,,CNY
20.09,20.2,19.84,20.0,1416300.0,000869.SZ,2026-03-11,张裕,,CNY
19.92,20.05,19.62,20.0,1354576.0,000869.SZ,2026-03-12,张裕,,CNY
19.89,20.08,19.86,19.91,1307365.0,000869.SZ,2026-03-13,张裕,,CNY
19.94,20.05,19.9,20.01,892859.0,000869.SZ,2026-03-16,张裕,,CNY
20.02,20.1,19.91,19.93,896764.0,000869.SZ,2026-03-17,张裕,,CNY
20.08,20.08,19.75,19.87,851480.0,000869.SZ,2026-03-18,张裕,,CNY
19.7,19.84,19.6,19.66,1013857.0,000869.SZ,2026-03-19,张裕,,CNY
19.64,19.74,19.26,19.26,876234.0,000869.SZ,2026-03-20,张裕,,CNY
19.35,19.35,18.61,18.61,2138966.0,000869.SZ,2026-03-23,张裕,,CNY
18.79,19.03,18.65,18.96,962746.0,000869.SZ,2026-03-24,张裕,,CNY
19.01,19.19,18.97,19.15,877382.0,000869.SZ,2026-03-25,张裕,,CNY
19.09,19.32,18.87,18.95,969680.0,000869.SZ,2026-03-26,张裕,,CNY
18.87,19.22,18.79,19.18,747417.0,000869.SZ,2026-03-27,张裕,,CNY
19.1,19.36,18.92,19.33,618730.0,000869.SZ,2026-03-30,张裕,,CNY
19.38,19.49,19.22,19.26,774900.0,000869.SZ,2026-03-31,张裕,,CNY
19.4,19.53,19.23,19.49,772723.0,000869.SZ,2026-04-01,张裕,,CNY
19.62,19.64,19.36,19.38,899498.0,000869.SZ,2026-04-02,张裕,,CNY
19.58,19.58,18.99,19.16,810362.0,000869.SZ,2026-04-03,张裕,,CNY
19.07,19.2,18.92,19.13,568900.0,000869.SZ,2026-04-07,张裕,,CNY
19.28,19.47,19.23,19.39,750199.0,000869.SZ,2026-04-08,张裕,,CNY
19.32,19.39,19.05,19.28,842200.0,000869.SZ,2026-04-09,张裕,,CNY
19.39,19.5,19.21,19.25,1281858.0,000869.SZ,2026-04-10,张裕,,CNY
19.23,19.38,19.09,19.32,1001899.0,000869.SZ,2026-04-13,张裕,,CNY
19.38,19.38,19.18,19.34,430699.0,000869.SZ,2026-04-14,张裕,,CNY
19.38,19.39,19.22,19.3,650150.0,000869.SZ,2026-04-15,张裕,,CNY
19.3,19.3,19.12,19.15,1151000.0,000869.SZ,2026-04-16,张裕,,CNY
19.12,19.2,18.92,19.08,1038540.0,000869.SZ,2026-04-17,张裕,,CNY
19.23,19.23,19.09,19.1,642599.0,000869.SZ,2026-04-20,张裕,,CNY
19.1,19.25,19.01,19.04,809114.0,000869.SZ,2026-04-21,张裕,,CNY
19.0,19.04,18.94,18.96,593414.0,000869.SZ,2026-04-22,张裕,,CNY
18.99,19.23,18.91,19.04,887815.0,000869.SZ,2026-04-23,张裕,,CNY
19.0,19.32,18.94,19.27,1139271.0,000869.SZ,2026-04-24,张裕,,CNY
19.27,19.36,19.08,19.13,1053935.0,000869.SZ,2026-04-27,张裕,,CNY
19.24,19.54,19.19,19.4,2158032.0,000869.SZ,2026-04-28,张裕,,CNY
19.33,19.45,19.2,19.27,2057576.0,000869.SZ,2026-04-29,张裕,,CNY
19.27,19.35,19.1,19.35,1104552.0,000869.SZ,2026-04-30,张裕,,CNY
7.91,8.09,7.8,7.84,146974127.0,000875.SZ,2026-03-02,电投绿能,,CNY
7.9,7.93,7.46,7.5,140564546.0,000875.SZ,2026-03-03,电投绿能,,CNY
7.44,8.08,7.4,7.84,164900170.0,000875.SZ,2026-03-04,电投绿能,,CNY
8.02,8.19,7.84,8.03,168587206.0,000875.SZ,2026-03-05,电投绿能,,CNY
8.05,8.18,7.87,7.93,131593782.0,000875.SZ,2026-03-06,电投绿能,,CNY
8.06,8.15,7.86,8.03,146472336.0,000875.SZ,2026-03-09,电投绿能,,CNY
7.96,8.37,7.92,8.01,170525396.0,000875.SZ,2026-03-10,电投绿能,,CNY
7.98,8.15,7.76,8.04,146817722.0,000875.SZ,2026-03-11,电投绿能,,CNY
8.0,8.01,7.72,7.95,142630788.0,000875.SZ,2026-03-12,电投绿能,,CNY
7.96,8.25,7.75,8.01,158626591.0,000875.SZ,2026-03-13,电投绿能,,CNY
8.08,8.14,7.5,7.57,163458739.0,000875.SZ,2026-03-16,电投绿能,,CNY
7.58,7.59,7.18,7.21,125190021.0,000875.SZ,2026-03-17,电投绿能,,CNY
7.23,7.38,7.16,7.23,79513321.0,000875.SZ,2026-03-18,电投绿能,,CNY
7.19,7.32,7.15,7.2,64012231.0,000875.SZ,2026-03-19,电投绿能,,CNY
7.21,7.54,7.18,7.22,102768213.0,000875.SZ,2026-03-20,电投绿能,,CNY
7.13,7.34,6.97,7.06,117166061.0,000875.SZ,2026-03-23,电投绿能,,CNY
7.2,7.32,6.98,7.3,102684836.0,000875.SZ,2026-03-24,电投绿能,,CNY
7.25,7.64,7.2,7.49,126320787.0,000875.SZ,2026-03-25,电投绿能,,CNY
7.48,7.48,7.22,7.26,85474061.0,000875.SZ,2026-03-26,电投绿能,,CNY
7.17,7.31,7.09,7.2,62572276.0,000875.SZ,2026-03-27,电投绿能,,CNY
7.11,7.18,6.62,6.69,123715705.0,000875.SZ,2026-03-30,电投绿能,,CNY
6.81,6.95,6.48,6.51,95362176.0,000875.SZ,2026-03-31,电投绿能,,CNY
6.64,6.64,6.43,6.48,73856205.0,000875.SZ,2026-04-01,电投绿能,,CNY
6.47,6.5,6.19,6.24,73260259.0,000875.SZ,2026-04-02,电投绿能,,CNY
6.24,6.25,6.01,6.1,56603846.0,000875.SZ,2026-04-03,电投绿能,,CNY
6.11,6.19,6.08,6.12,34607095.0,000875.SZ,2026-04-07,电投绿能,,CNY
6.2,6.43,6.2,6.4,59540614.0,000875.SZ,2026-04-08,电投绿能,,CNY
6.34,6.54,6.26,6.41,54116896.0,000875.SZ,2026-04-09,电投绿能,,CNY
6.42,6.5,6.41,6.44,35450777.0,000875.SZ,2026-04-10,电投绿能,,CNY
6.44,6.68,6.4,6.62,70022307.0,000875.SZ,2026-04-13,电投绿能,,CNY
6.63,6.69,6.5,6.54,45849251.0,000875.SZ,2026-04-14,电投绿能,,CNY
6.54,6.62,6.47,6.49,37226411.0,000875.SZ,2026-04-15,电投绿能,,CNY
6.48,6.73,6.45,6.67,62681933.0,000875.SZ,2026-04-16,电投绿能,,CNY
6.68,6.8,6.62,6.74,43766286.0,000875.SZ,2026-04-17,电投绿能,,CNY
6.75,6.79,6.7,6.77,47149241.0,000875.SZ,2026-04-20,电投绿能,,CNY
6.66,6.69,6.36,6.56,96790467.0,000875.SZ,2026-04-21,电投绿能,,CNY
6.54,6.54,6.43,6.47,52569038.0,000875.SZ,2026-04-22,电投绿能,,CNY
6.5,6.66,6.45,6.64,73276569.0,000875.SZ,2026-04-23,电投绿能,,CNY
6.61,6.61,6.38,6.45,58819077.0,000875.SZ,2026-04-24,电投绿能,,CNY
6.4,6.66,6.38,6.57,52356330.0,000875.SZ,2026-04-27,电投绿能,,CNY
6.52,6.62,6.4,6.57,53563728.0,000875.SZ,2026-04-28,电投绿能,,CNY
6.55,6.62,6.51,6.57,40422556.0,000875.SZ,2026-04-29,电投绿能,,CNY
6.57,6.58,6.43,6.53,39062759.0,000875.SZ,2026-04-30,电投绿能,,CNY
7.46,7.49,7.3,7.37,11400501.0,000919.SZ,2026-03-02,金陵药业,,CNY
7.37,7.44,7.21,7.22,9358900.0,000919.SZ,2026-03-03,金陵药业,,CNY
7.2,7.24,7.06,7.14,9365116.0,000919.SZ,2026-03-04,金陵药业,,CNY
7.21,7.28,7.17,7.18,7441360.0,000919.SZ,2026-03-05,金陵药业,,CNY
7.21,7.43,7.17,7.43,10537945.0,000919.SZ,2026-03-06,金陵药业,,CNY
7.35,7.44,7.3,7.38,9847500.0,000919.SZ,2026-03-09,金陵药业,,CNY
7.42,7.45,7.36,7.42,5903900.0,000919.SZ,2026-03-10,金陵药业,,CNY
7.42,7.43,7.34,7.4,5530700.0,000919.SZ,2026-03-11,金陵药业,,CNY
7.4,7.44,7.35,7.35,6290400.0,000919.SZ,2026-03-12,金陵药业,,CNY
7.35,7.45,7.32,7.37,5965500.0,000919.SZ,2026-03-13,金陵药业,,CNY
7.33,7.43,7.33,7.41,6813700.0,000919.SZ,2026-03-16,金陵药业,,CNY
7.42,7.55,7.38,7.39,8446900.0,000919.SZ,2026-03-17,金陵药业,,CNY
7.39,7.45,7.32,7.44,4983800.0,000919.SZ,2026-03-18,金陵药业,,CNY
7.38,7.43,7.2,7.22,7247415.0,000919.SZ,2026-03-19,金陵药业,,CNY
7.22,7.29,7.08,7.1,6930430.0,000919.SZ,2026-03-20,金陵药业,,CNY
6.96,7.0,6.53,6.59,14872486.0,000919.SZ,2026-03-23,金陵药业,,CNY
6.69,6.89,6.66,6.88,11204873.0,000919.SZ,2026-03-24,金陵药业,,CNY
6.91,7.06,6.86,7.0,8767600.0,000919.SZ,2026-03-25,金陵药业,,CNY
7.0,7.1,6.97,6.98,5947800.0,000919.SZ,2026-03-26,金陵药业,,CNY
6.92,7.19,6.89,7.17,8191900.0,000919.SZ,2026-03-27,金陵药业,,CNY
7.16,7.31,7.12,7.3,9232600.0,000919.SZ,2026-03-30,金陵药业,,CNY
7.28,7.34,7.14,7.18,11536700.0,000919.SZ,2026-03-31,金陵药业,,CNY
7.23,7.34,7.12,7.33,11116501.0,000919.SZ,2026-04-01,金陵药业,,CNY
7.34,7.47,7.29,7.42,12529300.0,000919.SZ,2026-04-02,金陵药业,,CNY
7.4,7.52,7.26,7.36,13212947.0,000919.SZ,2026-04-03,金陵药业,,CNY
7.36,8.1,7.18,8.1,38846984.0,000919.SZ,2026-04-07,金陵药业,,CNY
8.5,8.91,8.35,8.91,95718851.0,000919.SZ,2026-04-08,金陵药业,,CNY
8.99,9.8,8.47,8.58,183820352.0,000919.SZ,2026-04-09,金陵药业,,CNY
8.13,8.3,7.73,7.93,147569834.0,000919.SZ,2026-04-10,金陵药业,,CNY
7.66,7.69,7.2,7.25,98583371.0,000919.SZ,2026-04-13,金陵药业,,CNY
7.62,7.83,7.34,7.51,86985091.0,000919.SZ,2026-04-14,金陵药业,,CNY
7.88,8.26,7.71,8.26,74396311.0,000919.SZ,2026-04-15,金陵药业,,CNY
8.49,8.83,8.17,8.3,142270180.0,000919.SZ,2026-04-16,金陵药业,,CNY
8.23,8.26,7.85,7.96,80098029.0,000919.SZ,2026-04-17,金陵药业,,CNY
7.97,8.0,7.76,7.88,55460390.0,000919.SZ,2026-04-20,金陵药业,,CNY
7.84,8.23,7.75,7.8,59377900.0,000919.SZ,2026-04-21,金陵药业,,CNY
7.6,7.75,7.5,7.72,55172564.0,000919.SZ,2026-04-22,金陵药业,,CNY
7.64,7.64,7.44,7.47,42060200.0,000919.SZ,2026-04-23,金陵药业,,CNY
7.36,7.43,7.29,7.36,28738111.0,000919.SZ,2026-04-24,金陵药业,,CNY
7.29,7.31,7.17,7.28,25572500.0,000919.SZ,2026-04-27,金陵药业,,CNY
7.26,7.47,7.25,7.3,27621900.0,000919.SZ,2026-04-28,金陵药业,,CNY
7.25,7.37,7.18,7.32,21487900.0,000919.SZ,2026-04-29,金陵药业,,CNY
7.29,7.44,7.25,7.39,23506000.0,000919.SZ,2026-04-30,金陵药业,,CNY
24.55,24.79,23.6,24.49,23764628.0,000923.SZ,2026-03-02,河钢资源,,CNY
24.45,24.45,23.33,23.42,18925008.0,000923.SZ,2026-03-03,河钢资源,,CNY
22.95,23.59,22.33,22.53,20265599.0,000923.SZ,2026-03-04,河钢资源,,CNY
22.83,22.98,22.21,22.49,12262864.0,000923.SZ,2026-03-05,河钢资源,,CNY
22.23,22.37,21.47,21.59,26939225.0,000923.SZ,2026-03-06,河钢资源,,CNY
20.83,21.24,20.19,21.01,32726272.0,000923.SZ,2026-03-09,河钢资源,,CNY
21.43,21.54,21.02,21.1,11519118.0,000923.SZ,2026-03-10,河钢资源,,CNY
21.2,21.74,21.12,21.15,13267919.0,000923.SZ,2026-03-11,河钢资源,,CNY
21.15,21.32,20.71,20.93,11124803.0,000923.SZ,2026-03-12,河钢资源,,CNY
21.04,21.65,20.62,20.72,13791000.0,000923.SZ,2026-03-13,河钢资源,,CNY
20.52,20.68,19.59,20.45,21677271.0,000923.SZ,2026-03-16,河钢资源,,CNY
20.69,20.92,20.09,20.13,10631564.0,000923.SZ,2026-03-17,河钢资源,,CNY
20.25,20.5,19.95,20.3,9245500.0,000923.SZ,2026-03-18,河钢资源,,CNY
20.0,20.05,18.89,19.05,23605416.0,000923.SZ,2026-03-19,河钢资源,,CNY
19.28,19.38,18.66,18.66,14378486.0,000923.SZ,2026-03-20,河钢资源,,CNY
18.2,18.49,17.48,17.62,20438674.0,000923.SZ,2026-03-23,河钢资源,,CNY
18.04,18.23,17.48,18.19,21530354.0,000923.SZ,2026-03-24,河钢资源,,CNY
18.74,18.78,18.39,18.47,16285119.0,000923.SZ,2026-03-25,河钢资源,,CNY
18.39,18.74,18.18,18.35,11053229.0,000923.SZ,2026-03-26,河钢资源,,CNY
18.05,18.58,18.05,18.37,11493322.0,000923.SZ,2026-03-27,河钢资源,,CNY
18.19,18.48,18.0,18.25,10299000.0,000923.SZ,2026-03-30,河钢资源,,CNY
18.16,18.43,17.79,17.88,12733200.0,000923.SZ,2026-03-31,河钢资源,,CNY
18.21,18.57,18.21,18.42,13469820.0,000923.SZ,2026-04-01,河钢资源,,CNY
18.49,18.5,17.87,18.01,9943108.0,000923.SZ,2026-04-02,河钢资源,,CNY
18.01,18.11,17.56,17.75,5915018.0,000923.SZ,2026-04-03,河钢资源,,CNY
17.71,18.02,17.66,17.8,6734318.0,000923.SZ,2026-04-07,河钢资源,,CNY
18.35,18.76,18.35,18.67,10787100.0,000923.SZ,2026-04-08,河钢资源,,CNY
18.49,19.11,18.37,18.72,11229138.0,000923.SZ,2026-04-09,河钢资源,,CNY
18.73,19.08,18.68,18.71,9601000.0,000923.SZ,2026-04-10,河钢资源,,CNY
18.61,18.78,18.4,18.69,12295216.0,000923.SZ,2026-04-13,河钢资源,,CNY
19.26,19.32,18.79,19.0,9642842.0,000923.SZ,2026-04-14,河钢资源,,CNY
19.22,19.62,18.9,18.95,11525339.0,000923.SZ,2026-04-15,河钢资源,,CNY
18.96,19.34,18.96,19.22,8079229.0,000923.SZ,2026-04-16,河钢资源,,CNY
19.13,19.45,18.8,18.95,9839820.0,000923.SZ,2026-04-17,河钢资源,,CNY
18.9,19.22,18.73,18.84,11157301.0,000923.SZ,2026-04-20,河钢资源,,CNY
18.75,19.02,18.7,18.83,7322049.0,000923.SZ,2026-04-21,河钢资源,,CNY
18.75,19.05,18.66,18.87,7382341.0,000923.SZ,2026-04-22,河钢资源,,CNY
19.03,19.26,18.41,18.58,9123548.0,000923.SZ,2026-04-23,河钢资源,,CNY
18.47,18.62,18.25,18.48,7724200.0,000923.SZ,2026-04-24,河钢资源,,CNY
18.41,18.67,18.18,18.25,7822100.0,000923.SZ,2026-04-27,河钢资源,,CNY
18.15,18.21,17.75,17.9,8924700.0,000923.SZ,2026-04-28,河钢资源,,CNY
16.98,17.28,16.31,17.18,32805382.0,000923.SZ,2026-04-29,河钢资源,,CNY
17.0,17.38,16.75,16.8,18290308.0,000923.SZ,2026-04-30,河钢资源,,CNY
2.29,2.29,2.2,2.23,39526224.0,000926.SZ,2026-03-02,福星股份,,CNY
2.23,2.25,2.18,2.18,35598780.0,000926.SZ,2026-03-03,福星股份,,CNY
2.17,2.17,2.13,2.16,24008141.0,000926.SZ,2026-03-04,福星股份,,CNY
2.18,2.2,2.16,2.18,23878674.0,000926.SZ,2026-03-05,福星股份,,CNY
2.17,2.25,2.16,2.25,34870340.0,000926.SZ,2026-03-06,福星股份,,CNY
2.23,2.25,2.19,2.24,25169886.0,000926.SZ,2026-03-09,福星股份,,CNY
2.25,2.26,2.23,2.25,20747942.0,000926.SZ,2026-03-10,福星股份,,CNY
2.25,2.26,2.22,2.26,21928045.0,000926.SZ,2026-03-11,福星股份,,CNY
2.25,2.28,2.24,2.26,25484214.0,000926.SZ,2026-03-12,福星股份,,CNY
2.26,2.3,2.25,2.26,31705348.0,000926.SZ,2026-03-13,福星股份,,CNY
2.25,2.3,2.24,2.28,22911414.0,000926.SZ,2026-03-16,福星股份,,CNY
2.29,2.37,2.28,2.32,63198820.0,000926.SZ,2026-03-17,福星股份,,CNY
2.32,2.33,2.23,2.26,39718979.0,000926.SZ,2026-03-18,福星股份,,CNY
2.25,2.26,2.18,2.2,31143660.0,000926.SZ,2026-03-19,福星股份,,CNY
2.22,2.22,2.12,2.12,42335040.0,000926.SZ,2026-03-20,福星股份,,CNY
2.1,2.1,1.97,1.98,43051547.0,000926.SZ,2026-03-23,福星股份,,CNY
2.02,2.08,1.98,2.08,33873660.0,000926.SZ,2026-03-24,福星股份,,CNY
2.09,2.14,2.06,2.13,31493439.0,000926.SZ,2026-03-25,福星股份,,CNY
2.13,2.16,2.07,2.08,18858514.0,000926.SZ,2026-03-26,福星股份,,CNY
2.06,2.11,2.05,2.11,19790800.0,000926.SZ,2026-03-27,福星股份,,CNY
2.08,2.12,2.04,2.11,22716860.0,000926.SZ,2026-03-30,福星股份,,CNY
2.11,2.18,2.09,2.1,30427468.0,000926.SZ,2026-03-31,福星股份,,CNY
2.14,2.15,2.06,2.1,22793557.0,000926.SZ,2026-04-01,福星股份,,CNY
2.09,2.11,2.02,2.04,19958020.0,000926.SZ,2026-04-02,福星股份,,CNY
2.04,2.05,1.95,1.96,27431846.0,000926.SZ,2026-04-03,福星股份,,CNY
1.95,2.01,1.94,2.0,22890146.0,000926.SZ,2026-04-07,福星股份,,CNY
2.03,2.07,2.01,2.07,24029300.0,000926.SZ,2026-04-08,福星股份,,CNY
2.06,2.07,2.0,2.03,21668760.0,000926.SZ,2026-04-09,福星股份,,CNY
2.04,2.09,2.03,2.04,23809991.0,000926.SZ,2026-04-10,福星股份,,CNY
2.04,2.07,2.02,2.05,21150880.0,000926.SZ,2026-04-13,福星股份,,CNY
2.07,2.1,2.04,2.09,45386128.0,000926.SZ,2026-04-14,福星股份,,CNY
2.09,2.1,2.03,2.04,34223420.0,000926.SZ,2026-04-15,福星股份,,CNY
2.04,2.06,2.01,2.05,23067560.0,000926.SZ,2026-04-16,福星股份,,CNY
2.06,2.07,2.02,2.03,26612700.0,000926.SZ,2026-04-17,福星股份,,CNY
2.03,2.03,1.99,2.01,18781660.0,000926.SZ,2026-04-20,福星股份,,CNY
2.01,2.03,1.98,2.0,18447458.0,000926.SZ,2026-04-21,福星股份,,CNY
1.99,2.0,1.97,1.98,17424865.0,000926.SZ,2026-04-22,福星股份,,CNY
1.98,1.99,1.94,1.95,20961290.0,000926.SZ,2026-04-23,福星股份,,CNY
1.94,1.96,1.92,1.94,20586881.0,000926.SZ,2026-04-24,福星股份,,CNY
1.94,1.95,1.88,1.94,21429191.0,000926.SZ,2026-04-27,福星股份,,CNY
1.94,1.99,1.93,1.97,23924984.0,000926.SZ,2026-04-28,福星股份,,CNY
1.95,2.08,1.95,2.07,69133100.0,000926.SZ,2026-04-29,福星股份,,CNY
2.08,2.14,2.05,2.13,44464887.0,000926.SZ,2026-04-30,福星股份,,CNY
2.94,2.96,2.89,2.95,92400599.0,000927.SZ,2026-03-02,中国铁物,,CNY
2.94,2.98,2.88,2.9,91164562.0,000927.SZ,2026-03-03,中国铁物,,CNY
2.86,2.88,2.82,2.85,94775400.0,000927.SZ,2026-03-04,中国铁物,,CNY
2.88,2.91,2.85,2.89,75519657.0,000927.SZ,2026-03-05,中国铁物,,CNY
2.87,2.97,2.86,2.96,91909203.0,000927.SZ,2026-03-06,中国铁物,,CNY
2.96,2.99,2.93,2.94,86505500.0,000927.SZ,2026-03-09,中国铁物,,CNY
2.96,3.0,2.94,2.97,79407524.0,000927.SZ,2026-03-10,中国铁物,,CNY
2.97,3.06,2.92,3.05,132642798.0,000927.SZ,2026-03-11,中国铁物,,CNY
3.05,3.08,3.0,3.04,106254748.0,000927.SZ,2026-03-12,中国铁物,,CNY
3.05,3.14,3.03,3.07,135517548.0,000927.SZ,2026-03-13,中国铁物,,CNY
3.07,3.18,3.06,3.14,118781754.0,000927.SZ,2026-03-16,中国铁物,,CNY
3.13,3.14,3.02,3.03,106314897.0,000927.SZ,2026-03-17,中国铁物,,CNY
3.02,3.05,2.95,2.99,104300100.0,000927.SZ,2026-03-18,中国铁物,,CNY
2.96,2.99,2.89,2.91,94083758.0,000927.SZ,2026-03-19,中国铁物,,CNY
2.92,2.95,2.82,2.83,101577189.0,000927.SZ,2026-03-20,中国铁物,,CNY
2.77,2.78,2.63,2.65,131973710.0,000927.SZ,2026-03-23,中国铁物,,CNY
2.69,2.76,2.66,2.76,83823762.0,000927.SZ,2026-03-24,中国铁物,,CNY
2.77,3.04,2.75,3.04,91790603.0,000927.SZ,2026-03-25,中国铁物,,CNY
3.19,3.34,3.18,3.34,562839895.0,000927.SZ,2026-03-26,中国铁物,,CNY
3.35,3.43,3.11,3.13,514379341.0,000927.SZ,2026-03-27,中国铁物,,CNY
3.14,3.17,2.98,3.04,330812481.0,000927.SZ,2026-03-30,中国铁物,,CNY
3.09,3.34,3.07,3.34,185592161.0,000927.SZ,2026-03-31,中国铁物,,CNY
3.32,3.32,3.15,3.17,396199737.0,000927.SZ,2026-04-01,中国铁物,,CNY
3.15,3.27,3.08,3.17,312069509.0,000927.SZ,2026-04-02,中国铁物,,CNY
3.16,3.35,3.08,3.11,291775288.0,000927.SZ,2026-04-03,中国铁物,,CNY
3.05,3.1,2.91,3.1,227057411.0,000927.SZ,2026-04-07,中国铁物,,CNY
3.1,3.14,3.03,3.13,198129690.0,000927.SZ,2026-04-08,中国铁物,,CNY
3.09,3.14,3.02,3.03,160768858.0,000927.SZ,2026-04-09,中国铁物,,CNY
3.13,3.33,3.11,3.14,319587487.0,000927.SZ,2026-04-10,中国铁物,,CNY
3.15,3.15,3.03,3.09,202152323.0,000927.SZ,2026-04-13,中国铁物,,CNY
3.07,3.08,3.03,3.06,122610064.0,000927.SZ,2026-04-14,中国铁物,,CNY
3.04,3.05,2.96,2.97,140508204.0,000927.SZ,2026-04-15,中国铁物,,CNY
2.96,2.99,2.93,2.99,91777212.0,000927.SZ,2026-04-16,中国铁物,,CNY
2.98,2.98,2.89,2.9,128548401.0,000927.SZ,2026-04-17,中国铁物,,CNY
2.87,2.92,2.86,2.91,84001224.0,000927.SZ,2026-04-20,中国铁物,,CNY
2.9,2.91,2.86,2.9,64614521.0,000927.SZ,2026-04-21,中国铁物,,CNY
2.9,2.93,2.88,2.9,65437701.0,000927.SZ,2026-04-22,中国铁物,,CNY
2.9,2.93,2.87,2.93,84883459.0,000927.SZ,2026-04-23,中国铁物,,CNY
2.92,2.99,2.91,2.98,103326247.0,000927.SZ,2026-04-24,中国铁物,,CNY
2.96,2.97,2.87,2.87,98223956.0,000927.SZ,2026-04-27,中国铁物,,CNY
2.8,2.84,2.76,2.82,96163471.0,000927.SZ,2026-04-28,中国铁物,,CNY
2.82,2.87,2.81,2.84,55979131.0,000927.SZ,2026-04-29,中国铁物,,CNY
2.85,2.85,2.78,2.81,66582631.0,000927.SZ,2026-04-30,中国铁物,,CNY
7.0,7.06,6.92,7.03,36558998.0,000928.SZ,2026-03-02,中钢国际,,CNY
7.01,7.27,7.0,7.07,57413649.0,000928.SZ,2026-03-03,中钢国际,,CNY
6.99,7.35,6.95,7.21,62776322.0,000928.SZ,2026-03-04,中钢国际,,CNY
7.28,7.35,7.05,7.1,39540065.0,000928.SZ,2026-03-05,中钢国际,,CNY
7.11,7.19,7.03,7.17,26165049.0,000928.SZ,2026-03-06,中钢国际,,CNY
7.08,7.19,7.05,7.15,37007786.0,000928.SZ,2026-03-09,中钢国际,,CNY
7.16,7.16,6.95,6.97,42254887.0,000928.SZ,2026-03-10,中钢国际,,CNY
6.99,7.07,6.86,7.04,35339342.0,000928.SZ,2026-03-11,中钢国际,,CNY
7.03,7.19,6.97,7.14,34194322.0,000928.SZ,2026-03-12,中钢国际,,CNY
7.14,7.29,7.07,7.15,37021041.0,000928.SZ,2026-03-13,中钢国际,,CNY
7.11,7.14,6.86,6.89,45622992.0,000928.SZ,2026-03-16,中钢国际,,CNY
6.94,6.99,6.81,6.81,26821985.0,000928.SZ,2026-03-17,中钢国际,,CNY
6.85,6.87,6.74,6.83,23972994.0,000928.SZ,2026-03-18,中钢国际,,CNY
6.78,6.8,6.65,6.71,30054489.0,000928.SZ,2026-03-19,中钢国际,,CNY
6.74,6.74,6.58,6.6,25729368.0,000928.SZ,2026-03-20,中钢国际,,CNY
6.5,6.52,6.2,6.25,38224385.0,000928.SZ,2026-03-23,中钢国际,,CNY
6.33,6.54,6.24,6.52,32387940.0,000928.SZ,2026-03-24,中钢国际,,CNY
6.51,6.84,6.46,6.74,38131976.0,000928.SZ,2026-03-25,中钢国际,,CNY
6.77,6.84,6.7,6.72,24096121.0,000928.SZ,2026-03-26,中钢国际,,CNY
6.65,6.72,6.6,6.72,19144195.0,000928.SZ,2026-03-27,中钢国际,,CNY
6.65,6.88,6.6,6.8,22075033.0,000928.SZ,2026-03-30,中钢国际,,CNY
6.78,6.95,6.77,6.84,27075504.0,000928.SZ,2026-03-31,中钢国际,,CNY
7.3,7.48,6.75,6.77,67335059.0,000928.SZ,2026-04-01,中钢国际,,CNY
6.76,7.08,6.73,6.94,65847783.0,000928.SZ,2026-04-02,中钢国际,,CNY
6.9,6.96,6.48,6.53,46326141.0,000928.SZ,2026-04-03,中钢国际,,CNY
6.55,6.89,6.55,6.82,46953250.0,000928.SZ,2026-04-07,中钢国际,,CNY
6.9,7.25,6.86,7.24,90639955.0,000928.SZ,2026-04-08,中钢国际,,CNY
7.16,7.28,6.97,7.04,73751623.0,000928.SZ,2026-04-09,中钢国际,,CNY
7.15,7.16,6.92,6.94,43280591.0,000928.SZ,2026-04-10,中钢国际,,CNY
6.85,6.87,6.48,6.6,89911855.0,000928.SZ,2026-04-13,中钢国际,,CNY
6.64,6.95,6.57,6.95,71911615.0,000928.SZ,2026-04-14,中钢国际,,CNY
7.03,7.3,7.03,7.06,79862927.0,000928.SZ,2026-04-15,中钢国际,,CNY
7.06,7.13,6.9,7.02,45827059.0,000928.SZ,2026-04-16,中钢国际,,CNY
7.01,7.02,6.84,6.88,45511320.0,000928.SZ,2026-04-17,中钢国际,,CNY
6.87,7.17,6.79,7.06,58914198.0,000928.SZ,2026-04-20,中钢国际,,CNY
7.01,7.17,6.9,7.11,43433198.0,000928.SZ,2026-04-21,中钢国际,,CNY
7.07,7.07,6.92,6.96,34365049.0,000928.SZ,2026-04-22,中钢国际,,CNY
6.93,6.94,6.73,6.83,38666313.0,000928.SZ,2026-04-23,中钢国际,,CNY
6.76,6.8,6.66,6.72,30412183.0,000928.SZ,2026-04-24,中钢国际,,CNY
6.61,6.65,6.5,6.51,40998864.0,000928.SZ,2026-04-27,中钢国际,,CNY
6.56,6.64,6.49,6.55,25581563.0,000928.SZ,2026-04-28,中钢国际,,CNY
6.52,6.58,6.51,6.54,31146840.0,000928.SZ,2026-04-29,中钢国际,,CNY
6.53,6.55,6.44,6.5,26804774.0,000928.SZ,2026-04-30,中钢国际,,CNY
6.95,7.27,6.88,7.11,82916095.0,000930.SZ,2026-03-02,中粮科技,,CNY
7.04,7.4,7.04,7.21,93316659.0,000930.SZ,2026-03-03,中粮科技,,CNY
7.23,7.39,7.06,7.1,80726760.0,000930.SZ,2026-03-04,中粮科技,,CNY
7.14,7.18,6.75,6.82,73441837.0,000930.SZ,2026-03-05,中粮科技,,CNY
6.83,7.4,6.69,7.34,91558474.0,000930.SZ,2026-03-06,中粮科技,,CNY
7.92,8.07,7.54,7.54,171765194.0,000930.SZ,2026-03-09,中粮科技,,CNY
7.22,7.38,7.19,7.22,108662488.0,000930.SZ,2026-03-10,中粮科技,,CNY
7.24,7.43,7.17,7.33,73392007.0,000930.SZ,2026-03-11,中粮科技,,CNY
7.39,7.85,7.36,7.61,91371289.0,000930.SZ,2026-03-12,中粮科技,,CNY
7.61,8.14,7.59,7.96,119718474.0,000930.SZ,2026-03-13,中粮科技,,CNY
7.8,8.14,7.74,7.79,99529947.0,000930.SZ,2026-03-16,中粮科技,,CNY
7.67,7.8,7.33,7.34,79676210.0,000930.SZ,2026-03-17,中粮科技,,CNY
7.38,7.42,7.1,7.17,50138823.0,000930.SZ,2026-03-18,中粮科技,,CNY
7.46,7.56,7.09,7.15,62309181.0,000930.SZ,2026-03-19,中粮科技,,CNY
7.13,7.14,6.86,6.86,54732314.0,000930.SZ,2026-03-20,中粮科技,,CNY
6.79,6.86,6.6,6.64,51709479.0,000930.SZ,2026-03-23,中粮科技,,CNY
6.66,6.74,6.47,6.74,44190249.0,000930.SZ,2026-03-24,中粮科技,,CNY
6.66,6.83,6.61,6.76,33473804.0,000930.SZ,2026-03-25,中粮科技,,CNY
6.74,6.89,6.64,6.86,45681202.0,000930.SZ,2026-03-26,中粮科技,,CNY
6.76,7.05,6.75,6.9,52174202.0,000930.SZ,2026-03-27,中粮科技,,CNY
6.91,7.3,6.9,6.98,74756472.0,000930.SZ,2026-03-30,中粮科技,,CNY
6.99,7.05,6.7,6.75,45953320.0,000930.SZ,2026-03-31,中粮科技,,CNY
6.76,6.81,6.66,6.78,27508642.0,000930.SZ,2026-04-01,中粮科技,,CNY
6.77,6.98,6.74,6.88,37103826.0,000930.SZ,2026-04-02,中粮科技,,CNY
6.83,6.88,6.45,6.49,41409887.0,000930.SZ,2026-04-03,中粮科技,,CNY
6.49,7.14,6.42,7.01,76512236.0,000930.SZ,2026-04-07,中粮科技,,CNY
6.8,6.9,6.7,6.73,73388084.0,000930.SZ,2026-04-08,中粮科技,,CNY
6.75,6.83,6.64,6.74,39373292.0,000930.SZ,2026-04-09,中粮科技,,CNY
6.72,6.89,6.64,6.8,37236903.0,000930.SZ,2026-04-10,中粮科技,,CNY
6.85,7.03,6.78,6.88,43643425.0,000930.SZ,2026-04-13,中粮科技,,CNY
6.86,6.87,6.69,6.76,28400256.0,000930.SZ,2026-04-14,中粮科技,,CNY
6.72,6.75,6.55,6.56,31013123.0,000930.SZ,2026-04-15,中粮科技,,CNY
6.51,6.57,6.46,6.55,20805612.0,000930.SZ,2026-04-16,中粮科技,,CNY
6.55,6.55,6.42,6.44,23996591.0,000930.SZ,2026-04-17,中粮科技,,CNY
6.45,6.48,6.42,6.43,15502406.0,000930.SZ,2026-04-20,中粮科技,,CNY
6.43,6.46,6.31,6.44,21016530.0,000930.SZ,2026-04-21,中粮科技,,CNY
6.4,6.45,6.34,6.37,18855293.0,000930.SZ,2026-04-22,中粮科技,,CNY
6.37,6.48,6.29,6.41,24472220.0,000930.SZ,2026-04-23,中粮科技,,CNY
6.07,6.14,5.99,6.02,44995500.0,000930.SZ,2026-04-24,中粮科技,,CNY
5.98,6.02,5.88,5.9,26349319.0,000930.SZ,2026-04-27,中粮科技,,CNY
5.88,5.95,5.85,5.93,17550416.0,000930.SZ,2026-04-28,中粮科技,,CNY
5.93,6.09,5.92,6.03,17437201.0,000930.SZ,2026-04-29,中粮科技,,CNY
6.01,6.09,6.0,6.08,17249711.0,000930.SZ,2026-04-30,中粮科技,,CNY
5.17,5.22,5.05,5.09,15285741.0,000931.SZ,2026-03-02,中关村,,CNY
5.09,5.15,4.98,4.98,12529527.0,000931.SZ,2026-03-03,中关村,,CNY
4.97,4.99,4.88,4.9,10469591.0,000931.SZ,2026-03-04,中关村,,CNY
4.97,5.04,4.95,5.02,7989431.0,000931.SZ,2026-03-05,中关村,,CNY
4.99,5.21,4.99,5.2,13563039.0,000931.SZ,2026-03-06,中关村,,CNY
5.15,5.2,5.12,5.17,10264653.0,000931.SZ,2026-03-09,中关村,,CNY
5.19,5.28,5.18,5.27,10598714.0,000931.SZ,2026-03-10,中关村,,CNY
5.28,5.28,5.19,5.24,10942897.0,000931.SZ,2026-03-11,中关村,,CNY
5.24,5.26,5.18,5.19,7623642.0,000931.SZ,2026-03-12,中关村,,CNY
5.19,5.26,5.16,5.19,8520611.0,000931.SZ,2026-03-13,中关村,,CNY
5.19,5.26,5.17,5.21,7411016.0,000931.SZ,2026-03-16,中关村,,CNY
5.23,5.27,5.16,5.16,8928964.0,000931.SZ,2026-03-17,中关村,,CNY
5.19,5.25,5.13,5.24,8399464.0,000931.SZ,2026-03-18,中关村,,CNY
5.2,5.27,5.11,5.13,8699076.0,000931.SZ,2026-03-19,中关村,,CNY
5.16,5.18,5.01,5.01,9392835.0,000931.SZ,2026-03-20,中关村,,CNY
4.96,4.96,4.52,4.6,25090383.0,000931.SZ,2026-03-23,中关村,,CNY
4.7,4.82,4.58,4.82,15429045.0,000931.SZ,2026-03-24,中关村,,CNY
4.83,4.92,4.8,4.9,11012218.0,000931.SZ,2026-03-25,中关村,,CNY
4.9,5.03,4.89,4.91,9679616.0,000931.SZ,2026-03-26,中关村,,CNY
4.89,5.12,4.84,5.11,14728184.0,000931.SZ,2026-03-27,中关村,,CNY
5.08,5.17,5.08,5.15,11473600.0,000931.SZ,2026-03-30,中关村,,CNY
5.14,5.24,5.14,5.16,13970161.0,000931.SZ,2026-03-31,中关村,,CNY
5.2,5.29,5.15,5.29,17905976.0,000931.SZ,2026-04-01,中关村,,CNY
5.28,5.41,5.25,5.33,23738606.0,000931.SZ,2026-04-02,中关村,,CNY
5.34,5.37,5.16,5.16,18468302.0,000931.SZ,2026-04-03,中关村,,CNY
5.22,5.34,5.04,5.29,19742302.0,000931.SZ,2026-04-07,中关村,,CNY
5.32,5.39,5.27,5.36,16921762.0,000931.SZ,2026-04-08,中关村,,CNY
5.34,5.51,5.24,5.28,19344274.0,000931.SZ,2026-04-09,中关村,,CNY
5.28,5.39,5.23,5.28,14796476.0,000931.SZ,2026-04-10,中关村,,CNY
5.31,5.36,5.26,5.29,13250260.0,000931.SZ,2026-04-13,中关村,,CNY
5.3,5.33,5.21,5.3,12508082.0,000931.SZ,2026-04-14,中关村,,CNY
5.32,5.46,5.32,5.4,22446497.0,000931.SZ,2026-04-15,中关村,,CNY
5.39,5.4,5.3,5.38,16123948.0,000931.SZ,2026-04-16,中关村,,CNY
5.38,5.38,5.16,5.2,18678670.0,000931.SZ,2026-04-17,中关村,,CNY
5.19,5.19,4.95,5.1,21879611.0,000931.SZ,2026-04-20,中关村,,CNY
5.09,5.1,4.98,5.02,13259180.0,000931.SZ,2026-04-21,中关村,,CNY
5.01,5.16,4.96,5.08,11577424.0,000931.SZ,2026-04-22,中关村,,CNY
5.07,5.11,4.94,4.99,12762400.0,000931.SZ,2026-04-23,中关村,,CNY
4.96,5.01,4.9,4.99,8613312.0,000931.SZ,2026-04-24,中关村,,CNY
4.92,4.92,4.53,4.7,30025008.0,000931.SZ,2026-04-27,中关村,,CNY
4.69,4.73,4.63,4.68,16663748.0,000931.SZ,2026-04-28,中关村,,CNY
4.68,4.76,4.64,4.74,10320844.0,000931.SZ,2026-04-29,中关村,,CNY
4.74,4.81,4.72,4.75,10237900.0,000931.SZ,2026-04-30,中关村,,CNY
28.77,29.02,28.42,28.81,6026067.0,000935.SZ,2026-03-02,四川双马,,CNY
28.69,28.84,27.4,27.45,8574229.0,000935.SZ,2026-03-03,四川双马,,CNY
27.35,27.6,26.81,26.97,5685080.0,000935.SZ,2026-03-04,四川双马,,CNY
27.34,28.27,27.2,27.92,6624635.0,000935.SZ,2026-03-05,四川双马,,CNY
27.76,28.6,27.34,28.4,5066047.0,000935.SZ,2026-03-06,四川双马,,CNY
28.28,28.3,27.64,28.16,5593216.0,000935.SZ,2026-03-09,四川双马,,CNY
28.16,28.73,28.16,28.32,3584502.0,000935.SZ,2026-03-10,四川双马,,CNY
28.32,28.59,28.13,28.23,4005837.0,000935.SZ,2026-03-11,四川双马,,CNY
28.13,28.54,27.76,27.94,3985230.0,000935.SZ,2026-03-12,四川双马,,CNY
27.94,28.22,27.65,27.67,3975365.0,000935.SZ,2026-03-13,四川双马,,CNY
27.73,27.76,26.6,26.95,5746300.0,000935.SZ,2026-03-16,四川双马,,CNY
27.33,27.33,26.18,26.33,4643805.0,000935.SZ,2026-03-17,四川双马,,CNY
26.37,26.56,26.0,26.34,4217200.0,000935.SZ,2026-03-18,四川双马,,CNY
26.03,26.1,25.19,25.4,4486395.0,000935.SZ,2026-03-19,四川双马,,CNY
25.5,25.62,24.44,24.52,5965045.0,000935.SZ,2026-03-20,四川双马,,CNY
24.36,24.36,22.9,23.09,6436589.0,000935.SZ,2026-03-23,四川双马,,CNY
23.36,23.79,23.01,23.66,5103993.0,000935.SZ,2026-03-24,四川双马,,CNY
24.0,25.33,23.79,25.04,7110054.0,000935.SZ,2026-03-25,四川双马,,CNY
24.94,25.1,24.27,24.35,4299628.0,000935.SZ,2026-03-26,四川双马,,CNY
24.04,25.16,24.04,24.91,4332285.0,000935.SZ,2026-03-27,四川双马,,CNY
24.74,25.59,24.58,25.33,4835537.0,000935.SZ,2026-03-30,四川双马,,CNY
25.38,25.48,24.96,24.97,3487242.0,000935.SZ,2026-03-31,四川双马,,CNY
25.52,26.15,25.32,25.38,4699734.0,000935.SZ,2026-04-01,四川双马,,CNY
25.44,25.99,25.1,25.8,4403200.0,000935.SZ,2026-04-02,四川双马,,CNY
25.89,26.0,24.94,25.0,3833400.0,000935.SZ,2026-04-03,四川双马,,CNY
24.93,25.29,24.73,24.89,3750181.0,000935.SZ,2026-04-07,四川双马,,CNY
25.56,25.74,25.35,25.56,5100355.0,000935.SZ,2026-04-08,四川双马,,CNY
25.35,26.31,25.26,25.82,5090253.0,000935.SZ,2026-04-09,四川双马,,CNY
26.21,26.78,25.93,26.47,4710747.0,000935.SZ,2026-04-10,四川双马,,CNY
26.09,27.0,26.09,26.84,4343439.0,000935.SZ,2026-04-13,四川双马,,CNY
26.86,27.17,26.68,27.08,5194701.0,000935.SZ,2026-04-14,四川双马,,CNY
27.16,27.28,26.44,26.49,4821286.0,000935.SZ,2026-04-15,四川双马,,CNY
26.49,27.41,26.48,27.3,5615349.0,000935.SZ,2026-04-16,四川双马,,CNY
27.21,28.2,27.2,27.38,4806146.0,000935.SZ,2026-04-17,四川双马,,CNY
27.44,28.3,27.38,28.11,6453005.0,000935.SZ,2026-04-20,四川双马,,CNY
28.0,28.4,27.8,28.1,4481693.0,000935.SZ,2026-04-21,四川双马,,CNY
28.04,29.0,28.04,28.95,4917874.0,000935.SZ,2026-04-22,四川双马,,CNY
28.94,29.11,28.5,28.63,5071224.0,000935.SZ,2026-04-23,四川双马,,CNY
28.65,28.92,28.33,28.5,3861338.0,000935.SZ,2026-04-24,四川双马,,CNY
28.41,29.08,28.4,28.62,5663836.0,000935.SZ,2026-04-27,四川双马,,CNY
28.68,28.7,27.83,28.09,6788233.0,000935.SZ,2026-04-28,四川双马,,CNY
26.87,27.84,26.7,27.75,8016276.0,000935.SZ,2026-04-29,四川双马,,CNY
27.76,27.95,26.66,26.72,9539212.0,000935.SZ,2026-04-30,四川双马,,CNY
5.86,5.87,5.72,5.81,24736250.0,000950.SZ,2026-03-02,重药控股,,CNY
5.81,5.84,5.69,5.71,21123850.0,000950.SZ,2026-03-03,重药控股,,CNY
5.7,5.74,5.59,5.61,22703610.0,000950.SZ,2026-03-04,重药控股,,CNY
5.68,5.7,5.63,5.67,15176449.0,000950.SZ,2026-03-05,重药控股,,CNY
5.64,5.8,5.64,5.79,16439459.0,000950.SZ,2026-03-06,重药控股,,CNY
5.73,5.78,5.7,5.75,18423802.0,000950.SZ,2026-03-09,重药控股,,CNY
5.76,5.81,5.72,5.77,15060200.0,000950.SZ,2026-03-10,重药控股,,CNY
5.76,5.77,5.71,5.76,12282700.0,000950.SZ,2026-03-11,重药控股,,CNY
5.74,5.79,5.73,5.76,15788800.0,000950.SZ,2026-03-12,重药控股,,CNY
5.74,5.85,5.73,5.78,17581458.0,000950.SZ,2026-03-13,重药控股,,CNY
5.82,5.84,5.73,5.73,16771792.0,000950.SZ,2026-03-16,重药控股,,CNY
5.76,5.81,5.71,5.72,16232500.0,000950.SZ,2026-03-17,重药控股,,CNY
5.73,5.75,5.63,5.67,15407600.0,000950.SZ,2026-03-18,重药控股,,CNY
5.63,5.67,5.53,5.55,17399700.0,000950.SZ,2026-03-19,重药控股,,CNY
5.55,5.6,5.47,5.48,16611290.0,000950.SZ,2026-03-20,重药控股,,CNY
5.44,5.44,5.18,5.21,25901137.0,000950.SZ,2026-03-23,重药控股,,CNY
5.29,5.39,5.25,5.37,17609967.0,000950.SZ,2026-03-24,重药控股,,CNY
5.41,5.49,5.38,5.47,14830384.0,000950.SZ,2026-03-25,重药控股,,CNY
5.46,5.57,5.43,5.47,14824676.0,000950.SZ,2026-03-26,重药控股,,CNY
5.45,5.61,5.42,5.59,17814552.0,000950.SZ,2026-03-27,重药控股,,CNY
5.55,5.71,5.54,5.7,22266093.0,000950.SZ,2026-03-30,重药控股,,CNY
5.71,5.79,5.68,5.7,20768084.0,000950.SZ,2026-03-31,重药控股,,CNY
5.79,6.09,5.66,5.9,63340749.0,000950.SZ,2026-04-01,重药控股,,CNY
6.49,6.49,6.49,6.49,74905393.0,000950.SZ,2026-04-02,重药控股,,CNY
6.55,7.14,6.55,7.14,155091075.0,000950.SZ,2026-04-03,重药控股,,CNY
7.27,7.41,6.73,7.14,298899800.0,000950.SZ,2026-04-07,重药控股,,CNY
6.92,7.06,6.5,6.6,222573345.0,000950.SZ,2026-04-08,重药控股,,CNY
6.43,6.75,6.17,6.2,186825441.0,000950.SZ,2026-04-09,重药控股,,CNY
6.03,6.15,5.89,6.08,124079653.0,000950.SZ,2026-04-10,重药控股,,CNY
6.0,6.05,5.81,5.88,94490781.0,000950.SZ,2026-04-13,重药控股,,CNY
5.91,6.01,5.83,6.0,66257048.0,000950.SZ,2026-04-14,重药控股,,CNY
6.08,6.49,6.0,6.35,155784661.0,000950.SZ,2026-04-15,重药控股,,CNY
6.16,6.21,5.95,6.1,98246369.0,000950.SZ,2026-04-16,重药控股,,CNY
6.05,6.09,6.0,6.09,52473777.0,000950.SZ,2026-04-17,重药控股,,CNY
6.07,6.12,6.02,6.12,53810400.0,000950.SZ,2026-04-20,重药控股,,CNY
6.07,6.23,6.05,6.08,43882419.0,000950.SZ,2026-04-21,重药控股,,CNY
6.09,6.13,6.01,6.03,45967168.0,000950.SZ,2026-04-22,重药控股,,CNY
6.0,6.11,6.0,6.07,43028629.0,000950.SZ,2026-04-23,重药控股,,CNY
6.06,6.06,5.82,5.89,46548172.0,000950.SZ,2026-04-24,重药控股,,CNY
5.83,5.9,5.79,5.88,32441024.0,000950.SZ,2026-04-27,重药控股,,CNY
5.9,5.99,5.89,5.95,35929525.0,000950.SZ,2026-04-28,重药控股,,CNY
5.95,5.98,5.9,5.9,36328073.0,000950.SZ,2026-04-29,重药控股,,CNY
5.91,5.92,5.73,5.8,37321094.0,000950.SZ,2026-04-30,重药控股,,CNY
7.5,7.65,7.45,7.55,13726727.0,000953.SZ,2026-03-02,河化股份,,CNY
7.52,7.68,7.18,7.19,18340501.0,000953.SZ,2026-03-03,河化股份,,CNY
7.07,7.38,6.99,7.27,12078401.0,000953.SZ,2026-03-04,河化股份,,CNY
7.3,7.31,7.13,7.14,9105001.0,000953.SZ,2026-03-05,河化股份,,CNY
7.15,7.38,7.12,7.38,10929100.0,000953.SZ,2026-03-06,河化股份,,CNY
7.4,7.48,7.32,7.36,10576900.0,000953.SZ,2026-03-09,河化股份,,CNY
7.42,7.43,7.33,7.42,8069739.0,000953.SZ,2026-03-10,河化股份,,CNY
7.45,7.45,7.34,7.39,6714100.0,000953.SZ,2026-03-11,河化股份,,CNY
7.41,7.46,7.3,7.31,8457700.0,000953.SZ,2026-03-12,河化股份,,CNY
7.32,7.48,7.27,7.36,11165200.0,000953.SZ,2026-03-13,河化股份,,CNY
7.36,7.54,7.32,7.47,12448600.0,000953.SZ,2026-03-16,河化股份,,CNY
7.46,7.46,7.21,7.22,10288200.0,000953.SZ,2026-03-17,河化股份,,CNY
7.26,7.41,7.13,7.4,11368300.0,000953.SZ,2026-03-18,河化股份,,CNY
7.42,7.48,7.1,7.16,15331644.0,000953.SZ,2026-03-19,河化股份,,CNY
7.22,7.24,6.82,6.82,11908900.0,000953.SZ,2026-03-20,河化股份,,CNY
6.8,6.81,6.39,6.45,9583174.0,000953.SZ,2026-03-23,河化股份,,CNY
6.55,6.8,6.49,6.77,10197600.0,000953.SZ,2026-03-24,河化股份,,CNY
6.8,6.99,6.77,6.97,7354100.0,000953.SZ,2026-03-25,河化股份,,CNY
6.97,7.05,6.81,6.86,7423201.0,000953.SZ,2026-03-26,河化股份,,CNY
6.85,7.11,6.8,7.09,10822200.0,000953.SZ,2026-03-27,河化股份,,CNY
7.06,7.19,6.98,7.16,9914070.0,000953.SZ,2026-03-30,河化股份,,CNY
7.15,7.25,7.0,7.0,8441600.0,000953.SZ,2026-03-31,河化股份,,CNY
7.11,7.15,6.94,7.1,7552060.0,000953.SZ,2026-04-01,河化股份,,CNY
7.12,7.22,7.03,7.06,8524800.0,000953.SZ,2026-04-02,河化股份,,CNY
7.09,7.1,6.72,6.72,8237310.0,000953.SZ,2026-04-03,河化股份,,CNY
6.72,7.02,6.69,6.97,9990810.0,000953.SZ,2026-04-07,河化股份,,CNY
7.05,7.07,6.95,6.99,7869460.0,000953.SZ,2026-04-08,河化股份,,CNY
6.96,7.03,6.78,6.79,7860660.0,000953.SZ,2026-04-09,河化股份,,CNY
6.86,6.88,6.76,6.78,6639360.0,000953.SZ,2026-04-10,河化股份,,CNY
6.79,6.82,6.67,6.77,6010900.0,000953.SZ,2026-04-13,河化股份,,CNY
6.82,6.82,6.66,6.74,5039410.0,000953.SZ,2026-04-14,河化股份,,CNY
6.77,6.79,6.59,6.63,6552110.0,000953.SZ,2026-04-15,河化股份,,CNY
6.62,6.71,6.55,6.68,5301400.0,000953.SZ,2026-04-16,河化股份,,CNY
6.68,6.69,6.48,6.53,7591300.0,000953.SZ,2026-04-17,河化股份,,CNY
6.5,6.63,6.45,6.62,6419500.0,000953.SZ,2026-04-20,河化股份,,CNY
6.64,6.65,6.55,6.62,4474900.0,000953.SZ,2026-04-21,河化股份,,CNY
6.65,6.65,6.55,6.59,3414900.0,000953.SZ,2026-04-22,河化股份,,CNY
6.6,6.6,6.45,6.51,5532000.0,000953.SZ,2026-04-23,河化股份,,CNY
6.71,7.06,6.7,6.74,16998260.0,000953.SZ,2026-04-24,河化股份,,CNY
6.76,6.88,6.49,6.82,15261600.0,000953.SZ,2026-04-27,河化股份,,CNY
6.76,6.91,6.75,6.84,9594200.0,000953.SZ,2026-04-28,河化股份,,CNY
6.83,6.99,6.8,6.92,10026100.0,000953.SZ,2026-04-29,河化股份,,CNY
6.92,7.04,6.89,6.99,7167300.0,000953.SZ,2026-04-30,河化股份,,CNY
8.58,8.72,8.36,8.51,18110200.0,000565.SZ,2026-03-02,渝三峡A,,CNY
8.5,8.63,8.05,8.07,23324100.0,000565.SZ,2026-03-03,渝三峡A,,CNY
8.0,8.22,7.95,8.09,11385200.0,000565.SZ,2026-03-04,渝三峡A,,CNY
8.23,8.37,8.15,8.23,12150150.0,000565.SZ,2026-03-05,渝三峡A,,CNY
8.17,8.65,8.16,8.65,23690625.0,000565.SZ,2026-03-06,渝三峡A,,CNY
8.6,8.68,8.37,8.5,16329550.0,000565.SZ,2026-03-09,渝三峡A,,CNY
8.52,8.58,8.43,8.58,11489500.0,000565.SZ,2026-03-10,渝三峡A,,CNY
8.58,8.61,8.36,8.4,11125700.0,000565.SZ,2026-03-11,渝三峡A,,CNY
8.4,8.45,8.15,8.17,13011200.0,000565.SZ,2026-03-12,渝三峡A,,CNY
8.15,8.44,8.14,8.22,13729200.0,000565.SZ,2026-03-13,渝三峡A,,CNY
8.23,8.5,8.22,8.3,14101150.0,000565.SZ,2026-03-16,渝三峡A,,CNY
8.31,8.58,8.22,8.25,14303748.0,000565.SZ,2026-03-17,渝三峡A,,CNY
8.22,8.28,8.1,8.15,11773203.0,000565.SZ,2026-03-18,渝三峡A,,CNY
8.09,8.11,7.63,7.68,17715836.0,000565.SZ,2026-03-19,渝三峡A,,CNY
7.74,7.77,7.34,7.34,13009700.0,000565.SZ,2026-03-20,渝三峡A,,CNY
7.24,7.25,6.8,6.88,15083450.0,000565.SZ,2026-03-23,渝三峡A,,CNY
7.03,7.28,6.83,7.27,14860900.0,000565.SZ,2026-03-24,渝三峡A,,CNY
7.27,7.35,7.22,7.3,8675850.0,000565.SZ,2026-03-25,渝三峡A,,CNY
7.3,7.41,7.13,7.2,8317991.0,000565.SZ,2026-03-26,渝三峡A,,CNY
7.15,7.47,7.1,7.45,10394225.0,000565.SZ,2026-03-27,渝三峡A,,CNY
7.63,7.63,7.31,7.42,12985603.0,000565.SZ,2026-03-30,渝三峡A,,CNY
7.4,7.54,7.34,7.37,8734444.0,000565.SZ,2026-03-31,渝三峡A,,CNY
7.51,7.52,7.32,7.4,6486650.0,000565.SZ,2026-04-01,渝三峡A,,CNY
7.38,7.45,7.21,7.34,8260526.0,000565.SZ,2026-04-02,渝三峡A,,CNY
7.34,7.36,6.94,6.97,10325725.0,000565.SZ,2026-04-03,渝三峡A,,CNY
7.0,7.35,6.95,7.32,12007928.0,000565.SZ,2026-04-07,渝三峡A,,CNY
7.39,7.41,7.26,7.39,9188204.0,000565.SZ,2026-04-08,渝三峡A,,CNY
7.37,7.4,7.24,7.27,7589825.0,000565.SZ,2026-04-09,渝三峡A,,CNY
7.31,7.42,7.27,7.3,7276900.0,000565.SZ,2026-04-10,渝三峡A,,CNY
7.25,7.28,7.15,7.23,6630168.0,000565.SZ,2026-04-13,渝三峡A,,CNY
7.25,7.27,7.09,7.25,7232648.0,000565.SZ,2026-04-14,渝三峡A,,CNY
7.25,7.25,7.11,7.13,5545489.0,000565.SZ,2026-04-15,渝三峡A,,CNY
7.13,7.3,7.08,7.27,6989351.0,000565.SZ,2026-04-16,渝三峡A,,CNY
7.27,7.33,7.12,7.25,6331433.0,000565.SZ,2026-04-17,渝三峡A,,CNY
7.26,7.36,7.19,7.35,6500734.0,000565.SZ,2026-04-20,渝三峡A,,CNY
7.35,7.37,7.21,7.31,5954823.0,000565.SZ,2026-04-21,渝三峡A,,CNY
7.27,7.31,7.22,7.25,4207061.0,000565.SZ,2026-04-22,渝三峡A,,CNY
7.26,7.29,7.14,7.17,6615686.0,000565.SZ,2026-04-23,渝三峡A,,CNY
7.14,7.33,7.11,7.29,7108500.0,000565.SZ,2026-04-24,渝三峡A,,CNY
7.68,8.02,7.6,8.02,27353246.0,000565.SZ,2026-04-27,渝三峡A,,CNY
8.14,8.25,7.84,8.02,46095620.0,000565.SZ,2026-04-28,渝三峡A,,CNY
7.95,8.12,7.86,8.04,25379782.0,000565.SZ,2026-04-29,渝三峡A,,CNY
8.04,8.07,7.85,7.87,17503605.0,000565.SZ,2026-04-30,渝三峡A,,CNY
5.95,5.96,5.76,5.8,53773137.0,000566.SZ,2026-03-02,海南海药,,CNY
5.85,5.93,5.61,5.61,41734507.0,000566.SZ,2026-03-03,海南海药,,CNY
5.56,5.69,5.52,5.6,32460410.0,000566.SZ,2026-03-04,海南海药,,CNY
5.66,5.73,5.63,5.67,28138306.0,000566.SZ,2026-03-05,海南海药,,CNY
5.63,5.77,5.61,5.77,27891092.0,000566.SZ,2026-03-06,海南海药,,CNY
5.69,5.76,5.62,5.74,27899900.0,000566.SZ,2026-03-09,海南海药,,CNY
5.77,5.8,5.72,5.74,24940126.0,000566.SZ,2026-03-10,海南海药,,CNY
5.73,5.75,5.64,5.67,22991535.0,000566.SZ,2026-03-11,海南海药,,CNY
5.66,5.68,5.59,5.62,23438300.0,000566.SZ,2026-03-12,海南海药,,CNY
5.59,5.64,5.54,5.55,24510511.0,000566.SZ,2026-03-13,海南海药,,CNY
5.54,5.66,5.54,5.62,24243500.0,000566.SZ,2026-03-16,海南海药,,CNY
5.62,5.69,5.53,5.53,27204802.0,000566.SZ,2026-03-17,海南海药,,CNY
5.52,5.58,5.45,5.55,22007122.0,000566.SZ,2026-03-18,海南海药,,CNY
5.51,5.52,5.34,5.38,23677300.0,000566.SZ,2026-03-19,海南海药,,CNY
5.39,5.42,5.23,5.24,22847501.0,000566.SZ,2026-03-20,海南海药,,CNY
5.2,5.29,5.02,5.06,39714694.0,000566.SZ,2026-03-23,海南海药,,CNY
5.15,5.29,5.09,5.29,42222000.0,000566.SZ,2026-03-24,海南海药,,CNY
5.34,5.35,5.26,5.35,21203800.0,000566.SZ,2026-03-25,海南海药,,CNY
5.33,5.48,5.25,5.27,21719000.0,000566.SZ,2026-03-26,海南海药,,CNY
5.21,5.5,5.19,5.49,44042028.0,000566.SZ,2026-03-27,海南海药,,CNY
5.44,5.59,5.38,5.56,33414938.0,000566.SZ,2026-03-30,海南海药,,CNY
5.52,5.6,5.41,5.44,31816929.0,000566.SZ,2026-03-31,海南海药,,CNY
5.49,5.63,5.38,5.61,50174191.0,000566.SZ,2026-04-01,海南海药,,CNY
5.58,5.71,5.54,5.69,80151787.0,000566.SZ,2026-04-02,海南海药,,CNY
5.56,5.58,5.32,5.33,62564841.0,000566.SZ,2026-04-03,海南海药,,CNY
5.34,5.41,5.15,5.4,36062729.0,000566.SZ,2026-04-07,海南海药,,CNY
5.47,5.53,5.37,5.5,37837229.0,000566.SZ,2026-04-08,海南海药,,CNY
5.45,5.55,5.25,5.28,54042900.0,000566.SZ,2026-04-09,海南海药,,CNY
5.26,5.4,5.22,5.29,35421068.0,000566.SZ,2026-04-10,海南海药,,CNY
5.28,5.38,5.25,5.36,28408500.0,000566.SZ,2026-04-13,海南海药,,CNY
5.4,5.4,5.26,5.36,24606417.0,000566.SZ,2026-04-14,海南海药,,CNY
5.46,5.54,5.36,5.47,40803200.0,000566.SZ,2026-04-15,海南海药,,CNY
5.46,5.57,5.4,5.54,42836655.0,000566.SZ,2026-04-16,海南海药,,CNY
5.55,5.57,5.42,5.51,30322143.0,000566.SZ,2026-04-17,海南海药,,CNY
5.51,5.55,5.41,5.54,27915423.0,000566.SZ,2026-04-20,海南海药,,CNY
5.5,5.52,5.33,5.37,34300494.0,000566.SZ,2026-04-21,海南海药,,CNY
5.34,5.34,5.26,5.31,22800855.0,000566.SZ,2026-04-22,海南海药,,CNY
5.28,5.3,5.11,5.13,31015845.0,000566.SZ,2026-04-23,海南海药,,CNY
5.11,5.18,5.04,5.07,23382776.0,000566.SZ,2026-04-24,海南海药,,CNY
5.07,5.16,4.94,5.14,30786797.0,000566.SZ,2026-04-27,海南海药,,CNY
5.07,5.1,4.86,4.93,44110356.0,000566.SZ,2026-04-28,海南海药,,CNY
4.88,5.02,4.84,4.96,27266321.0,000566.SZ,2026-04-29,海南海药,,CNY
4.97,5.04,4.91,5.0,21127100.0,000566.SZ,2026-04-30,海南海药,,CNY
5.72,5.76,5.62,5.66,20176705.0,000567.SZ,2026-03-02,海德股份,,CNY
5.65,5.76,5.54,5.55,20563266.0,000567.SZ,2026-03-03,海德股份,,CNY
5.5,5.59,5.41,5.45,18201587.0,000567.SZ,2026-03-04,海德股份,,CNY
5.52,5.53,5.44,5.49,13296329.0,000567.SZ,2026-03-05,海德股份,,CNY
5.44,5.61,5.42,5.6,13892828.0,000567.SZ,2026-03-06,海德股份,,CNY
5.54,5.57,5.47,5.51,12271773.0,000567.SZ,2026-03-09,海德股份,,CNY
5.54,5.59,5.52,5.58,11622665.0,000567.SZ,2026-03-10,海德股份,,CNY
5.58,5.6,5.53,5.59,8984118.0,000567.SZ,2026-03-11,海德股份,,CNY
5.56,5.64,5.55,5.6,10170591.0,000567.SZ,2026-03-12,海德股份,,CNY
5.57,5.61,5.48,5.49,12236310.0,000567.SZ,2026-03-13,海德股份,,CNY
5.52,5.59,5.5,5.57,9947684.0,000567.SZ,2026-03-16,海德股份,,CNY
5.55,5.63,5.52,5.52,14008556.0,000567.SZ,2026-03-17,海德股份,,CNY
5.55,5.57,5.48,5.53,10787750.0,000567.SZ,2026-03-18,海德股份,,CNY
5.49,5.54,5.4,5.43,12629999.0,000567.SZ,2026-03-19,海德股份,,CNY
5.45,5.48,5.28,5.28,12181699.0,000567.SZ,2026-03-20,海德股份,,CNY
5.17,5.24,5.03,5.08,16315356.0,000567.SZ,2026-03-23,海德股份,,CNY
5.15,5.25,5.08,5.23,13727826.0,000567.SZ,2026-03-24,海德股份,,CNY
5.24,5.36,5.2,5.34,13383014.0,000567.SZ,2026-03-25,海德股份,,CNY
5.33,5.4,5.2,5.22,8044153.0,000567.SZ,2026-03-26,海德股份,,CNY
5.18,5.29,5.16,5.28,8407500.0,000567.SZ,2026-03-27,海德股份,,CNY
5.21,5.29,5.16,5.26,8366845.0,000567.SZ,2026-03-30,海德股份,,CNY
5.26,5.32,5.16,5.17,8669792.0,000567.SZ,2026-03-31,海德股份,,CNY
5.26,5.28,5.18,5.23,6452628.0,000567.SZ,2026-04-01,海德股份,,CNY
5.23,5.24,5.14,5.16,7893527.0,000567.SZ,2026-04-02,海德股份,,CNY
5.2,5.21,5.03,5.04,7704050.0,000567.SZ,2026-04-03,海德股份,,CNY
5.03,5.15,5.03,5.14,7941410.0,000567.SZ,2026-04-07,海德股份,,CNY
5.21,5.28,5.19,5.26,12196680.0,000567.SZ,2026-04-08,海德股份,,CNY
5.22,5.25,5.1,5.1,10805704.0,000567.SZ,2026-04-09,海德股份,,CNY
5.15,5.22,5.13,5.16,11095328.0,000567.SZ,2026-04-10,海德股份,,CNY
5.18,5.54,5.18,5.44,41675643.0,000567.SZ,2026-04-13,海德股份,,CNY
5.48,5.49,5.29,5.38,19909203.0,000567.SZ,2026-04-14,海德股份,,CNY
5.39,5.4,5.31,5.32,11491300.0,000567.SZ,2026-04-15,海德股份,,CNY
5.32,5.37,5.29,5.35,9829557.0,000567.SZ,2026-04-16,海德股份,,CNY
5.33,5.38,5.26,5.34,10183167.0,000567.SZ,2026-04-17,海德股份,,CNY
5.35,5.45,5.32,5.39,11270284.0,000567.SZ,2026-04-20,海德股份,,CNY
5.4,5.41,5.34,5.38,6866659.0,000567.SZ,2026-04-21,海德股份,,CNY
5.37,5.66,5.34,5.5,24861230.0,000567.SZ,2026-04-22,海德股份,,CNY
5.51,5.52,5.36,5.41,13536786.0,000567.SZ,2026-04-23,海德股份,,CNY
5.42,5.42,5.29,5.33,9842392.0,000567.SZ,2026-04-24,海德股份,,CNY
5.33,5.44,5.26,5.42,9574250.0,000567.SZ,2026-04-27,海德股份,,CNY
5.43,5.55,5.41,5.51,17114238.0,000567.SZ,2026-04-28,海德股份,,CNY
5.99,6.06,5.88,6.06,50820198.0,000567.SZ,2026-04-29,海德股份,,CNY
6.26,6.67,6.19,6.67,156039890.0,000567.SZ,2026-04-30,海德股份,,CNY
108.98,110.18,107.6,108.17,10817375.0,000568.SZ,2026-03-02,泸州老窖,,CNY
107.89,110.4,106.81,107.5,12431724.0,000568.SZ,2026-03-03,泸州老窖,,CNY
106.81,106.81,103.0,103.64,15604436.0,000568.SZ,2026-03-04,泸州老窖,,CNY
104.3,104.89,103.43,103.93,6285320.0,000568.SZ,2026-03-05,泸州老窖,,CNY
103.44,106.2,103.21,105.98,8045189.0,000568.SZ,2026-03-06,泸州老窖,,CNY
104.4,105.81,104.03,105.01,6622794.0,000568.SZ,2026-03-09,泸州老窖,,CNY
105.52,105.95,104.85,105.07,6033692.0,000568.SZ,2026-03-10,泸州老窖,,CNY
105.08,105.18,104.06,104.8,7111309.0,000568.SZ,2026-03-11,泸州老窖,,CNY
104.75,105.76,103.89,105.18,7422666.0,000568.SZ,2026-03-12,泸州老窖,,CNY
104.7,108.79,104.62,107.86,13109496.0,000568.SZ,2026-03-13,泸州老窖,,CNY
107.5,110.33,107.2,108.62,11696323.0,000568.SZ,2026-03-16,泸州老窖,,CNY
108.08,110.18,107.7,108.13,8206227.0,000568.SZ,2026-03-17,泸州老窖,,CNY
108.0,108.41,106.16,106.85,5697700.0,000568.SZ,2026-03-18,泸州老窖,,CNY
106.0,106.8,105.13,105.4,4917486.0,000568.SZ,2026-03-19,泸州老窖,,CNY
105.55,106.78,104.85,105.2,5104025.0,000568.SZ,2026-03-20,泸州老窖,,CNY
104.0,104.15,102.04,102.44,8641529.0,000568.SZ,2026-03-23,泸州老窖,,CNY
103.64,103.8,101.88,103.39,5401255.0,000568.SZ,2026-03-24,泸州老窖,,CNY
103.65,103.88,103.0,103.84,5071209.0,000568.SZ,2026-03-25,泸州老窖,,CNY
103.5,104.38,101.78,101.9,7355226.0,000568.SZ,2026-03-26,泸州老窖,,CNY
101.4,104.44,101.2,103.78,7647566.0,000568.SZ,2026-03-27,泸州老窖,,CNY
103.0,106.23,102.56,105.3,8062033.0,000568.SZ,2026-03-30,泸州老窖,,CNY
107.35,108.5,104.6,104.68,8996592.0,000568.SZ,2026-03-31,泸州老窖,,CNY
105.81,107.3,104.0,106.26,6659368.0,000568.SZ,2026-04-01,泸州老窖,,CNY
105.49,106.89,105.22,105.96,4483582.0,000568.SZ,2026-04-02,泸州老窖,,CNY
105.9,106.5,104.1,104.27,4346404.0,000568.SZ,2026-04-03,泸州老窖,,CNY
104.27,104.9,102.78,103.49,4472673.0,000568.SZ,2026-04-07,泸州老窖,,CNY
104.58,105.03,104.01,105.03,5664161.0,000568.SZ,2026-04-08,泸州老窖,,CNY
104.3,104.78,102.56,102.8,7059079.0,000568.SZ,2026-04-09,泸州老窖,,CNY
103.49,103.49,102.2,102.51,8540755.0,000568.SZ,2026-04-10,泸州老窖,,CNY
102.0,102.54,101.38,102.43,5596485.0,000568.SZ,2026-04-13,泸州老窖,,CNY
102.47,103.31,101.6,103.21,7605750.0,000568.SZ,2026-04-14,泸州老窖,,CNY
103.21,103.81,102.2,103.09,7303144.0,000568.SZ,2026-04-15,泸州老窖,,CNY
102.77,103.56,102.45,103.05,5950877.0,000568.SZ,2026-04-16,泸州老窖,,CNY
101.0,101.5,100.56,101.2,9256034.0,000568.SZ,2026-04-17,泸州老窖,,CNY
101.0,101.33,100.2,100.65,7721370.0,000568.SZ,2026-04-20,泸州老窖,,CNY
100.5,101.12,100.4,100.61,4455793.0,000568.SZ,2026-04-21,泸州老窖,,CNY
100.63,100.63,99.72,100.24,8120880.0,000568.SZ,2026-04-22,泸州老窖,,CNY
100.5,103.16,100.48,101.85,11547755.0,000568.SZ,2026-04-23,泸州老窖,,CNY
100.9,103.55,100.25,102.63,10851242.0,000568.SZ,2026-04-24,泸州老窖,,CNY
101.5,101.87,100.2,100.35,7379413.0,000568.SZ,2026-04-27,泸州老窖,,CNY
100.37,101.37,99.8,100.2,6718251.0,000568.SZ,2026-04-28,泸州老窖,,CNY
100.5,103.0,100.38,101.73,12244425.0,000568.SZ,2026-04-29,泸州老窖,,CNY
101.34,102.1,100.03,100.1,8984439.0,000568.SZ,2026-04-30,泸州老窖,,CNY
6.06,6.08,5.81,5.91,19330100.0,000570.SZ,2026-03-02,苏常柴,,CNY
5.91,5.96,5.81,5.82,13487673.0,000570.SZ,2026-03-03,苏常柴,,CNY
5.75,5.81,5.64,5.73,14205200.0,000570.SZ,2026-03-04,苏常柴,,CNY
5.86,5.95,5.83,5.86,12088300.0,000570.SZ,2026-03-05,苏常柴,,CNY
5.85,6.45,5.84,6.32,80287828.0,000570.SZ,2026-03-06,苏常柴,,CNY
6.39,6.43,6.17,6.26,72143139.0,000570.SZ,2026-03-09,苏常柴,,CNY
6.26,6.35,6.22,6.3,34673753.0,000570.SZ,2026-03-10,苏常柴,,CNY
6.33,6.34,6.25,6.3,26006960.0,000570.SZ,2026-03-11,苏常柴,,CNY
6.3,6.3,6.17,6.2,23100600.0,000570.SZ,2026-03-12,苏常柴,,CNY
6.22,6.26,6.07,6.1,20465800.0,000570.SZ,2026-03-13,苏常柴,,CNY
6.08,6.15,6.0,6.05,16329200.0,000570.SZ,2026-03-16,苏常柴,,CNY
6.06,6.09,5.9,5.92,13644500.0,000570.SZ,2026-03-17,苏常柴,,CNY
5.94,5.96,5.82,5.96,14643802.0,000570.SZ,2026-03-18,苏常柴,,CNY
5.88,5.92,5.72,5.76,13514800.0,000570.SZ,2026-03-19,苏常柴,,CNY
5.79,5.82,5.56,5.57,15944100.0,000570.SZ,2026-03-20,苏常柴,,CNY
5.51,5.51,5.15,5.2,22034345.0,000570.SZ,2026-03-23,苏常柴,,CNY
5.31,5.46,5.21,5.44,16923000.0,000570.SZ,2026-03-24,苏常柴,,CNY
5.5,5.61,5.43,5.6,14688500.0,000570.SZ,2026-03-25,苏常柴,,CNY
5.58,5.66,5.45,5.52,10222080.0,000570.SZ,2026-03-26,苏常柴,,CNY
5.44,5.62,5.4,5.6,10351501.0,000570.SZ,2026-03-27,苏常柴,,CNY
5.5,5.72,5.48,5.71,11240701.0,000570.SZ,2026-03-30,苏常柴,,CNY
5.75,5.93,5.69,5.71,17977157.0,000570.SZ,2026-03-31,苏常柴,,CNY
5.77,5.83,5.66,5.7,11271077.0,000570.SZ,2026-04-01,苏常柴,,CNY
5.68,5.73,5.51,5.57,10927600.0,000570.SZ,2026-04-02,苏常柴,,CNY
5.6,5.62,5.27,5.28,14232103.0,000570.SZ,2026-04-03,苏常柴,,CNY
5.28,5.51,5.27,5.49,11732601.0,000570.SZ,2026-04-07,苏常柴,,CNY
5.57,5.68,5.55,5.67,11537302.0,000570.SZ,2026-04-08,苏常柴,,CNY
5.63,5.68,5.59,5.62,9674000.0,000570.SZ,2026-04-09,苏常柴,,CNY
5.66,5.8,5.64,5.71,9466400.0,000570.SZ,2026-04-10,苏常柴,,CNY
5.7,5.75,5.65,5.74,7637200.0,000570.SZ,2026-04-13,苏常柴,,CNY
5.82,5.91,5.72,5.79,14038800.0,000570.SZ,2026-04-14,苏常柴,,CNY
6.27,6.37,6.07,6.13,80526941.0,000570.SZ,2026-04-15,苏常柴,,CNY
6.19,6.74,6.1,6.74,59912233.0,000570.SZ,2026-04-16,苏常柴,,CNY
6.76,6.88,6.35,6.61,116993312.0,000570.SZ,2026-04-17,苏常柴,,CNY
6.62,6.72,6.51,6.7,67518255.0,000570.SZ,2026-04-20,苏常柴,,CNY
6.69,6.92,6.61,6.68,47339289.0,000570.SZ,2026-04-21,苏常柴,,CNY
6.64,6.79,6.6,6.77,43854380.0,000570.SZ,2026-04-22,苏常柴,,CNY
6.77,6.95,6.73,6.8,49440389.0,000570.SZ,2026-04-23,苏常柴,,CNY
6.7,6.9,6.64,6.7,34690888.0,000570.SZ,2026-04-24,苏常柴,,CNY
6.66,6.73,6.54,6.7,33336473.0,000570.SZ,2026-04-27,苏常柴,,CNY
6.7,6.71,6.47,6.5,35140674.0,000570.SZ,2026-04-28,苏常柴,,CNY
6.5,6.57,6.46,6.51,26739123.0,000570.SZ,2026-04-29,苏常柴,,CNY
6.49,6.55,6.4,6.42,20350500.0,000570.SZ,2026-04-30,苏常柴,,CNY
7.75,7.77,7.51,7.66,39763303.0,000571.SZ,2026-03-02,新大洲控股,,CNY
7.7,7.76,7.39,7.42,31454881.0,000571.SZ,2026-03-03,新大洲控股,,CNY
7.27,7.47,7.1,7.42,22826867.0,000571.SZ,2026-03-04,新大洲控股,,CNY
7.52,7.58,7.41,7.48,21952544.0,000571.SZ,2026-03-05,新大洲控股,,CNY
7.47,7.5,7.29,7.45,19060654.0,000571.SZ,2026-03-06,新大洲控股,,CNY
7.45,7.52,7.18,7.48,33206001.0,000571.SZ,2026-03-09,新大洲控股,,CNY
7.48,7.81,7.43,7.7,30671696.0,000571.SZ,2026-03-10,新大洲控股,,CNY
7.7,7.91,7.5,7.56,27238536.0,000571.SZ,2026-03-11,新大洲控股,,CNY
7.57,7.61,7.41,7.44,18895821.0,000571.SZ,2026-03-12,新大洲控股,,CNY
7.56,7.56,7.16,7.22,24967500.0,000571.SZ,2026-03-13,新大洲控股,,CNY
7.21,7.24,6.94,7.07,22187625.0,000571.SZ,2026-03-16,新大洲控股,,CNY
7.1,7.31,6.99,7.0,20302662.0,000571.SZ,2026-03-17,新大洲控股,,CNY
7.05,7.1,6.89,6.97,13196983.0,000571.SZ,2026-03-18,新大洲控股,,CNY
6.98,7.01,6.65,6.69,22169900.0,000571.SZ,2026-03-19,新大洲控股,,CNY
6.82,6.83,6.46,6.51,20162426.0,000571.SZ,2026-03-20,新大洲控股,,CNY
6.39,6.48,5.97,6.05,33063452.0,000571.SZ,2026-03-23,新大洲控股,,CNY
6.14,6.2,5.95,6.15,22707735.0,000571.SZ,2026-03-24,新大洲控股,,CNY
6.13,6.3,6.08,6.12,17987902.0,000571.SZ,2026-03-25,新大洲控股,,CNY
6.15,6.15,5.86,5.91,17791904.0,000571.SZ,2026-03-26,新大洲控股,,CNY
5.86,5.99,5.79,5.96,18211830.0,000571.SZ,2026-03-27,新大洲控股,,CNY
5.92,6.21,5.88,5.93,19172201.0,000571.SZ,2026-03-30,新大洲控股,,CNY
5.92,6.01,5.76,5.76,14509946.0,000571.SZ,2026-03-31,新大洲控股,,CNY
5.85,5.89,5.66,5.75,15038222.0,000571.SZ,2026-04-01,新大洲控股,,CNY
5.77,5.77,5.55,5.59,12455630.0,000571.SZ,2026-04-02,新大洲控股,,CNY
5.59,5.59,5.35,5.38,17108948.0,000571.SZ,2026-04-03,新大洲控股,,CNY
5.53,5.53,5.29,5.45,14861747.0,000571.SZ,2026-04-07,新大洲控股,,CNY
5.59,5.93,5.5,5.79,23140055.0,000571.SZ,2026-04-08,新大洲控股,,CNY
5.75,5.77,5.53,5.59,14815100.0,000571.SZ,2026-04-09,新大洲控股,,CNY
5.65,5.73,5.59,5.68,13285562.0,000571.SZ,2026-04-10,新大洲控股,,CNY
5.69,5.72,5.46,5.53,16622938.0,000571.SZ,2026-04-13,新大洲控股,,CNY
5.54,5.64,5.33,5.41,20753483.0,000571.SZ,2026-04-14,新大洲控股,,CNY
5.41,5.42,5.15,5.17,22928499.0,000571.SZ,2026-04-15,新大洲控股,,CNY
5.2,5.69,5.15,5.69,26762591.0,000571.SZ,2026-04-16,新大洲控股,,CNY
5.89,5.99,5.6,5.79,41413375.0,000571.SZ,2026-04-17,新大洲控股,,CNY
5.84,6.12,5.69,6.04,35645930.0,000571.SZ,2026-04-20,新大洲控股,,CNY
6.01,6.14,5.97,6.06,23438786.0,000571.SZ,2026-04-21,新大洲控股,,CNY
6.05,6.22,5.99,6.13,21783323.0,000571.SZ,2026-04-22,新大洲控股,,CNY
6.1,6.1,5.88,5.89,20364543.0,000571.SZ,2026-04-23,新大洲控股,,CNY
5.89,5.97,5.6,5.75,20563854.0,000571.SZ,2026-04-24,新大洲控股,,CNY
5.75,5.78,5.53,5.6,14157351.0,000571.SZ,2026-04-27,新大洲控股,,CNY
5.59,5.73,5.58,5.62,14760100.0,000571.SZ,2026-04-28,新大洲控股,,CNY
5.6,5.66,5.47,5.56,15436510.0,000571.SZ,2026-04-29,新大洲控股,,CNY
5.57,5.9,5.53,5.56,20759601.0,000571.SZ,2026-04-30,新大洲控股,,CNY
6.72,6.78,6.6,6.69,57720482.0,000572.SZ,2026-03-02,海马汽车,,CNY
6.68,6.81,6.36,6.38,62229831.0,000572.SZ,2026-03-03,海马汽车,,CNY
6.29,6.43,6.25,6.33,37596323.0,000572.SZ,2026-03-04,海马汽车,,CNY
6.48,6.5,6.41,6.44,44397356.0,000572.SZ,2026-03-05,海马汽车,,CNY
6.4,6.58,6.38,6.54,37786500.0,000572.SZ,2026-03-06,海马汽车,,CNY
6.45,6.47,6.28,6.43,41643500.0,000572.SZ,2026-03-09,海马汽车,,CNY
6.49,6.54,6.37,6.42,32737251.0,000572.SZ,2026-03-10,海马汽车,,CNY
6.43,6.46,6.34,6.36,27699252.0,000572.SZ,2026-03-11,海马汽车,,CNY
6.31,6.37,6.2,6.22,34874301.0,000572.SZ,2026-03-12,海马汽车,,CNY
6.23,6.3,6.15,6.16,36516796.0,000572.SZ,2026-03-13,海马汽车,,CNY
6.14,6.21,6.11,6.2,30498375.0,000572.SZ,2026-03-16,海马汽车,,CNY
6.31,6.82,6.29,6.82,113478381.0,000572.SZ,2026-03-17,海马汽车,,CNY
6.78,6.78,6.45,6.64,202497557.0,000572.SZ,2026-03-18,海马汽车,,CNY
6.54,6.63,6.26,6.3,103341955.0,000572.SZ,2026-03-19,海马汽车,,CNY
6.32,6.54,5.9,5.93,122710384.0,000572.SZ,2026-03-20,海马汽车,,CNY
5.83,6.52,5.76,6.24,261561201.0,000572.SZ,2026-03-23,海马汽车,,CNY
6.46,6.55,6.17,6.28,195581565.0,000572.SZ,2026-03-24,海马汽车,,CNY
6.27,6.38,6.22,6.33,111285749.0,000572.SZ,2026-03-25,海马汽车,,CNY
6.32,6.43,6.08,6.09,89956169.0,000572.SZ,2026-03-26,海马汽车,,CNY
6.0,6.47,5.97,6.19,93584255.0,000572.SZ,2026-03-27,海马汽车,,CNY
6.07,6.15,5.86,6.08,79805300.0,000572.SZ,2026-03-30,海马汽车,,CNY
6.09,6.57,6.09,6.14,149333903.0,000572.SZ,2026-03-31,海马汽车,,CNY
6.2,6.22,5.92,6.01,96768670.0,000572.SZ,2026-04-01,海马汽车,,CNY
5.92,5.95,5.66,5.69,97782117.0,000572.SZ,2026-04-02,海马汽车,,CNY
5.66,5.68,5.36,5.4,72618230.0,000572.SZ,2026-04-03,海马汽车,,CNY
5.39,5.52,5.32,5.5,60813106.0,000572.SZ,2026-04-07,海马汽车,,CNY
5.6,5.83,5.55,5.82,86813510.0,000572.SZ,2026-04-08,海马汽车,,CNY
5.75,5.78,5.67,5.69,44512300.0,000572.SZ,2026-04-09,海马汽车,,CNY
5.75,5.84,5.69,5.71,42991800.0,000572.SZ,2026-04-10,海马汽车,,CNY
5.69,5.84,5.65,5.83,46055649.0,000572.SZ,2026-04-13,海马汽车,,CNY
5.84,5.89,5.78,5.88,40290852.0,000572.SZ,2026-04-14,海马汽车,,CNY
5.92,5.92,5.75,5.8,36436641.0,000572.SZ,2026-04-15,海马汽车,,CNY
5.79,5.85,5.75,5.83,32016782.0,000572.SZ,2026-04-16,海马汽车,,CNY
5.81,5.81,5.7,5.74,31234921.0,000572.SZ,2026-04-17,海马汽车,,CNY
5.74,5.92,5.7,5.83,39237052.0,000572.SZ,2026-04-20,海马汽车,,CNY
5.84,5.85,5.68,5.75,37651454.0,000572.SZ,2026-04-21,海马汽车,,CNY
5.75,5.75,5.63,5.68,29448201.0,000572.SZ,2026-04-22,海马汽车,,CNY
5.7,5.71,5.52,5.56,29470473.0,000572.SZ,2026-04-23,海马汽车,,CNY
5.58,5.6,5.47,5.51,28105394.0,000572.SZ,2026-04-24,海马汽车,,CNY
5.51,5.57,5.39,5.55,31376737.0,000572.SZ,2026-04-27,海马汽车,,CNY
5.5,5.56,5.42,5.48,27801100.0,000572.SZ,2026-04-28,海马汽车,,CNY
5.45,5.56,5.43,5.49,37996325.0,000572.SZ,2026-04-29,海马汽车,,CNY
5.52,5.61,5.5,5.59,34042445.0,000572.SZ,2026-04-30,海马汽车,,CNY
4.41,4.44,4.28,4.32,20188801.0,000573.SZ,2026-03-02,粤宏远,,CNY
4.35,4.35,4.16,4.16,21211485.0,000573.SZ,2026-03-03,粤宏远,,CNY
4.15,4.25,4.11,4.2,20082300.0,000573.SZ,2026-03-04,粤宏远,,CNY
4.25,4.31,4.21,4.23,15281791.0,000573.SZ,2026-03-05,粤宏远,,CNY
4.22,4.41,4.22,4.41,17530935.0,000573.SZ,2026-03-06,粤宏远,,CNY
4.35,4.41,4.29,4.39,18105644.0,000573.SZ,2026-03-09,粤宏远,,CNY
4.43,4.47,4.4,4.44,14839122.0,000573.SZ,2026-03-10,粤宏远,,CNY
4.45,4.46,4.38,4.42,10391523.0,000573.SZ,2026-03-11,粤宏远,,CNY
4.43,4.47,4.36,4.38,14191523.0,000573.SZ,2026-03-12,粤宏远,,CNY
4.37,4.43,4.35,4.35,11306338.0,000573.SZ,2026-03-13,粤宏远,,CNY
4.35,4.46,4.33,4.41,12162700.0,000573.SZ,2026-03-16,粤宏远,,CNY
4.43,4.5,4.36,4.37,17941300.0,000573.SZ,2026-03-17,粤宏远,,CNY
4.4,4.4,4.3,4.35,16819309.0,000573.SZ,2026-03-18,粤宏远,,CNY
4.32,4.35,4.2,4.21,14811400.0,000573.SZ,2026-03-19,粤宏远,,CNY
4.25,4.25,4.07,4.1,20744700.0,000573.SZ,2026-03-20,粤宏远,,CNY
4.0,4.04,3.73,3.77,29363227.0,000573.SZ,2026-03-23,粤宏远,,CNY
3.87,4.05,3.78,4.03,27966283.0,000573.SZ,2026-03-24,粤宏远,,CNY
4.05,4.16,4.04,4.15,15498898.0,000573.SZ,2026-03-25,粤宏远,,CNY
4.15,4.19,4.09,4.12,14533331.0,000573.SZ,2026-03-26,粤宏远,,CNY
4.09,4.24,4.08,4.24,17488900.0,000573.SZ,2026-03-27,粤宏远,,CNY
4.21,4.28,4.16,4.27,12561200.0,000573.SZ,2026-03-30,粤宏远,,CNY
4.27,4.33,4.22,4.23,15731500.0,000573.SZ,2026-03-31,粤宏远,,CNY
4.3,4.31,4.15,4.19,12936887.0,000573.SZ,2026-04-01,粤宏远,,CNY
4.21,4.22,4.07,4.12,11761600.0,000573.SZ,2026-04-02,粤宏远,,CNY
4.12,4.13,3.87,3.89,22315009.0,000573.SZ,2026-04-03,粤宏远,,CNY
3.9,4.05,3.87,4.04,15240201.0,000573.SZ,2026-04-07,粤宏远,,CNY
4.1,4.4,4.06,4.3,29913822.0,000573.SZ,2026-04-08,粤宏远,,CNY
4.32,4.6,4.29,4.58,68087453.0,000573.SZ,2026-04-09,粤宏远,,CNY
4.59,4.69,4.49,4.56,58450197.0,000573.SZ,2026-04-10,粤宏远,,CNY
4.54,4.83,4.41,4.8,50296396.0,000573.SZ,2026-04-13,粤宏远,,CNY
4.83,4.91,4.74,4.87,45159244.0,000573.SZ,2026-04-14,粤宏远,,CNY
4.86,4.9,4.68,4.71,34097644.0,000573.SZ,2026-04-15,粤宏远,,CNY
4.71,5.0,4.64,4.96,43523543.0,000573.SZ,2026-04-16,粤宏远,,CNY
4.97,5.03,4.82,4.85,30981476.0,000573.SZ,2026-04-17,粤宏远,,CNY
4.89,4.93,4.75,4.8,32145400.0,000573.SZ,2026-04-20,粤宏远,,CNY
4.76,4.97,4.65,4.91,36317013.0,000573.SZ,2026-04-21,粤宏远,,CNY
4.89,5.02,4.85,4.9,29605736.0,000573.SZ,2026-04-22,粤宏远,,CNY
4.88,4.92,4.78,4.8,20731586.0,000573.SZ,2026-04-23,粤宏远,,CNY
4.8,4.83,4.67,4.77,22616780.0,000573.SZ,2026-04-24,粤宏远,,CNY
4.79,4.88,4.63,4.83,22533600.0,000573.SZ,2026-04-27,粤宏远,,CNY
4.81,5.08,4.79,4.89,24586803.0,000573.SZ,2026-04-28,粤宏远,,CNY
4.87,4.99,4.82,4.96,19843235.0,000573.SZ,2026-04-29,粤宏远,,CNY
5.02,5.06,4.93,5.03,28006556.0,000573.SZ,2026-04-30,粤宏远,,CNY
11.45,11.61,11.24,11.4,28942300.0,000576.SZ,2026-03-02,甘化科工,,CNY
11.45,11.55,10.87,10.89,22141295.0,000576.SZ,2026-03-03,甘化科工,,CNY
10.86,11.14,10.71,10.98,14542901.0,000576.SZ,2026-03-04,甘化科工,,CNY
11.11,11.14,10.9,10.98,10229900.0,000576.SZ,2026-03-05,甘化科工,,CNY
10.89,11.2,10.85,11.11,10618410.0,000576.SZ,2026-03-06,甘化科工,,CNY
11.02,11.04,10.42,10.63,17249666.0,000576.SZ,2026-03-09,甘化科工,,CNY
10.68,10.89,10.68,10.77,9330197.0,000576.SZ,2026-03-10,甘化科工,,CNY
10.78,10.8,10.53,10.58,9122200.0,000576.SZ,2026-03-11,甘化科工,,CNY
10.57,10.57,10.17,10.19,13747014.0,000576.SZ,2026-03-12,甘化科工,,CNY
10.18,10.25,10.05,10.1,10510100.0,000576.SZ,2026-03-13,甘化科工,,CNY
10.14,10.16,9.9,10.13,10464284.0,000576.SZ,2026-03-16,甘化科工,,CNY
10.16,10.19,9.84,9.86,8139300.0,000576.SZ,2026-03-17,甘化科工,,CNY
9.89,10.04,9.76,10.02,7588600.0,000576.SZ,2026-03-18,甘化科工,,CNY
9.92,10.81,9.87,10.46,38066591.0,000576.SZ,2026-03-19,甘化科工,,CNY
10.49,10.55,9.41,9.41,39598700.0,000576.SZ,2026-03-20,甘化科工,,CNY
9.18,9.21,8.53,8.58,25866306.0,000576.SZ,2026-03-23,甘化科工,,CNY
8.82,9.1,8.57,9.08,20974883.0,000576.SZ,2026-03-24,甘化科工,,CNY
9.05,9.23,9.0,9.21,15289500.0,000576.SZ,2026-03-25,甘化科工,,CNY
9.22,9.23,8.92,8.95,9974400.0,000576.SZ,2026-03-26,甘化科工,,CNY
8.85,9.45,8.8,9.42,16160535.0,000576.SZ,2026-03-27,甘化科工,,CNY
9.39,9.57,9.22,9.34,11451100.0,000576.SZ,2026-03-30,甘化科工,,CNY
9.31,9.42,9.15,9.16,8360000.0,000576.SZ,2026-03-31,甘化科工,,CNY
9.27,9.3,9.14,9.23,6027500.0,000576.SZ,2026-04-01,甘化科工,,CNY
9.24,9.3,9.05,9.12,6338500.0,000576.SZ,2026-04-02,甘化科工,,CNY
9.18,9.18,8.87,8.9,6609600.0,000576.SZ,2026-04-03,甘化科工,,CNY
8.91,9.13,8.9,9.09,5619800.0,000576.SZ,2026-04-07,甘化科工,,CNY
9.2,9.34,9.2,9.33,7405801.0,000576.SZ,2026-04-08,甘化科工,,CNY
9.32,9.41,9.2,9.3,7032600.0,000576.SZ,2026-04-09,甘化科工,,CNY
9.36,9.53,9.35,9.44,7809496.0,000576.SZ,2026-04-10,甘化科工,,CNY
9.43,9.6,9.37,9.58,6975596.0,000576.SZ,2026-04-13,甘化科工,,CNY
9.63,9.79,9.56,9.78,9614100.0,000576.SZ,2026-04-14,甘化科工,,CNY
9.78,9.95,9.66,9.69,12321500.0,000576.SZ,2026-04-15,甘化科工,,CNY
9.68,9.72,9.59,9.69,6662600.0,000576.SZ,2026-04-16,甘化科工,,CNY
9.65,9.83,9.62,9.8,6977498.0,000576.SZ,2026-04-17,甘化科工,,CNY
9.85,9.92,9.72,9.8,10577498.0,000576.SZ,2026-04-20,甘化科工,,CNY
9.75,9.84,9.64,9.72,9298997.0,000576.SZ,2026-04-21,甘化科工,,CNY
9.66,9.79,9.6,9.72,7720600.0,000576.SZ,2026-04-22,甘化科工,,CNY
9.7,9.84,9.43,9.47,7122400.0,000576.SZ,2026-04-23,甘化科工,,CNY
9.48,9.49,9.21,9.3,6282300.0,000576.SZ,2026-04-24,甘化科工,,CNY
9.38,9.54,9.17,9.51,8679800.0,000576.SZ,2026-04-27,甘化科工,,CNY
9.45,9.45,9.24,9.31,8077602.0,000576.SZ,2026-04-28,甘化科工,,CNY
9.33,9.47,9.27,9.36,7589398.0,000576.SZ,2026-04-29,甘化科工,,CNY
9.19,9.23,8.73,8.82,19331600.0,000576.SZ,2026-04-30,甘化科工,,CNY
25.16,25.73,24.35,25.1,38674949.0,000581.SZ,2026-03-02,威孚高科,,CNY
25.05,25.15,23.68,23.86,34636724.0,000581.SZ,2026-03-03,威孚高科,,CNY
23.6,24.28,23.31,23.69,21843744.0,000581.SZ,2026-03-04,威孚高科,,CNY
24.05,24.38,23.67,24.0,21931365.0,000581.SZ,2026-03-05,威孚高科,,CNY
24.15,25.92,23.76,25.22,42619054.0,000581.SZ,2026-03-06,威孚高科,,CNY
24.7,25.08,24.03,24.85,26236321.0,000581.SZ,2026-03-09,威孚高科,,CNY
25.16,25.86,25.0,25.32,31927541.0,000581.SZ,2026-03-10,威孚高科,,CNY
25.32,25.47,24.75,25.05,22295279.0,000581.SZ,2026-03-11,威孚高科,,CNY
24.9,24.96,24.22,24.42,19316875.0,000581.SZ,2026-03-12,威孚高科,,CNY
24.4,24.47,23.76,23.84,14694533.0,000581.SZ,2026-03-13,威孚高科,,CNY
23.79,23.87,23.09,23.28,15768078.0,000581.SZ,2026-03-16,威孚高科,,CNY
23.93,24.06,23.1,23.13,19370701.0,000581.SZ,2026-03-17,威孚高科,,CNY
23.22,23.66,23.1,23.58,14015202.0,000581.SZ,2026-03-18,威孚高科,,CNY
23.3,23.33,22.59,22.7,17522796.0,000581.SZ,2026-03-19,威孚高科,,CNY
22.84,23.06,21.97,22.02,13368245.0,000581.SZ,2026-03-20,威孚高科,,CNY
21.63,21.74,20.01,20.2,32459164.0,000581.SZ,2026-03-23,威孚高科,,CNY
20.5,20.7,20.06,20.48,16417652.0,000581.SZ,2026-03-24,威孚高科,,CNY
20.65,21.05,20.58,20.89,13621483.0,000581.SZ,2026-03-25,威孚高科,,CNY
20.89,21.29,20.61,20.69,12509332.0,000581.SZ,2026-03-26,威孚高科,,CNY
20.5,20.8,20.45,20.63,15014346.0,000581.SZ,2026-03-27,威孚高科,,CNY
20.36,20.56,20.18,20.47,10019102.0,000581.SZ,2026-03-30,威孚高科,,CNY
20.47,20.72,20.3,20.35,9775641.0,000581.SZ,2026-03-31,威孚高科,,CNY
20.65,20.9,20.61,20.73,11036876.0,000581.SZ,2026-04-01,威孚高科,,CNY
20.74,20.74,20.22,20.44,8600900.0,000581.SZ,2026-04-02,威孚高科,,CNY
20.48,20.52,20.08,20.13,10167646.0,000581.SZ,2026-04-03,威孚高科,,CNY
20.19,20.23,19.95,20.04,8248656.0,000581.SZ,2026-04-07,威孚高科,,CNY
20.37,21.02,20.37,20.97,15305298.0,000581.SZ,2026-04-08,威孚高科,,CNY
20.76,20.85,20.65,20.76,7976308.0,000581.SZ,2026-04-09,威孚高科,,CNY
20.91,21.32,20.85,21.03,8084199.0,000581.SZ,2026-04-10,威孚高科,,CNY
21.0,21.0,20.73,20.87,6489745.0,000581.SZ,2026-04-13,威孚高科,,CNY
21.02,21.11,20.89,20.99,6610100.0,000581.SZ,2026-04-14,威孚高科,,CNY
21.16,21.35,20.82,20.86,11219244.0,000581.SZ,2026-04-15,威孚高科,,CNY
20.91,21.02,20.68,20.81,12151320.0,000581.SZ,2026-04-16,威孚高科,,CNY
19.7,19.7,19.05,19.19,58989894.0,000581.SZ,2026-04-17,威孚高科,,CNY
19.05,19.1,18.66,18.9,24989679.0,000581.SZ,2026-04-20,威孚高科,,CNY
18.86,19.15,18.82,19.0,14284008.0,000581.SZ,2026-04-21,威孚高科,,CNY
18.93,19.09,18.91,18.97,11337225.0,000581.SZ,2026-04-22,威孚高科,,CNY
18.97,19.36,18.9,19.25,19101267.0,000581.SZ,2026-04-23,威孚高科,,CNY
19.67,20.5,19.61,19.67,28542275.0,000581.SZ,2026-04-24,威孚高科,,CNY
19.67,19.93,19.59,19.72,14322495.0,000581.SZ,2026-04-27,威孚高科,,CNY
19.72,19.8,19.4,19.52,11955146.0,000581.SZ,2026-04-28,威孚高科,,CNY
19.46,19.6,19.37,19.51,11311190.0,000581.SZ,2026-04-29,威孚高科,,CNY
19.49,19.64,19.35,19.54,12770194.0,000581.SZ,2026-04-30,威孚高科,,CNY
27.5,27.7,26.49,26.55,5294485.0,001207.SZ,2026-03-02,联科科技,,CNY
26.55,27.19,25.9,26.68,5322374.0,001207.SZ,2026-03-03,联科科技,,CNY
26.41,26.86,26.03,26.34,4802300.0,001207.SZ,2026-03-04,联科科技,,CNY
26.7,27.76,26.7,27.7,7162600.0,001207.SZ,2026-03-05,联科科技,,CNY
27.6,28.28,27.41,27.56,4700800.0,001207.SZ,2026-03-06,联科科技,,CNY
28.0,28.2,27.01,27.93,8170920.0,001207.SZ,2026-03-09,联科科技,,CNY
28.18,28.62,27.8,28.43,5868182.0,001207.SZ,2026-03-10,联科科技,,CNY
28.71,31.27,28.64,31.27,9658528.0,001207.SZ,2026-03-11,联科科技,,CNY
31.7,34.33,31.65,32.45,19158541.0,001207.SZ,2026-03-12,联科科技,,CNY
32.1,32.61,30.65,30.94,15737274.0,001207.SZ,2026-03-13,联科科技,,CNY
31.2,31.25,29.11,29.44,14364971.0,001207.SZ,2026-03-16,联科科技,,CNY
29.34,29.64,28.47,28.47,8091707.0,001207.SZ,2026-03-17,联科科技,,CNY
28.55,29.28,28.38,29.27,6659699.0,001207.SZ,2026-03-18,联科科技,,CNY
28.8,30.3,28.67,30.03,11002438.0,001207.SZ,2026-03-19,联科科技,,CNY
30.01,30.02,28.34,28.38,8076797.0,001207.SZ,2026-03-20,联科科技,,CNY
27.8,28.88,27.5,27.68,6403143.0,001207.SZ,2026-03-23,联科科技,,CNY
28.23,28.67,28.08,28.58,5457298.0,001207.SZ,2026-03-24,联科科技,,CNY
28.65,29.5,28.58,29.33,5681120.0,001207.SZ,2026-03-25,联科科技,,CNY
29.33,29.88,29.05,29.66,6099238.0,001207.SZ,2026-03-26,联科科技,,CNY
29.37,30.92,29.22,30.86,8382278.0,001207.SZ,2026-03-27,联科科技,,CNY
30.28,31.2,29.75,31.16,6248502.0,001207.SZ,2026-03-30,联科科技,,CNY
31.49,31.49,29.63,29.65,7321757.0,001207.SZ,2026-03-31,联科科技,,CNY
30.5,30.69,29.88,30.51,5092300.0,001207.SZ,2026-04-01,联科科技,,CNY
30.3,30.83,29.92,30.1,4230204.0,001207.SZ,2026-04-02,联科科技,,CNY
29.95,30.15,29.5,29.66,3670750.0,001207.SZ,2026-04-03,联科科技,,CNY
29.51,29.94,29.17,29.6,4509835.0,001207.SZ,2026-04-07,联科科技,,CNY
21.01,21.59,20.81,21.59,9964324.0,001207.SZ,2026-04-08,联科科技,,CNY
21.33,21.55,21.03,21.21,6088047.0,001207.SZ,2026-04-09,联科科技,,CNY
21.21,21.62,21.01,21.04,5744621.0,001207.SZ,2026-04-10,联科科技,,CNY
20.68,20.96,20.05,20.35,7077020.0,001207.SZ,2026-04-13,联科科技,,CNY
20.38,20.5,19.35,19.79,11192516.0,001207.SZ,2026-04-14,联科科技,,CNY
19.83,19.92,19.55,19.73,4436845.0,001207.SZ,2026-04-15,联科科技,,CNY
19.73,20.15,19.53,20.1,6513509.0,001207.SZ,2026-04-16,联科科技,,CNY
20.02,20.19,19.6,19.64,5504926.0,001207.SZ,2026-04-17,联科科技,,CNY
19.51,19.67,19.21,19.65,4170564.0,001207.SZ,2026-04-20,联科科技,,CNY
18.9,18.9,17.69,17.9,15813144.0,001207.SZ,2026-04-21,联科科技,,CNY
17.9,17.96,17.62,17.96,6401429.0,001207.SZ,2026-04-22,联科科技,,CNY
18.0,18.01,17.15,17.56,8129907.0,001207.SZ,2026-04-23,联科科技,,CNY
17.48,17.79,17.27,17.65,4882008.0,001207.SZ,2026-04-24,联科科技,,CNY
17.6,17.77,17.37,17.72,3819202.0,001207.SZ,2026-04-27,联科科技,,CNY
18.0,19.1,17.62,18.45,10569700.0,001207.SZ,2026-04-28,联科科技,,CNY
18.23,18.5,18.09,18.17,7047715.0,001207.SZ,2026-04-29,联科科技,,CNY
18.17,18.46,18.09,18.37,3872874.0,001207.SZ,2026-04-30,联科科技,,CNY
17.11,17.49,16.66,17.05,13657198.0,001205.SZ,2026-03-02,盛航股份,,CNY
17.06,18.41,17.06,17.98,27053651.0,001205.SZ,2026-03-03,盛航股份,,CNY
17.21,17.26,16.18,16.18,18490225.0,001205.SZ,2026-03-04,盛航股份,,CNY
16.0,16.23,15.6,15.66,13309654.0,001205.SZ,2026-03-05,盛航股份,,CNY
15.6,16.07,15.5,16.06,7217915.0,001205.SZ,2026-03-06,盛航股份,,CNY
16.11,16.27,15.58,15.68,9803720.0,001205.SZ,2026-03-09,盛航股份,,CNY
15.61,15.87,15.61,15.77,5671095.0,001205.SZ,2026-03-10,盛航股份,,CNY
15.77,15.78,15.51,15.56,5549816.0,001205.SZ,2026-03-11,盛航股份,,CNY
15.58,15.68,15.5,15.6,4163783.0,001205.SZ,2026-03-12,盛航股份,,CNY
15.58,15.64,15.47,15.49,4034197.0,001205.SZ,2026-03-13,盛航股份,,CNY
15.56,15.7,15.45,15.62,3888840.0,001205.SZ,2026-03-16,盛航股份,,CNY
15.6,15.64,15.26,15.3,4122015.0,001205.SZ,2026-03-17,盛航股份,,CNY
15.28,15.38,15.14,15.34,2674720.0,001205.SZ,2026-03-18,盛航股份,,CNY
15.29,15.32,14.87,14.92,4085850.0,001205.SZ,2026-03-19,盛航股份,,CNY
14.91,15.09,14.52,14.52,3137025.0,001205.SZ,2026-03-20,盛航股份,,CNY
14.49,14.49,13.9,13.91,4593314.0,001205.SZ,2026-03-23,盛航股份,,CNY
14.17,14.24,13.81,14.12,3824384.0,001205.SZ,2026-03-24,盛航股份,,CNY
14.15,14.8,14.09,14.55,5417211.0,001205.SZ,2026-03-25,盛航股份,,CNY
14.54,14.66,14.19,14.26,3732395.0,001205.SZ,2026-03-26,盛航股份,,CNY
14.25,14.56,14.12,14.43,2650760.0,001205.SZ,2026-03-27,盛航股份,,CNY
14.36,14.48,14.13,14.38,1995800.0,001205.SZ,2026-03-30,盛航股份,,CNY
14.38,14.53,14.21,14.22,2447500.0,001205.SZ,2026-03-31,盛航股份,,CNY
14.47,14.63,14.38,14.61,3308720.0,001205.SZ,2026-04-01,盛航股份,,CNY
14.61,14.97,14.47,14.61,3642000.0,001205.SZ,2026-04-02,盛航股份,,CNY
14.71,14.75,14.12,14.16,2889200.0,001205.SZ,2026-04-03,盛航股份,,CNY
14.22,14.48,14.06,14.41,2570165.0,001205.SZ,2026-04-07,盛航股份,,CNY
14.61,14.77,14.55,14.69,3708800.0,001205.SZ,2026-04-08,盛航股份,,CNY
14.66,14.66,14.33,14.36,2414000.0,001205.SZ,2026-04-09,盛航股份,,CNY
14.48,14.55,14.36,14.38,2231400.0,001205.SZ,2026-04-10,盛航股份,,CNY
14.43,14.43,14.15,14.3,2486700.0,001205.SZ,2026-04-13,盛航股份,,CNY
14.36,14.4,14.24,14.38,1819460.0,001205.SZ,2026-04-14,盛航股份,,CNY
14.43,14.49,14.28,14.31,1792160.0,001205.SZ,2026-04-15,盛航股份,,CNY
14.34,14.53,14.28,14.5,2086600.0,001205.SZ,2026-04-16,盛航股份,,CNY
14.69,14.82,14.65,14.69,5053700.0,001205.SZ,2026-04-17,盛航股份,,CNY
14.88,14.94,14.55,14.63,5069509.0,001205.SZ,2026-04-20,盛航股份,,CNY
14.71,14.74,14.61,14.66,3021540.0,001205.SZ,2026-04-21,盛航股份,,CNY
14.66,14.8,14.64,14.75,3085040.0,001205.SZ,2026-04-22,盛航股份,,CNY
14.75,14.75,14.43,14.46,3413300.0,001205.SZ,2026-04-23,盛航股份,,CNY
14.45,14.69,14.25,14.6,2925020.0,001205.SZ,2026-04-24,盛航股份,,CNY
14.6,14.86,14.37,14.8,3346200.0,001205.SZ,2026-04-27,盛航股份,,CNY
14.75,14.93,14.73,14.92,3203400.0,001205.SZ,2026-04-28,盛航股份,,CNY
14.93,15.19,14.85,15.12,3531710.0,001205.SZ,2026-04-29,盛航股份,,CNY
15.12,15.18,14.95,15.12,3478400.0,001205.SZ,2026-04-30,盛航股份,,CNY
23.39,23.42,22.57,22.75,4456680.0,001206.SZ,2026-03-02,依依股份,,CNY
22.89,23.3,22.34,22.41,4725279.0,001206.SZ,2026-03-03,依依股份,,CNY
22.32,22.51,22.0,22.18,2911099.0,001206.SZ,2026-03-04,依依股份,,CNY
22.43,22.83,22.38,22.57,3997450.0,001206.SZ,2026-03-05,依依股份,,CNY
22.5,22.8,22.42,22.7,2505122.0,001206.SZ,2026-03-06,依依股份,,CNY
22.5,22.73,22.26,22.39,2040916.0,001206.SZ,2026-03-09,依依股份,,CNY
22.45,23.08,22.45,22.97,3363768.0,001206.SZ,2026-03-10,依依股份,,CNY
23.1,23.33,22.7,22.76,2950459.0,001206.SZ,2026-03-11,依依股份,,CNY
22.74,22.83,22.24,22.25,2971496.0,001206.SZ,2026-03-12,依依股份,,CNY
22.18,22.72,22.15,22.34,3215736.0,001206.SZ,2026-03-13,依依股份,,CNY
22.3,22.55,22.15,22.37,1600100.0,001206.SZ,2026-03-16,依依股份,,CNY
22.39,23.0,22.32,22.37,3380800.0,001206.SZ,2026-03-17,依依股份,,CNY
22.35,22.6,21.9,22.12,3408884.0,001206.SZ,2026-03-18,依依股份,,CNY
21.99,22.16,21.5,21.62,2931853.0,001206.SZ,2026-03-19,依依股份,,CNY
21.77,21.81,21.09,21.12,2882188.0,001206.SZ,2026-03-20,依依股份,,CNY
20.81,20.81,19.77,19.91,3976056.0,001206.SZ,2026-03-23,依依股份,,CNY
20.3,20.81,20.12,20.75,4127608.0,001206.SZ,2026-03-24,依依股份,,CNY
20.89,21.16,20.74,21.01,2317480.0,001206.SZ,2026-03-25,依依股份,,CNY
21.08,21.49,20.64,20.75,2521588.0,001206.SZ,2026-03-26,依依股份,,CNY
20.51,21.34,20.46,21.18,2121558.0,001206.SZ,2026-03-27,依依股份,,CNY
21.03,21.51,20.99,21.14,2144700.0,001206.SZ,2026-03-30,依依股份,,CNY
21.16,21.46,20.83,20.84,2072433.0,001206.SZ,2026-03-31,依依股份,,CNY
21.15,21.49,21.0,21.34,3213588.0,001206.SZ,2026-04-01,依依股份,,CNY
21.34,21.38,20.87,21.07,2161280.0,001206.SZ,2026-04-02,依依股份,,CNY
21.13,21.16,20.42,20.45,2466656.0,001206.SZ,2026-04-03,依依股份,,CNY
20.54,20.81,20.38,20.74,2290448.0,001206.SZ,2026-04-07,依依股份,,CNY
21.13,21.3,20.96,21.3,2733496.0,001206.SZ,2026-04-08,依依股份,,CNY
21.28,21.29,20.69,20.76,2472807.0,001206.SZ,2026-04-09,依依股份,,CNY
21.0,21.33,20.82,21.12,2697868.0,001206.SZ,2026-04-10,依依股份,,CNY
21.3,21.49,20.89,20.96,2839776.0,001206.SZ,2026-04-13,依依股份,,CNY
21.16,21.16,20.82,21.06,1666068.0,001206.SZ,2026-04-14,依依股份,,CNY
21.17,21.68,20.98,21.53,5349692.0,001206.SZ,2026-04-15,依依股份,,CNY
21.5,21.94,21.26,21.64,4806800.0,001206.SZ,2026-04-16,依依股份,,CNY
21.32,21.45,20.06,20.16,9677055.0,001206.SZ,2026-04-17,依依股份,,CNY
20.26,20.48,19.92,20.3,4214629.0,001206.SZ,2026-04-20,依依股份,,CNY
20.4,20.79,20.26,20.44,3585598.0,001206.SZ,2026-04-21,依依股份,,CNY
20.49,20.49,20.06,20.07,2780660.0,001206.SZ,2026-04-22,依依股份,,CNY
20.0,20.15,19.5,19.65,3314492.0,001206.SZ,2026-04-23,依依股份,,CNY
19.3,19.3,18.5,18.98,4586550.0,001206.SZ,2026-04-24,依依股份,,CNY
19.0,19.38,18.74,19.3,3265858.0,001206.SZ,2026-04-27,依依股份,,CNY
19.28,19.4,18.89,19.02,2361368.0,001206.SZ,2026-04-28,依依股份,,CNY
19.0,19.38,18.9,19.16,2511032.0,001206.SZ,2026-04-29,依依股份,,CNY
19.18,19.26,18.87,18.94,2262348.0,001206.SZ,2026-04-30,依依股份,,CNY
34.09,34.99,29.27,29.27,25968999.0,001209.SZ,2026-03-02,洪兴股份,,CNY
27.08,30.92,26.34,26.34,27496347.0,001209.SZ,2026-03-03,洪兴股份,,CNY
23.71,24.0,23.71,23.71,9705300.0,001209.SZ,2026-03-04,洪兴股份,,CNY
22.37,22.5,21.34,21.49,18745481.0,001209.SZ,2026-03-05,洪兴股份,,CNY
21.28,21.37,20.87,21.24,9793946.0,001209.SZ,2026-03-06,洪兴股份,,CNY
20.81,20.93,20.4,20.86,8673241.0,001209.SZ,2026-03-09,洪兴股份,,CNY
21.0,21.31,20.85,21.24,6692965.0,001209.SZ,2026-03-10,洪兴股份,,CNY
21.2,21.31,20.88,20.92,5778184.0,001209.SZ,2026-03-11,洪兴股份,,CNY
20.93,20.93,20.51,20.56,4819225.0,001209.SZ,2026-03-12,洪兴股份,,CNY
20.45,20.83,20.42,20.55,4012900.0,001209.SZ,2026-03-13,洪兴股份,,CNY
20.53,20.81,20.41,20.81,3684340.0,001209.SZ,2026-03-16,洪兴股份,,CNY
20.85,20.98,20.45,20.45,3595900.0,001209.SZ,2026-03-17,洪兴股份,,CNY
20.47,20.84,20.19,20.75,3626960.0,001209.SZ,2026-03-18,洪兴股份,,CNY
20.58,20.99,20.06,20.2,3568000.0,001209.SZ,2026-03-19,洪兴股份,,CNY
20.25,20.46,19.93,19.93,3653100.0,001209.SZ,2026-03-20,洪兴股份,,CNY
19.38,19.73,18.55,18.85,4557406.0,001209.SZ,2026-03-23,洪兴股份,,CNY
19.2,19.85,18.85,19.78,4959199.0,001209.SZ,2026-03-24,洪兴股份,,CNY
19.78,20.39,19.7,20.28,3622200.0,001209.SZ,2026-03-25,洪兴股份,,CNY
20.28,20.54,20.01,20.15,2749700.0,001209.SZ,2026-03-26,洪兴股份,,CNY
20.01,20.79,19.91,20.55,3617900.0,001209.SZ,2026-03-27,洪兴股份,,CNY
20.26,20.95,20.2,20.92,3760040.0,001209.SZ,2026-03-30,洪兴股份,,CNY
20.82,21.11,20.52,20.58,3543800.0,001209.SZ,2026-03-31,洪兴股份,,CNY
20.84,20.96,20.44,20.63,2546200.0,001209.SZ,2026-04-01,洪兴股份,,CNY
20.61,20.65,20.15,20.31,2283700.0,001209.SZ,2026-04-02,洪兴股份,,CNY
20.39,20.39,19.39,19.5,2659901.0,001209.SZ,2026-04-03,洪兴股份,,CNY
19.61,20.19,19.5,20.13,2702380.0,001209.SZ,2026-04-07,洪兴股份,,CNY
20.34,20.84,20.3,20.68,2879680.0,001209.SZ,2026-04-08,洪兴股份,,CNY
20.71,20.72,20.26,20.38,1730280.0,001209.SZ,2026-04-09,洪兴股份,,CNY
20.6,20.86,20.47,20.63,2332100.0,001209.SZ,2026-04-10,洪兴股份,,CNY
20.54,20.65,20.42,20.59,1358000.0,001209.SZ,2026-04-13,洪兴股份,,CNY
20.68,20.71,20.2,20.44,1624500.0,001209.SZ,2026-04-14,洪兴股份,,CNY
20.44,20.46,20.07,20.15,1462420.0,001209.SZ,2026-04-15,洪兴股份,,CNY
20.25,20.76,20.03,20.68,2433740.0,001209.SZ,2026-04-16,洪兴股份,,CNY
20.68,20.71,20.22,20.45,1547000.0,001209.SZ,2026-04-17,洪兴股份,,CNY
20.45,20.68,20.21,20.62,1550800.0,001209.SZ,2026-04-20,洪兴股份,,CNY
20.66,20.85,20.47,20.82,2454820.0,001209.SZ,2026-04-21,洪兴股份,,CNY
20.76,20.76,20.41,20.69,2194100.0,001209.SZ,2026-04-22,洪兴股份,,CNY
20.73,20.73,20.42,20.55,1934860.0,001209.SZ,2026-04-23,洪兴股份,,CNY
20.52,20.8,20.25,20.77,2576100.0,001209.SZ,2026-04-24,洪兴股份,,CNY
20.78,20.93,20.32,20.88,3039278.0,001209.SZ,2026-04-27,洪兴股份,,CNY
20.74,21.03,20.61,20.85,2537600.0,001209.SZ,2026-04-28,洪兴股份,,CNY
21.17,22.04,21.02,21.8,8179200.0,001209.SZ,2026-04-29,洪兴股份,,CNY
21.96,22.55,21.76,22.02,8108000.0,001209.SZ,2026-04-30,洪兴股份,,CNY
28.5,28.9,27.43,27.96,2644300.0,001211.SZ,2026-03-02,双枪科技,,CNY
28.14,28.27,27.11,27.15,2052100.0,001211.SZ,2026-03-03,双枪科技,,CNY
27.03,27.35,26.66,27.0,1604550.0,001211.SZ,2026-03-04,双枪科技,,CNY
27.38,27.81,27.01,27.22,1440994.0,001211.SZ,2026-03-05,双枪科技,,CNY
27.29,28.82,26.7,28.56,2197200.0,001211.SZ,2026-03-06,双枪科技,,CNY
28.26,28.92,27.83,28.32,1763602.0,001211.SZ,2026-03-09,双枪科技,,CNY
28.52,29.2,28.52,29.18,1429060.0,001211.SZ,2026-03-10,双枪科技,,CNY
29.18,29.57,28.85,29.05,1149300.0,001211.SZ,2026-03-11,双枪科技,,CNY
29.05,29.15,28.29,28.45,1150100.0,001211.SZ,2026-03-12,双枪科技,,CNY
28.27,29.18,28.27,28.72,1004200.0,001211.SZ,2026-03-13,双枪科技,,CNY
28.58,28.89,27.9,28.19,1477100.0,001211.SZ,2026-03-16,双枪科技,,CNY
28.28,28.45,27.34,27.42,1358800.0,001211.SZ,2026-03-17,双枪科技,,CNY
27.42,27.99,27.07,27.87,1404800.0,001211.SZ,2026-03-18,双枪科技,,CNY
27.67,27.87,27.08,27.2,1722600.0,001211.SZ,2026-03-19,双枪科技,,CNY
27.41,27.53,26.4,27.21,2722700.0,001211.SZ,2026-03-20,双枪科技,,CNY
26.5,26.92,24.99,25.28,4135903.0,001211.SZ,2026-03-23,双枪科技,,CNY
25.98,26.9,25.28,26.87,3209200.0,001211.SZ,2026-03-24,双枪科技,,CNY
27.0,27.47,26.7,26.93,2020800.0,001211.SZ,2026-03-25,双枪科技,,CNY
27.1,27.9,26.9,27.7,3867300.0,001211.SZ,2026-03-26,双枪科技,,CNY
27.6,29.16,27.44,28.52,3866550.0,001211.SZ,2026-03-27,双枪科技,,CNY
28.52,29.06,28.0,28.73,2075400.0,001211.SZ,2026-03-30,双枪科技,,CNY
28.73,28.95,27.68,27.82,2021800.0,001211.SZ,2026-03-31,双枪科技,,CNY
28.15,28.7,27.4,27.7,1400900.0,001211.SZ,2026-04-01,双枪科技,,CNY
27.7,27.94,26.71,27.2,1665800.0,001211.SZ,2026-04-02,双枪科技,,CNY
27.35,28.48,26.95,28.01,4619060.0,001211.SZ,2026-04-03,双枪科技,,CNY
28.01,28.71,27.8,28.52,3092500.0,001211.SZ,2026-04-07,双枪科技,,CNY
29.0,29.0,27.92,28.25,3212700.0,001211.SZ,2026-04-08,双枪科技,,CNY
28.1,28.63,27.43,27.89,3058300.0,001211.SZ,2026-04-09,双枪科技,,CNY
28.1,30.68,27.89,30.68,11137289.0,001211.SZ,2026-04-10,双枪科技,,CNY
30.06,31.75,29.6,31.68,9749354.0,001211.SZ,2026-04-13,双枪科技,,CNY
31.99,32.74,31.0,31.1,7466104.0,001211.SZ,2026-04-14,双枪科技,,CNY
31.21,31.6,30.68,30.95,3866500.0,001211.SZ,2026-04-15,双枪科技,,CNY
30.95,31.91,30.2,31.76,4777566.0,001211.SZ,2026-04-16,双枪科技,,CNY
31.98,33.22,31.5,31.8,6425003.0,001211.SZ,2026-04-17,双枪科技,,CNY
31.32,32.39,31.32,32.06,4556600.0,001211.SZ,2026-04-20,双枪科技,,CNY
32.0,32.22,30.92,31.37,4492400.0,001211.SZ,2026-04-21,双枪科技,,CNY
31.33,32.32,31.32,31.97,3991369.0,001211.SZ,2026-04-22,双枪科技,,CNY
32.09,32.18,31.18,31.41,2625700.0,001211.SZ,2026-04-23,双枪科技,,CNY
30.85,34.55,30.25,34.55,5933402.0,001211.SZ,2026-04-24,双枪科技,,CNY
35.0,38.01,34.42,38.01,11524604.0,001211.SZ,2026-04-27,双枪科技,,CNY
37.37,40.55,37.33,40.0,14183038.0,001211.SZ,2026-04-28,双枪科技,,CNY
39.99,41.29,39.01,40.5,8975905.0,001211.SZ,2026-04-29,双枪科技,,CNY
40.71,42.52,40.5,41.73,6126240.0,001211.SZ,2026-04-30,双枪科技,,CNY
23.1,23.8,22.59,22.69,3539244.0,001210.SZ,2026-03-02,金房能源,,CNY
22.78,23.38,22.38,22.4,3445871.0,001210.SZ,2026-03-03,金房能源,,CNY
22.2,23.28,21.9,22.86,3436276.0,001210.SZ,2026-03-04,金房能源,,CNY
23.1,23.56,22.53,22.65,2465159.0,001210.SZ,2026-03-05,金房能源,,CNY
22.65,23.13,22.33,22.5,3196822.0,001210.SZ,2026-03-06,金房能源,,CNY
22.5,23.2,22.4,23.07,4374836.0,001210.SZ,2026-03-09,金房能源,,CNY
23.07,23.44,22.89,23.3,3330522.0,001210.SZ,2026-03-10,金房能源,,CNY
23.31,23.57,22.95,23.18,4014235.0,001210.SZ,2026-03-11,金房能源,,CNY
23.18,23.27,22.63,22.73,2127835.0,001210.SZ,2026-03-12,金房能源,,CNY
22.67,23.38,22.67,22.93,3552280.0,001210.SZ,2026-03-13,金房能源,,CNY
22.9,24.06,22.86,23.49,4037874.0,001210.SZ,2026-03-16,金房能源,,CNY
23.16,23.26,21.14,21.14,12779018.0,001210.SZ,2026-03-17,金房能源,,CNY
20.85,21.73,20.52,21.67,8571616.0,001210.SZ,2026-03-18,金房能源,,CNY
21.2,21.63,21.0,21.1,4792964.0,001210.SZ,2026-03-19,金房能源,,CNY
21.21,21.55,20.84,20.92,3507433.0,001210.SZ,2026-03-20,金房能源,,CNY
20.7,20.9,19.91,20.12,4348950.0,001210.SZ,2026-03-23,金房能源,,CNY
20.52,21.04,20.13,21.01,3617655.0,001210.SZ,2026-03-24,金房能源,,CNY
20.99,21.48,20.91,21.27,3403985.0,001210.SZ,2026-03-25,金房能源,,CNY
21.24,21.47,21.06,21.27,2489148.0,001210.SZ,2026-03-26,金房能源,,CNY
21.01,21.73,21.01,21.69,3476271.0,001210.SZ,2026-03-27,金房能源,,CNY
21.69,21.79,21.3,21.48,2680830.0,001210.SZ,2026-03-30,金房能源,,CNY
21.42,21.64,20.77,20.82,2480849.0,001210.SZ,2026-03-31,金房能源,,CNY
21.1,21.48,21.02,21.34,3050803.0,001210.SZ,2026-04-01,金房能源,,CNY
21.36,21.47,20.95,21.1,1692262.0,001210.SZ,2026-04-02,金房能源,,CNY
21.11,21.11,20.23,20.35,1784877.0,001210.SZ,2026-04-03,金房能源,,CNY
20.3,21.1,20.1,20.73,2559300.0,001210.SZ,2026-04-07,金房能源,,CNY
20.98,21.28,20.95,21.26,2283720.0,001210.SZ,2026-04-08,金房能源,,CNY
21.19,21.36,21.07,21.08,1781946.0,001210.SZ,2026-04-09,金房能源,,CNY
21.15,21.4,21.01,21.1,2162100.0,001210.SZ,2026-04-10,金房能源,,CNY
21.15,21.25,20.85,20.94,1919852.0,001210.SZ,2026-04-13,金房能源,,CNY
20.96,21.03,20.64,21.01,2139660.0,001210.SZ,2026-04-14,金房能源,,CNY
21.03,21.29,20.88,21.08,2475082.0,001210.SZ,2026-04-15,金房能源,,CNY
21.23,21.63,20.96,21.59,2977456.0,001210.SZ,2026-04-16,金房能源,,CNY
21.6,21.67,21.14,21.29,2151320.0,001210.SZ,2026-04-17,金房能源,,CNY
21.3,21.3,20.68,21.25,2669646.0,001210.SZ,2026-04-20,金房能源,,CNY
21.2,21.37,21.06,21.2,1792052.0,001210.SZ,2026-04-21,金房能源,,CNY
21.15,21.18,20.86,21.02,1764894.0,001210.SZ,2026-04-22,金房能源,,CNY
20.98,21.01,20.68,20.8,1807911.0,001210.SZ,2026-04-23,金房能源,,CNY
20.67,20.85,20.4,20.61,2193673.0,001210.SZ,2026-04-24,金房能源,,CNY
20.45,20.46,19.0,20.18,6413470.0,001210.SZ,2026-04-27,金房能源,,CNY
20.01,20.85,19.99,20.73,4329959.0,001210.SZ,2026-04-28,金房能源,,CNY
20.58,21.49,20.58,21.23,3866983.0,001210.SZ,2026-04-29,金房能源,,CNY
21.17,21.45,21.0,21.35,2640030.0,001210.SZ,2026-04-30,金房能源,,CNY
20.27,21.3,19.58,20.14,21679900.0,001216.SZ,2026-03-02,华瓷股份,,CNY
20.03,20.2,18.76,18.86,14614700.0,001216.SZ,2026-03-03,华瓷股份,,CNY
18.68,20.15,18.49,19.5,15441100.0,001216.SZ,2026-03-04,华瓷股份,,CNY
19.83,19.83,18.98,19.08,10104200.0,001216.SZ,2026-03-05,华瓷股份,,CNY
19.09,20.99,19.0,20.99,15096563.0,001216.SZ,2026-03-06,华瓷股份,,CNY
20.99,21.18,20.24,20.54,15788103.0,001216.SZ,2026-03-09,华瓷股份,,CNY
20.58,22.14,20.35,21.78,23916100.0,001216.SZ,2026-03-10,华瓷股份,,CNY
21.57,22.59,20.9,22.01,18552702.0,001216.SZ,2026-03-11,华瓷股份,,CNY
21.51,21.73,20.6,21.35,12737641.0,001216.SZ,2026-03-12,华瓷股份,,CNY
21.0,21.1,20.32,20.51,7977402.0,001216.SZ,2026-03-13,华瓷股份,,CNY
20.3,21.0,19.98,20.99,6621202.0,001216.SZ,2026-03-16,华瓷股份,,CNY
20.79,20.89,19.93,19.93,6014780.0,001216.SZ,2026-03-17,华瓷股份,,CNY
20.0,20.63,19.01,20.48,9288491.0,001216.SZ,2026-03-18,华瓷股份,,CNY
20.0,20.04,19.0,19.53,6038142.0,001216.SZ,2026-03-19,华瓷股份,,CNY
19.43,19.82,18.22,18.24,8119000.0,001216.SZ,2026-03-20,华瓷股份,,CNY
17.57,17.78,16.42,16.42,10016410.0,001216.SZ,2026-03-23,华瓷股份,,CNY
16.85,17.2,16.29,17.1,7992902.0,001216.SZ,2026-03-24,华瓷股份,,CNY
17.14,17.64,17.0,17.48,5950020.0,001216.SZ,2026-03-25,华瓷股份,,CNY
17.48,17.7,17.02,17.14,4698000.0,001216.SZ,2026-03-26,华瓷股份,,CNY
16.9,17.5,16.82,17.39,3654100.0,001216.SZ,2026-03-27,华瓷股份,,CNY
17.25,17.7,17.09,17.59,3914700.0,001216.SZ,2026-03-30,华瓷股份,,CNY
17.7,18.05,17.43,17.44,4008300.0,001216.SZ,2026-03-31,华瓷股份,,CNY
17.8,18.75,17.6,18.28,8189400.0,001216.SZ,2026-04-01,华瓷股份,,CNY
18.24,19.98,18.22,19.44,13619300.0,001216.SZ,2026-04-02,华瓷股份,,CNY
19.3,19.63,18.46,19.12,8914610.0,001216.SZ,2026-04-03,华瓷股份,,CNY
19.0,19.22,18.77,18.96,4424800.0,001216.SZ,2026-04-07,华瓷股份,,CNY
19.0,19.5,18.97,19.46,6841000.0,001216.SZ,2026-04-08,华瓷股份,,CNY
19.15,19.38,18.95,19.22,3993000.0,001216.SZ,2026-04-09,华瓷股份,,CNY
19.31,19.64,19.1,19.26,4389400.0,001216.SZ,2026-04-10,华瓷股份,,CNY
19.26,19.37,18.83,18.98,4405000.0,001216.SZ,2026-04-13,华瓷股份,,CNY
19.19,19.7,18.97,19.21,4517300.0,001216.SZ,2026-04-14,华瓷股份,,CNY
19.19,19.19,18.79,18.87,3307100.0,001216.SZ,2026-04-15,华瓷股份,,CNY
19.07,19.11,18.68,19.02,3366300.0,001216.SZ,2026-04-16,华瓷股份,,CNY
19.0,19.06,18.7,18.74,3100360.0,001216.SZ,2026-04-17,华瓷股份,,CNY
18.8,18.99,18.59,18.82,4534241.0,001216.SZ,2026-04-20,华瓷股份,,CNY
18.99,19.4,18.82,19.06,5412970.0,001216.SZ,2026-04-21,华瓷股份,,CNY
19.17,19.2,18.71,18.81,4177800.0,001216.SZ,2026-04-22,华瓷股份,,CNY
18.7,18.8,18.31,18.38,4389543.0,001216.SZ,2026-04-23,华瓷股份,,CNY
18.34,18.63,18.29,18.47,2585700.0,001216.SZ,2026-04-24,华瓷股份,,CNY
18.73,18.73,18.02,18.49,3584542.0,001216.SZ,2026-04-27,华瓷股份,,CNY
18.48,18.48,18.05,18.14,2869100.0,001216.SZ,2026-04-28,华瓷股份,,CNY
18.09,18.09,17.55,17.72,4079300.0,001216.SZ,2026-04-29,华瓷股份,,CNY
17.75,18.58,17.63,18.27,5556500.0,001216.SZ,2026-04-30,华瓷股份,,CNY
14.57,14.64,13.69,13.8,14432500.0,001217.SZ,2026-03-02,华尔泰,,CNY
14.01,14.03,12.98,13.05,14048500.0,001217.SZ,2026-03-03,华尔泰,,CNY
12.8,13.71,12.73,13.46,15409900.0,001217.SZ,2026-03-04,华尔泰,,CNY
13.71,13.79,13.03,13.13,10869700.0,001217.SZ,2026-03-05,华尔泰,,CNY
13.03,13.48,12.99,13.44,9230400.0,001217.SZ,2026-03-06,华尔泰,,CNY
13.5,13.62,13.05,13.2,9019300.0,001217.SZ,2026-03-09,华尔泰,,CNY
13.22,13.4,13.08,13.15,8495500.0,001217.SZ,2026-03-10,华尔泰,,CNY
13.15,14.24,12.98,14.01,25988500.0,001217.SZ,2026-03-11,华尔泰,,CNY
13.9,13.9,13.32,13.46,24629400.0,001217.SZ,2026-03-12,华尔泰,,CNY
13.4,13.87,13.4,13.41,20161300.0,001217.SZ,2026-03-13,华尔泰,,CNY
13.44,13.71,13.05,13.17,15961600.0,001217.SZ,2026-03-16,华尔泰,,CNY
13.17,13.43,12.88,12.89,11806100.0,001217.SZ,2026-03-17,华尔泰,,CNY
12.98,13.08,12.77,13.05,7370000.0,001217.SZ,2026-03-18,华尔泰,,CNY
12.93,13.1,12.5,12.53,8807000.0,001217.SZ,2026-03-19,华尔泰,,CNY
12.54,12.63,12.09,12.12,8384700.0,001217.SZ,2026-03-20,华尔泰,,CNY
12.0,12.01,11.27,11.33,9006900.0,001217.SZ,2026-03-23,华尔泰,,CNY
11.55,11.77,11.3,11.74,6947500.0,001217.SZ,2026-03-24,华尔泰,,CNY
11.75,12.05,11.61,12.01,5898110.0,001217.SZ,2026-03-25,华尔泰,,CNY
11.99,12.25,11.72,11.86,4724400.0,001217.SZ,2026-03-26,华尔泰,,CNY
11.72,12.26,11.72,12.2,5666100.0,001217.SZ,2026-03-27,华尔泰,,CNY
12.1,12.4,12.06,12.32,5252810.0,001217.SZ,2026-03-30,华尔泰,,CNY
12.3,12.36,11.95,11.98,4894700.0,001217.SZ,2026-03-31,华尔泰,,CNY
12.11,12.2,11.96,12.03,3967200.0,001217.SZ,2026-04-01,华尔泰,,CNY
12.1,12.1,11.76,11.84,3296738.0,001217.SZ,2026-04-02,华尔泰,,CNY
11.9,11.9,11.35,11.38,4038200.0,001217.SZ,2026-04-03,华尔泰,,CNY
11.38,11.86,11.38,11.85,4680700.0,001217.SZ,2026-04-07,华尔泰,,CNY
11.93,12.01,11.84,12.0,5086400.0,001217.SZ,2026-04-08,华尔泰,,CNY
12.01,12.02,11.77,11.85,3652100.0,001217.SZ,2026-04-09,华尔泰,,CNY
11.93,12.02,11.82,11.84,3385610.0,001217.SZ,2026-04-10,华尔泰,,CNY
11.85,11.85,11.66,11.81,2956700.0,001217.SZ,2026-04-13,华尔泰,,CNY
11.7,11.78,11.32,11.44,7601500.0,001217.SZ,2026-04-14,华尔泰,,CNY
11.49,11.5,11.34,11.34,3396800.0,001217.SZ,2026-04-15,华尔泰,,CNY
11.37,11.64,11.29,11.62,5475900.0,001217.SZ,2026-04-16,华尔泰,,CNY
11.61,11.8,11.4,11.72,4945400.0,001217.SZ,2026-04-17,华尔泰,,CNY
11.72,12.1,11.62,11.88,5337600.0,001217.SZ,2026-04-20,华尔泰,,CNY
11.89,11.91,11.68,11.87,3618100.0,001217.SZ,2026-04-21,华尔泰,,CNY
11.86,12.09,11.76,12.02,5422400.0,001217.SZ,2026-04-22,华尔泰,,CNY
12.02,12.3,11.88,11.98,5025700.0,001217.SZ,2026-04-23,华尔泰,,CNY
11.9,12.1,11.82,11.99,4296700.0,001217.SZ,2026-04-24,华尔泰,,CNY
12.0,12.16,11.51,12.1,6748300.0,001217.SZ,2026-04-27,华尔泰,,CNY
12.0,12.09,11.83,11.96,4345100.0,001217.SZ,2026-04-28,华尔泰,,CNY
11.91,12.19,11.86,12.12,3781700.0,001217.SZ,2026-04-29,华尔泰,,CNY
12.08,12.17,11.98,12.02,3795500.0,001217.SZ,2026-04-30,华尔泰,,CNY
26.36,26.39,25.56,25.61,2717260.0,001218.SZ,2026-03-02,丽臣实业,,CNY
25.73,25.83,24.98,25.03,2281548.0,001218.SZ,2026-03-03,丽臣实业,,CNY
24.63,25.35,24.52,24.9,1667820.0,001218.SZ,2026-03-04,丽臣实业,,CNY
25.15,25.49,25.03,25.1,1312348.0,001218.SZ,2026-03-05,丽臣实业,,CNY
25.1,26.36,25.1,26.2,1296573.0,001218.SZ,2026-03-06,丽臣实业,,CNY
25.78,26.01,25.38,25.79,1896004.0,001218.SZ,2026-03-09,丽臣实业,,CNY
25.8,26.21,25.8,26.17,1147300.0,001218.SZ,2026-03-10,丽臣实业,,CNY
26.3,26.8,26.1,26.38,1788064.0,001218.SZ,2026-03-11,丽臣实业,,CNY
26.45,26.5,26.03,26.07,1366280.0,001218.SZ,2026-03-12,丽臣实业,,CNY
26.07,26.5,25.88,26.2,1303020.0,001218.SZ,2026-03-13,丽臣实业,,CNY
26.1,26.5,26.06,26.48,1736924.0,001218.SZ,2026-03-16,丽臣实业,,CNY
26.51,26.58,25.68,25.71,1491224.0,001218.SZ,2026-03-17,丽臣实业,,CNY
25.87,26.45,25.5,26.37,1548582.0,001218.SZ,2026-03-18,丽臣实业,,CNY
27.02,27.87,26.0,26.15,3026533.0,001218.SZ,2026-03-19,丽臣实业,,CNY
26.17,26.58,25.12,25.17,2592777.0,001218.SZ,2026-03-20,丽臣实业,,CNY
24.82,25.09,23.52,23.68,3013820.0,001218.SZ,2026-03-23,丽臣实业,,CNY
24.29,24.68,23.52,24.66,2199540.0,001218.SZ,2026-03-24,丽臣实业,,CNY
24.7,25.12,24.31,24.69,1578624.0,001218.SZ,2026-03-25,丽臣实业,,CNY
24.81,25.05,24.09,24.4,1357180.0,001218.SZ,2026-03-26,丽臣实业,,CNY
24.1,24.7,24.07,24.53,1434500.0,001218.SZ,2026-03-27,丽臣实业,,CNY
24.53,25.18,24.12,25.11,1793060.0,001218.SZ,2026-03-30,丽臣实业,,CNY
25.11,25.2,24.31,24.31,1467180.0,001218.SZ,2026-03-31,丽臣实业,,CNY
24.69,24.87,24.31,24.7,1576200.0,001218.SZ,2026-04-01,丽臣实业,,CNY
24.72,24.82,24.12,24.24,1356400.0,001218.SZ,2026-04-02,丽臣实业,,CNY
24.51,24.51,23.8,23.99,1425450.0,001218.SZ,2026-04-03,丽臣实业,,CNY
23.96,24.79,23.71,24.47,1576520.0,001218.SZ,2026-04-07,丽臣实业,,CNY
24.88,25.15,24.76,25.06,1496420.0,001218.SZ,2026-04-08,丽臣实业,,CNY
25.11,25.48,24.63,24.89,1721488.0,001218.SZ,2026-04-09,丽臣实业,,CNY
24.92,25.47,24.85,25.25,1315900.0,001218.SZ,2026-04-10,丽臣实业,,CNY
25.38,25.49,25.0,25.1,1222600.0,001218.SZ,2026-04-13,丽臣实业,,CNY
25.5,25.5,24.78,25.21,1211780.0,001218.SZ,2026-04-14,丽臣实业,,CNY
25.22,25.33,25.0,25.15,1240960.0,001218.SZ,2026-04-15,丽臣实业,,CNY
25.17,25.55,25.04,25.5,1602880.0,001218.SZ,2026-04-16,丽臣实业,,CNY
25.42,25.6,25.22,25.51,1017600.0,001218.SZ,2026-04-17,丽臣实业,,CNY
25.5,25.65,25.18,25.56,1229088.0,001218.SZ,2026-04-20,丽臣实业,,CNY
25.43,25.7,25.35,25.67,914422.0,001218.SZ,2026-04-21,丽臣实业,,CNY
25.69,25.94,25.51,25.87,1411960.0,001218.SZ,2026-04-22,丽臣实业,,CNY
25.78,25.78,23.76,24.1,3287825.0,001218.SZ,2026-04-23,丽臣实业,,CNY
24.08,24.61,23.74,24.35,2614118.0,001218.SZ,2026-04-24,丽臣实业,,CNY
24.45,24.45,23.71,24.34,2726245.0,001218.SZ,2026-04-27,丽臣实业,,CNY
24.28,24.56,23.91,24.18,2151768.0,001218.SZ,2026-04-28,丽臣实业,,CNY
24.19,25.38,23.96,25.12,2998500.0,001218.SZ,2026-04-29,丽臣实业,,CNY
27.63,27.63,27.63,27.63,2499890.0,001218.SZ,2026-04-30,丽臣实业,,CNY
14.87,15.15,14.66,14.67,4240656.0,001219.SZ,2026-03-02,青岛食品,,CNY
14.77,14.87,14.51,14.51,3803055.0,001219.SZ,2026-03-03,青岛食品,,CNY
14.41,14.55,14.18,14.4,4316740.0,001219.SZ,2026-03-04,青岛食品,,CNY
14.53,14.66,14.36,14.44,3158507.0,001219.SZ,2026-03-05,青岛食品,,CNY
14.45,14.97,14.41,14.94,4483455.0,001219.SZ,2026-03-06,青岛食品,,CNY
14.79,15.09,14.78,14.91,3638729.0,001219.SZ,2026-03-09,青岛食品,,CNY
15.02,15.15,14.85,15.15,3744390.0,001219.SZ,2026-03-10,青岛食品,,CNY
15.2,15.24,15.04,15.16,3351469.0,001219.SZ,2026-03-11,青岛食品,,CNY
15.18,15.18,14.83,14.9,3118163.0,001219.SZ,2026-03-12,青岛食品,,CNY
14.92,15.06,14.81,14.93,2641830.0,001219.SZ,2026-03-13,青岛食品,,CNY
14.93,15.18,14.93,15.08,3745550.0,001219.SZ,2026-03-16,青岛食品,,CNY
15.07,15.17,14.7,14.73,3292211.0,001219.SZ,2026-03-17,青岛食品,,CNY
14.74,14.92,14.6,14.88,3044110.0,001219.SZ,2026-03-18,青岛食品,,CNY
14.78,14.98,14.52,14.59,3301161.0,001219.SZ,2026-03-19,青岛食品,,CNY
14.67,14.76,14.18,14.18,5253638.0,001219.SZ,2026-03-20,青岛食品,,CNY
14.01,14.06,13.11,13.22,8337409.0,001219.SZ,2026-03-23,青岛食品,,CNY
13.47,13.74,13.24,13.72,4105298.0,001219.SZ,2026-03-24,青岛食品,,CNY
13.79,14.02,13.7,13.93,3265620.0,001219.SZ,2026-03-25,青岛食品,,CNY
14.04,14.14,13.82,13.9,3030147.0,001219.SZ,2026-03-26,青岛食品,,CNY
13.89,14.21,13.76,14.18,2973290.0,001219.SZ,2026-03-27,青岛食品,,CNY
14.1,14.45,14.04,14.44,3072978.0,001219.SZ,2026-03-30,青岛食品,,CNY
14.46,15.06,14.36,14.74,6578693.0,001219.SZ,2026-03-31,青岛食品,,CNY
14.86,14.98,14.66,14.86,5764554.0,001219.SZ,2026-04-01,青岛食品,,CNY
14.86,14.99,14.69,14.75,3966567.0,001219.SZ,2026-04-02,青岛食品,,CNY
14.88,14.88,14.25,14.32,3351564.0,001219.SZ,2026-04-03,青岛食品,,CNY
14.3,14.57,14.14,14.4,3682341.0,001219.SZ,2026-04-07,青岛食品,,CNY
14.62,14.87,14.52,14.73,3370086.0,001219.SZ,2026-04-08,青岛食品,,CNY
14.69,14.84,14.44,14.59,2924638.0,001219.SZ,2026-04-09,青岛食品,,CNY
14.73,14.87,14.43,14.65,2317829.0,001219.SZ,2026-04-10,青岛食品,,CNY
14.65,14.69,14.41,14.56,3244288.0,001219.SZ,2026-04-13,青岛食品,,CNY
14.62,14.63,14.38,14.52,2695283.0,001219.SZ,2026-04-14,青岛食品,,CNY
14.56,14.72,14.44,14.67,2564244.0,001219.SZ,2026-04-15,青岛食品,,CNY
14.66,14.93,14.52,14.9,3231942.0,001219.SZ,2026-04-16,青岛食品,,CNY
14.75,14.9,14.54,14.7,3558683.0,001219.SZ,2026-04-17,青岛食品,,CNY
14.7,15.07,14.7,14.96,5186062.0,001219.SZ,2026-04-20,青岛食品,,CNY
14.98,15.07,14.82,14.98,3348864.0,001219.SZ,2026-04-21,青岛食品,,CNY
14.98,15.0,14.84,14.87,2171233.0,001219.SZ,2026-04-22,青岛食品,,CNY
14.86,15.03,14.74,14.89,3366265.0,001219.SZ,2026-04-23,青岛食品,,CNY
14.88,15.73,14.76,15.5,8401694.0,001219.SZ,2026-04-24,青岛食品,,CNY
15.38,15.52,15.07,15.5,6257896.0,001219.SZ,2026-04-27,青岛食品,,CNY
15.46,15.76,15.34,15.62,5822688.0,001219.SZ,2026-04-28,青岛食品,,CNY
15.55,15.74,15.34,15.45,5673245.0,001219.SZ,2026-04-29,青岛食品,,CNY
15.45,16.14,15.4,15.79,9470179.0,001219.SZ,2026-04-30,青岛食品,,CNY
6.38,6.39,6.14,6.16,13385912.0,000419.SZ,2026-03-02,通程控股,,CNY
6.2,6.3,6.13,6.15,10921868.0,000419.SZ,2026-03-03,通程控股,,CNY
6.1,6.15,5.98,6.06,9667457.0,000419.SZ,2026-03-04,通程控股,,CNY
6.11,6.2,6.09,6.12,7269212.0,000419.SZ,2026-03-05,通程控股,,CNY
6.1,6.29,6.08,6.28,9195895.0,000419.SZ,2026-03-06,通程控股,,CNY
6.24,6.32,6.15,6.2,7578200.0,000419.SZ,2026-03-09,通程控股,,CNY
6.24,6.29,6.23,6.28,5449757.0,000419.SZ,2026-03-10,通程控股,,CNY
6.28,6.29,6.22,6.23,4623200.0,000419.SZ,2026-03-11,通程控股,,CNY
6.26,6.29,6.23,6.25,6183704.0,000419.SZ,2026-03-12,通程控股,,CNY
6.26,6.32,6.21,6.22,5799000.0,000419.SZ,2026-03-13,通程控股,,CNY
6.25,6.31,6.22,6.31,7674908.0,000419.SZ,2026-03-16,通程控股,,CNY
6.31,6.35,6.17,6.18,5818012.0,000419.SZ,2026-03-17,通程控股,,CNY
6.19,6.23,6.13,6.22,4854912.0,000419.SZ,2026-03-18,通程控股,,CNY
6.17,6.23,6.04,6.06,5238213.0,000419.SZ,2026-03-19,通程控股,,CNY
6.06,6.11,5.88,5.9,6273846.0,000419.SZ,2026-03-20,通程控股,,CNY
5.84,5.84,5.39,5.47,12380250.0,000419.SZ,2026-03-23,通程控股,,CNY
5.57,5.71,5.47,5.69,9549100.0,000419.SZ,2026-03-24,通程控股,,CNY
5.7,5.82,5.69,5.79,6604800.0,000419.SZ,2026-03-25,通程控股,,CNY
5.79,5.87,5.73,5.76,5593444.0,000419.SZ,2026-03-26,通程控股,,CNY
5.73,5.88,5.7,5.81,8110900.0,000419.SZ,2026-03-27,通程控股,,CNY
5.75,5.91,5.73,5.9,6268600.0,000419.SZ,2026-03-30,通程控股,,CNY
5.9,6.07,5.89,5.92,8406300.0,000419.SZ,2026-03-31,通程控股,,CNY
5.98,6.1,5.9,5.93,8859273.0,000419.SZ,2026-04-01,通程控股,,CNY
5.91,5.98,5.81,5.87,5925800.0,000419.SZ,2026-04-02,通程控股,,CNY
5.86,5.9,5.63,5.64,6483286.0,000419.SZ,2026-04-03,通程控股,,CNY
5.64,5.87,5.62,5.86,6904331.0,000419.SZ,2026-04-07,通程控股,,CNY
5.89,5.96,5.87,5.96,6845500.0,000419.SZ,2026-04-08,通程控股,,CNY
5.95,5.97,5.77,5.78,6225600.0,000419.SZ,2026-04-09,通程控股,,CNY
5.86,5.93,5.81,5.89,6324797.0,000419.SZ,2026-04-10,通程控股,,CNY
5.9,6.15,5.79,6.15,12340887.0,000419.SZ,2026-04-13,通程控股,,CNY
6.13,6.2,5.87,5.95,14217501.0,000419.SZ,2026-04-14,通程控股,,CNY
5.95,5.97,5.83,5.88,7586700.0,000419.SZ,2026-04-15,通程控股,,CNY
5.88,5.98,5.83,5.96,7782710.0,000419.SZ,2026-04-16,通程控股,,CNY
5.96,5.99,5.86,5.91,5975400.0,000419.SZ,2026-04-17,通程控股,,CNY
5.89,5.91,5.53,5.71,16911857.0,000419.SZ,2026-04-20,通程控股,,CNY
5.71,5.77,5.65,5.75,7475300.0,000419.SZ,2026-04-21,通程控股,,CNY
5.7,5.72,5.57,5.59,8615400.0,000419.SZ,2026-04-22,通程控股,,CNY
5.57,5.66,5.47,5.59,11467958.0,000419.SZ,2026-04-23,通程控股,,CNY
5.55,5.68,5.52,5.64,8146741.0,000419.SZ,2026-04-24,通程控股,,CNY
5.63,5.74,5.59,5.72,7201271.0,000419.SZ,2026-04-27,通程控股,,CNY
5.69,5.76,5.63,5.69,7219392.0,000419.SZ,2026-04-28,通程控股,,CNY
5.68,5.81,5.65,5.76,9558400.0,000419.SZ,2026-04-29,通程控股,,CNY
5.9,5.96,5.8,5.83,11723119.0,000419.SZ,2026-04-30,通程控股,,CNY
7.08,7.17,6.96,7.03,13248401.0,000421.SZ,2026-03-02,南京公用,,CNY
7.12,7.73,7.12,7.73,61745877.0,000421.SZ,2026-03-03,南京公用,,CNY
7.72,7.73,7.08,7.19,61917622.0,000421.SZ,2026-03-04,南京公用,,CNY
7.12,7.18,6.86,6.96,43921683.0,000421.SZ,2026-03-05,南京公用,,CNY
6.88,7.06,6.76,7.03,28891273.0,000421.SZ,2026-03-06,南京公用,,CNY
7.2,7.41,7.04,7.07,35176040.0,000421.SZ,2026-03-09,南京公用,,CNY
7.01,7.13,6.91,7.07,24847056.0,000421.SZ,2026-03-10,南京公用,,CNY
7.07,7.08,6.93,6.96,17357100.0,000421.SZ,2026-03-11,南京公用,,CNY
7.03,7.09,6.96,7.04,17047900.0,000421.SZ,2026-03-12,南京公用,,CNY
7.0,7.15,7.0,7.01,16346001.0,000421.SZ,2026-03-13,南京公用,,CNY
6.99,7.06,6.91,6.94,12846700.0,000421.SZ,2026-03-16,南京公用,,CNY
6.92,6.99,6.8,6.81,10705400.0,000421.SZ,2026-03-17,南京公用,,CNY
6.8,6.84,6.73,6.82,7576793.0,000421.SZ,2026-03-18,南京公用,,CNY
6.88,6.92,6.8,6.81,13285393.0,000421.SZ,2026-03-19,南京公用,,CNY
6.72,6.82,6.62,6.71,13257000.0,000421.SZ,2026-03-20,南京公用,,CNY
6.65,6.66,6.31,6.35,15031500.0,000421.SZ,2026-03-23,南京公用,,CNY
6.5,6.74,6.4,6.72,18169200.0,000421.SZ,2026-03-24,南京公用,,CNY
6.71,6.84,6.64,6.82,10865793.0,000421.SZ,2026-03-25,南京公用,,CNY
6.82,6.9,6.74,6.82,10563200.0,000421.SZ,2026-03-26,南京公用,,CNY
6.78,6.92,6.76,6.9,10392100.0,000421.SZ,2026-03-27,南京公用,,CNY
6.88,6.93,6.71,6.83,10495300.0,000421.SZ,2026-03-30,南京公用,,CNY
6.8,6.88,6.69,6.69,7412680.0,000421.SZ,2026-03-31,南京公用,,CNY
6.76,6.79,6.66,6.69,7932550.0,000421.SZ,2026-04-01,南京公用,,CNY
6.68,6.72,6.56,6.62,9178101.0,000421.SZ,2026-04-02,南京公用,,CNY
6.6,6.62,6.28,6.29,10001700.0,000421.SZ,2026-04-03,南京公用,,CNY
6.36,6.55,6.3,6.49,8594201.0,000421.SZ,2026-04-07,南京公用,,CNY
6.52,6.54,6.44,6.54,10818300.0,000421.SZ,2026-04-08,南京公用,,CNY
6.5,6.54,6.37,6.38,8467800.0,000421.SZ,2026-04-09,南京公用,,CNY
6.4,6.48,6.38,6.45,7847800.0,000421.SZ,2026-04-10,南京公用,,CNY
6.42,6.43,6.14,6.24,21562380.0,000421.SZ,2026-04-13,南京公用,,CNY
6.21,6.23,6.02,6.08,16727889.0,000421.SZ,2026-04-14,南京公用,,CNY
6.09,6.09,6.02,6.05,8052392.0,000421.SZ,2026-04-15,南京公用,,CNY
6.04,6.08,6.03,6.08,8389500.0,000421.SZ,2026-04-16,南京公用,,CNY
6.07,6.08,5.98,6.01,7781416.0,000421.SZ,2026-04-17,南京公用,,CNY
6.01,6.04,6.0,6.03,5658980.0,000421.SZ,2026-04-20,南京公用,,CNY
6.03,6.03,5.98,6.02,5001000.0,000421.SZ,2026-04-21,南京公用,,CNY
6.0,6.01,5.96,5.98,5612200.0,000421.SZ,2026-04-22,南京公用,,CNY
5.96,6.01,5.88,5.99,8623700.0,000421.SZ,2026-04-23,南京公用,,CNY
5.97,5.99,5.88,5.96,7990100.0,000421.SZ,2026-04-24,南京公用,,CNY
5.95,6.03,5.88,6.01,9262800.0,000421.SZ,2026-04-27,南京公用,,CNY
6.19,6.48,6.19,6.34,30586711.0,000421.SZ,2026-04-28,南京公用,,CNY
6.29,6.43,6.25,6.4,18598292.0,000421.SZ,2026-04-29,南京公用,,CNY
6.38,6.43,6.31,6.33,9813000.0,000421.SZ,2026-04-30,南京公用,,CNY
18.38,18.55,17.58,18.11,96955846.0,000422.SZ,2026-03-02,湖北宜化,,CNY
18.2,18.36,17.18,17.53,104277254.0,000422.SZ,2026-03-03,湖北宜化,,CNY
17.53,18.74,17.53,17.82,108844575.0,000422.SZ,2026-03-04,湖北宜化,,CNY
18.27,18.29,17.35,17.48,71116754.0,000422.SZ,2026-03-05,湖北宜化,,CNY
17.38,18.36,17.1,18.22,96841566.0,000422.SZ,2026-03-06,湖北宜化,,CNY
19.15,19.6,18.21,18.28,124863560.0,000422.SZ,2026-03-09,湖北宜化,,CNY
17.58,17.92,17.5,17.55,81869796.0,000422.SZ,2026-03-10,湖北宜化,,CNY
17.5,18.6,17.26,18.38,85086298.0,000422.SZ,2026-03-11,湖北宜化,,CNY
18.77,19.8,18.14,19.44,150831009.0,000422.SZ,2026-03-12,湖北宜化,,CNY
19.5,20.19,19.29,19.38,116941665.0,000422.SZ,2026-03-13,湖北宜化,,CNY
19.58,20.2,18.34,18.46,116182635.0,000422.SZ,2026-03-16,湖北宜化,,CNY
18.33,19.0,17.66,17.78,89311386.0,000422.SZ,2026-03-17,湖北宜化,,CNY
17.56,17.61,17.02,17.35,56540406.0,000422.SZ,2026-03-18,湖北宜化,,CNY
17.6,17.63,16.34,16.48,69892416.0,000422.SZ,2026-03-19,湖北宜化,,CNY
16.5,16.65,15.8,15.81,60107904.0,000422.SZ,2026-03-20,湖北宜化,,CNY
15.6,17.39,15.46,17.05,143884056.0,000422.SZ,2026-03-23,湖北宜化,,CNY
17.03,17.03,16.1,16.6,80635439.0,000422.SZ,2026-03-24,湖北宜化,,CNY
16.39,17.14,16.18,16.94,69127175.0,000422.SZ,2026-03-25,湖北宜化,,CNY
16.91,17.2,16.57,16.72,50047881.0,000422.SZ,2026-03-26,湖北宜化,,CNY
16.5,17.59,16.43,17.27,74772925.0,000422.SZ,2026-03-27,湖北宜化,,CNY
17.38,17.85,17.23,17.29,70331770.0,000422.SZ,2026-03-30,湖北宜化,,CNY
17.01,17.16,16.4,16.44,56927514.0,000422.SZ,2026-03-31,湖北宜化,,CNY
16.62,16.73,16.26,16.3,41025213.0,000422.SZ,2026-04-01,湖北宜化,,CNY
16.3,16.3,15.65,15.79,46696162.0,000422.SZ,2026-04-02,湖北宜化,,CNY
15.86,15.89,15.13,15.21,36279270.0,000422.SZ,2026-04-03,湖北宜化,,CNY
15.22,16.07,15.13,16.0,48574951.0,000422.SZ,2026-04-07,湖北宜化,,CNY
15.68,16.1,15.39,16.04,54445872.0,000422.SZ,2026-04-08,湖北宜化,,CNY
16.0,16.23,15.78,16.0,34567026.0,000422.SZ,2026-04-09,湖北宜化,,CNY
16.08,16.52,15.93,16.06,37855064.0,000422.SZ,2026-04-10,湖北宜化,,CNY
16.2,16.29,15.68,16.12,39752062.0,000422.SZ,2026-04-13,湖北宜化,,CNY
16.01,16.08,15.75,16.05,31094174.0,000422.SZ,2026-04-14,湖北宜化,,CNY
16.04,16.04,15.46,15.51,46830854.0,000422.SZ,2026-04-15,湖北宜化,,CNY
15.47,16.05,15.41,15.92,42792527.0,000422.SZ,2026-04-16,湖北宜化,,CNY
15.91,16.17,15.78,15.83,29905079.0,000422.SZ,2026-04-17,湖北宜化,,CNY
15.81,15.9,15.6,15.83,26777017.0,000422.SZ,2026-04-20,湖北宜化,,CNY
15.84,16.6,15.47,16.26,61499918.0,000422.SZ,2026-04-21,湖北宜化,,CNY
16.33,16.77,16.3,16.69,56083037.0,000422.SZ,2026-04-22,湖北宜化,,CNY
16.62,16.69,16.0,16.28,47345399.0,000422.SZ,2026-04-23,湖北宜化,,CNY
16.28,16.75,16.25,16.51,52276518.0,000422.SZ,2026-04-24,湖北宜化,,CNY
16.1,16.29,15.68,16.09,46950949.0,000422.SZ,2026-04-27,湖北宜化,,CNY
16.52,17.4,16.52,16.9,83790792.0,000422.SZ,2026-04-28,湖北宜化,,CNY
16.82,17.16,16.38,17.08,53333053.0,000422.SZ,2026-04-29,湖北宜化,,CNY
17.01,17.27,16.78,16.9,40389026.0,000422.SZ,2026-04-30,湖北宜化,,CNY
6.26,6.35,6.24,6.31,19008400.0,000498.SZ,2026-03-02,山东路桥,,CNY
6.3,6.34,6.18,6.21,20462600.0,000498.SZ,2026-03-03,山东路桥,,CNY
6.18,6.2,6.01,6.01,23434925.0,000498.SZ,2026-03-04,山东路桥,,CNY
6.09,6.1,6.01,6.02,14386024.0,000498.SZ,2026-03-05,山东路桥,,CNY
5.99,6.14,5.99,6.12,12926600.0,000498.SZ,2026-03-06,山东路桥,,CNY
6.07,6.15,6.05,6.08,13924300.0,000498.SZ,2026-03-09,山东路桥,,CNY
6.11,6.17,6.05,6.1,17476900.0,000498.SZ,2026-03-10,山东路桥,,CNY
6.12,6.18,6.04,6.17,19468600.0,000498.SZ,2026-03-11,山东路桥,,CNY
6.17,6.23,6.15,6.19,22374200.0,000498.SZ,2026-03-12,山东路桥,,CNY
6.2,6.32,6.18,6.28,30039400.0,000498.SZ,2026-03-13,山东路桥,,CNY
6.28,6.3,6.15,6.17,22325300.0,000498.SZ,2026-03-16,山东路桥,,CNY
6.18,6.23,6.13,6.13,13164816.0,000498.SZ,2026-03-17,山东路桥,,CNY
6.15,6.15,6.04,6.09,17216602.0,000498.SZ,2026-03-18,山东路桥,,CNY
6.05,6.1,5.96,6.0,17117800.0,000498.SZ,2026-03-19,山东路桥,,CNY
6.0,6.04,5.89,5.9,16699735.0,000498.SZ,2026-03-20,山东路桥,,CNY
5.84,5.84,5.47,5.55,34229000.0,000498.SZ,2026-03-23,山东路桥,,CNY
5.61,5.66,5.51,5.64,15956522.0,000498.SZ,2026-03-24,山东路桥,,CNY
5.66,5.83,5.65,5.79,24864629.0,000498.SZ,2026-03-25,山东路桥,,CNY
5.83,5.85,5.76,5.78,15911700.0,000498.SZ,2026-03-26,山东路桥,,CNY
5.74,5.78,5.71,5.75,14003636.0,000498.SZ,2026-03-27,山东路桥,,CNY
5.7,5.92,5.67,5.88,22221734.0,000498.SZ,2026-03-30,山东路桥,,CNY
5.87,5.91,5.82,5.84,14583100.0,000498.SZ,2026-03-31,山东路桥,,CNY
5.94,5.98,5.82,5.86,19417702.0,000498.SZ,2026-04-01,山东路桥,,CNY
5.85,5.86,5.75,5.78,14398102.0,000498.SZ,2026-04-02,山东路桥,,CNY
5.77,5.78,5.65,5.66,15312795.0,000498.SZ,2026-04-03,山东路桥,,CNY
5.66,5.68,5.57,5.6,17276400.0,000498.SZ,2026-04-07,山东路桥,,CNY
5.68,5.77,5.65,5.77,18476826.0,000498.SZ,2026-04-08,山东路桥,,CNY
5.74,5.77,5.66,5.68,15137600.0,000498.SZ,2026-04-09,山东路桥,,CNY
5.69,5.76,5.69,5.7,12111777.0,000498.SZ,2026-04-10,山东路桥,,CNY
5.68,5.74,5.66,5.72,9327500.0,000498.SZ,2026-04-13,山东路桥,,CNY
5.75,5.82,5.73,5.81,14624326.0,000498.SZ,2026-04-14,山东路桥,,CNY
5.82,5.95,5.81,5.92,18615800.0,000498.SZ,2026-04-15,山东路桥,,CNY
5.92,5.95,5.88,5.95,12085400.0,000498.SZ,2026-04-16,山东路桥,,CNY
5.95,6.06,5.91,6.05,22484810.0,000498.SZ,2026-04-17,山东路桥,,CNY
6.01,6.01,5.81,5.84,32728779.0,000498.SZ,2026-04-20,山东路桥,,CNY
5.85,5.88,5.82,5.85,13529821.0,000498.SZ,2026-04-21,山东路桥,,CNY
5.82,5.84,5.73,5.75,21351130.0,000498.SZ,2026-04-22,山东路桥,,CNY
5.74,5.79,5.72,5.76,11936700.0,000498.SZ,2026-04-23,山东路桥,,CNY
5.73,5.76,5.69,5.73,11809510.0,000498.SZ,2026-04-24,山东路桥,,CNY
5.73,5.73,5.67,5.7,11677400.0,000498.SZ,2026-04-27,山东路桥,,CNY
5.7,5.79,5.68,5.78,13706267.0,000498.SZ,2026-04-28,山东路桥,,CNY
5.77,5.82,5.75,5.81,14931725.0,000498.SZ,2026-04-29,山东路桥,,CNY
5.61,5.64,5.51,5.54,33839563.0,000498.SZ,2026-04-30,山东路桥,,CNY
9.61,9.61,9.36,9.38,13216807.0,000501.SZ,2026-03-02,武商集团,,CNY
9.36,9.42,9.13,9.16,12870701.0,000501.SZ,2026-03-03,武商集团,,CNY
9.1,9.18,8.92,8.98,9955456.0,000501.SZ,2026-03-04,武商集团,,CNY
9.11,9.22,9.04,9.1,7213202.0,000501.SZ,2026-03-05,武商集团,,CNY
9.1,9.18,9.05,9.14,7005810.0,000501.SZ,2026-03-06,武商集团,,CNY
8.95,9.09,8.91,9.02,8900318.0,000501.SZ,2026-03-09,武商集团,,CNY
9.06,9.17,9.05,9.13,7420156.0,000501.SZ,2026-03-10,武商集团,,CNY
9.13,9.15,9.05,9.1,5960305.0,000501.SZ,2026-03-11,武商集团,,CNY
9.1,9.14,9.01,9.06,7073980.0,000501.SZ,2026-03-12,武商集团,,CNY
9.02,9.09,8.98,8.99,7060699.0,000501.SZ,2026-03-13,武商集团,,CNY
8.99,9.06,8.94,9.02,6619023.0,000501.SZ,2026-03-16,武商集团,,CNY
9.06,9.1,8.91,8.91,7105029.0,000501.SZ,2026-03-17,武商集团,,CNY
8.89,8.93,8.77,8.92,6496360.0,000501.SZ,2026-03-18,武商集团,,CNY
8.86,8.89,8.7,8.71,6711065.0,000501.SZ,2026-03-19,武商集团,,CNY
8.73,8.77,8.55,8.57,6014013.0,000501.SZ,2026-03-20,武商集团,,CNY
8.5,8.5,7.91,7.98,12602805.0,000501.SZ,2026-03-23,武商集团,,CNY
8.11,8.45,8.05,8.35,10186689.0,000501.SZ,2026-03-24,武商集团,,CNY
8.33,8.46,8.3,8.45,6788671.0,000501.SZ,2026-03-25,武商集团,,CNY
8.45,8.6,8.41,8.46,8437200.0,000501.SZ,2026-03-26,武商集团,,CNY
8.4,8.51,8.36,8.43,6898214.0,000501.SZ,2026-03-27,武商集团,,CNY
8.35,8.67,8.31,8.66,12245600.0,000501.SZ,2026-03-30,武商集团,,CNY
8.64,8.74,8.54,8.57,7275704.0,000501.SZ,2026-03-31,武商集团,,CNY
8.67,8.68,8.5,8.6,4891400.0,000501.SZ,2026-04-01,武商集团,,CNY
8.6,8.6,8.4,8.45,5522401.0,000501.SZ,2026-04-02,武商集团,,CNY
8.45,8.46,8.28,8.3,4449135.0,000501.SZ,2026-04-03,武商集团,,CNY
8.3,8.41,8.23,8.4,4197348.0,000501.SZ,2026-04-07,武商集团,,CNY
8.51,8.58,8.48,8.57,5320918.0,000501.SZ,2026-04-08,武商集团,,CNY
8.53,8.57,8.4,8.43,4054189.0,000501.SZ,2026-04-09,武商集团,,CNY
8.47,8.61,8.47,8.55,5957633.0,000501.SZ,2026-04-10,武商集团,,CNY
8.5,8.57,8.48,8.55,3530203.0,000501.SZ,2026-04-13,武商集团,,CNY
8.59,8.63,8.47,8.58,5321051.0,000501.SZ,2026-04-14,武商集团,,CNY
8.6,8.62,8.51,8.57,3619000.0,000501.SZ,2026-04-15,武商集团,,CNY
8.56,8.61,8.49,8.6,5596275.0,000501.SZ,2026-04-16,武商集团,,CNY
8.58,8.6,8.45,8.51,5334685.0,000501.SZ,2026-04-17,武商集团,,CNY
8.5,8.5,8.42,8.46,4769888.0,000501.SZ,2026-04-20,武商集团,,CNY
8.46,8.53,8.33,8.39,5889303.0,000501.SZ,2026-04-21,武商集团,,CNY
8.37,8.38,8.24,8.28,6258629.0,000501.SZ,2026-04-22,武商集团,,CNY
8.3,8.36,8.18,8.26,6388363.0,000501.SZ,2026-04-23,武商集团,,CNY
8.25,8.38,8.12,8.23,6796810.0,000501.SZ,2026-04-24,武商集团,,CNY
8.21,8.3,8.12,8.3,5620018.0,000501.SZ,2026-04-27,武商集团,,CNY
8.28,8.46,8.16,8.22,5703689.0,000501.SZ,2026-04-28,武商集团,,CNY
8.18,8.4,8.16,8.39,7032832.0,000501.SZ,2026-04-29,武商集团,,CNY
8.38,8.43,8.33,8.38,5733531.0,000501.SZ,2026-04-30,武商集团,,CNY
3.5,3.55,3.4,3.43,19688750.0,000509.SZ,2026-03-02,华塑控股,,CNY
3.43,3.47,3.27,3.28,23093000.0,000509.SZ,2026-03-03,华塑控股,,CNY
3.25,3.31,3.21,3.3,12132600.0,000509.SZ,2026-03-04,华塑控股,,CNY
3.35,3.63,3.35,3.63,47106300.0,000509.SZ,2026-03-05,华塑控股,,CNY
3.65,3.99,3.5,3.99,166484416.0,000509.SZ,2026-03-06,华塑控股,,CNY
3.84,4.11,3.83,3.87,150689719.0,000509.SZ,2026-03-09,华塑控股,,CNY
3.88,4.0,3.86,3.96,103618827.0,000509.SZ,2026-03-10,华塑控股,,CNY
4.02,4.15,3.94,3.97,84319169.0,000509.SZ,2026-03-11,华塑控股,,CNY
4.0,4.01,3.87,3.9,56528200.0,000509.SZ,2026-03-12,华塑控股,,CNY
3.93,4.2,3.9,3.94,81945385.0,000509.SZ,2026-03-13,华塑控股,,CNY
4.08,4.3,3.98,4.07,87866300.0,000509.SZ,2026-03-16,华塑控股,,CNY
4.07,4.27,4.07,4.08,70651360.0,000509.SZ,2026-03-17,华塑控股,,CNY
4.08,4.18,4.0,4.17,58053410.0,000509.SZ,2026-03-18,华塑控股,,CNY
4.1,4.22,4.01,4.13,46692600.0,000509.SZ,2026-03-19,华塑控股,,CNY
4.15,4.54,4.1,4.54,78970988.0,000509.SZ,2026-03-20,华塑控股,,CNY
4.49,4.49,4.09,4.09,135935486.0,000509.SZ,2026-03-23,华塑控股,,CNY
4.09,4.5,4.09,4.5,89408848.0,000509.SZ,2026-03-24,华塑控股,,CNY
4.5,4.84,4.41,4.59,179724953.0,000509.SZ,2026-03-25,华塑控股,,CNY
4.58,4.61,4.3,4.36,113681697.0,000509.SZ,2026-03-26,华塑控股,,CNY
4.26,4.39,4.2,4.28,84850550.0,000509.SZ,2026-03-27,华塑控股,,CNY
4.12,4.33,3.92,4.3,102145251.0,000509.SZ,2026-03-30,华塑控股,,CNY
4.26,4.28,4.07,4.09,59741146.0,000509.SZ,2026-03-31,华塑控股,,CNY
4.17,4.22,3.82,3.84,84686069.0,000509.SZ,2026-04-01,华塑控股,,CNY
3.83,3.9,3.63,3.69,57239600.0,000509.SZ,2026-04-02,华塑控股,,CNY
3.69,3.71,3.46,3.51,44151700.0,000509.SZ,2026-04-03,华塑控股,,CNY
3.54,3.68,3.47,3.62,39648396.0,000509.SZ,2026-04-07,华塑控股,,CNY
3.73,3.76,3.62,3.75,33330800.0,000509.SZ,2026-04-08,华塑控股,,CNY
3.71,3.73,3.6,3.66,29743500.0,000509.SZ,2026-04-09,华塑控股,,CNY
3.69,3.76,3.63,3.65,29106750.0,000509.SZ,2026-04-10,华塑控股,,CNY
3.61,3.69,3.59,3.68,25858851.0,000509.SZ,2026-04-13,华塑控股,,CNY
3.69,3.73,3.63,3.72,25736400.0,000509.SZ,2026-04-14,华塑控股,,CNY
3.73,3.74,3.61,3.63,24775700.0,000509.SZ,2026-04-15,华塑控股,,CNY
3.64,3.74,3.6,3.73,29228300.0,000509.SZ,2026-04-16,华塑控股,,CNY
3.73,3.73,3.65,3.7,19344000.0,000509.SZ,2026-04-17,华塑控股,,CNY
3.65,3.67,3.52,3.65,39399253.0,000509.SZ,2026-04-20,华塑控股,,CNY
3.65,3.65,3.49,3.57,32589200.0,000509.SZ,2026-04-21,华塑控股,,CNY
3.56,3.6,3.5,3.59,19570656.0,000509.SZ,2026-04-22,华塑控股,,CNY
3.58,3.59,3.49,3.51,19466500.0,000509.SZ,2026-04-23,华塑控股,,CNY
3.48,3.54,3.45,3.49,16810003.0,000509.SZ,2026-04-24,华塑控股,,CNY
3.52,3.55,3.4,3.53,20284900.0,000509.SZ,2026-04-27,华塑控股,,CNY
3.49,3.54,3.47,3.51,14823900.0,000509.SZ,2026-04-28,华塑控股,,CNY
3.51,3.59,3.48,3.55,16139254.0,000509.SZ,2026-04-29,华塑控股,,CNY
3.58,3.62,3.53,3.59,18482402.0,000509.SZ,2026-04-30,华塑控股,,CNY
21.3,22.45,21.15,22.45,65326532.0,000510.SZ,2026-03-02,新金路,,CNY
23.41,23.5,20.48,20.93,119811628.0,000510.SZ,2026-03-03,新金路,,CNY
19.83,21.63,19.83,20.24,69222897.0,000510.SZ,2026-03-04,新金路,,CNY
20.64,20.8,19.68,19.89,48992349.0,000510.SZ,2026-03-05,新金路,,CNY
20.05,21.03,19.81,20.17,62821401.0,000510.SZ,2026-03-06,新金路,,CNY
19.63,19.79,18.2,19.24,56099775.0,000510.SZ,2026-03-09,新金路,,CNY
19.66,19.86,18.81,18.99,49132682.0,000510.SZ,2026-03-10,新金路,,CNY
19.19,20.22,18.84,18.84,53338211.0,000510.SZ,2026-03-11,新金路,,CNY
18.84,18.96,18.03,18.28,45273293.0,000510.SZ,2026-03-12,新金路,,CNY
18.0,18.19,16.66,16.83,68484670.0,000510.SZ,2026-03-13,新金路,,CNY
16.88,17.19,16.0,16.76,48915986.0,000510.SZ,2026-03-16,新金路,,CNY
16.88,17.52,16.64,16.65,45469929.0,000510.SZ,2026-03-17,新金路,,CNY
16.68,16.87,16.1,16.64,34003350.0,000510.SZ,2026-03-18,新金路,,CNY
16.0,16.27,14.98,14.98,56690550.0,000510.SZ,2026-03-19,新金路,,CNY
15.34,15.91,15.15,15.26,61264363.0,000510.SZ,2026-03-20,新金路,,CNY
14.44,14.9,13.78,14.0,78170819.0,000510.SZ,2026-03-23,新金路,,CNY
14.5,14.81,13.87,14.73,55776541.0,000510.SZ,2026-03-24,新金路,,CNY
15.4,15.69,14.72,14.8,59841111.0,000510.SZ,2026-03-25,新金路,,CNY
14.81,14.9,13.9,13.99,51361684.0,000510.SZ,2026-03-26,新金路,,CNY
13.92,15.2,13.89,14.86,58796901.0,000510.SZ,2026-03-27,新金路,,CNY
14.7,15.38,14.38,15.15,56978600.0,000510.SZ,2026-03-30,新金路,,CNY
15.27,15.56,14.7,14.75,36411933.0,000510.SZ,2026-03-31,新金路,,CNY
15.25,15.68,14.88,15.02,42439950.0,000510.SZ,2026-04-01,新金路,,CNY
14.71,14.87,13.9,14.12,42868501.0,000510.SZ,2026-04-02,新金路,,CNY
14.37,14.43,13.78,13.99,32200901.0,000510.SZ,2026-04-03,新金路,,CNY
14.07,14.6,14.07,14.36,33149000.0,000510.SZ,2026-04-07,新金路,,CNY
15.0,15.73,14.87,15.62,64265891.0,000510.SZ,2026-04-08,新金路,,CNY
15.32,15.85,14.85,15.36,44668912.0,000510.SZ,2026-04-09,新金路,,CNY
15.36,15.75,14.62,14.66,49371711.0,000510.SZ,2026-04-10,新金路,,CNY
14.31,14.74,14.31,14.51,35148003.0,000510.SZ,2026-04-13,新金路,,CNY
14.8,15.1,14.55,14.92,37186011.0,000510.SZ,2026-04-14,新金路,,CNY
15.79,15.81,14.35,14.38,57583682.0,000510.SZ,2026-04-15,新金路,,CNY
14.38,15.2,13.9,15.15,60198501.0,000510.SZ,2026-04-16,新金路,,CNY
15.0,15.23,14.7,15.03,40274960.0,000510.SZ,2026-04-17,新金路,,CNY
14.87,15.44,14.55,15.1,44721201.0,000510.SZ,2026-04-20,新金路,,CNY
15.03,15.35,14.43,14.9,43669010.0,000510.SZ,2026-04-21,新金路,,CNY
14.79,15.09,14.56,14.75,37660703.0,000510.SZ,2026-04-22,新金路,,CNY
14.68,14.79,13.35,13.62,75092388.0,000510.SZ,2026-04-23,新金路,,CNY
13.42,13.9,13.18,13.75,46174674.0,000510.SZ,2026-04-24,新金路,,CNY
13.68,13.86,12.89,13.08,45387903.0,000510.SZ,2026-04-27,新金路,,CNY
13.01,13.34,12.71,13.2,44239982.0,000510.SZ,2026-04-28,新金路,,CNY
13.07,14.23,13.0,13.94,45492000.0,000510.SZ,2026-04-29,新金路,,CNY
13.94,14.28,13.8,14.14,30791610.0,000510.SZ,2026-04-30,新金路,,CNY
5.07,5.07,4.94,4.97,16630861.0,000514.SZ,2026-03-02,渝开发,,CNY
4.99,5.01,4.82,4.83,15542400.0,000514.SZ,2026-03-03,渝开发,,CNY
4.79,4.82,4.72,4.79,11573000.0,000514.SZ,2026-03-04,渝开发,,CNY
4.85,4.88,4.83,4.84,9024300.0,000514.SZ,2026-03-05,渝开发,,CNY
4.82,4.97,4.81,4.96,9193179.0,000514.SZ,2026-03-06,渝开发,,CNY
4.9,4.94,4.85,4.91,9309278.0,000514.SZ,2026-03-09,渝开发,,CNY
4.95,4.97,4.92,4.96,8273802.0,000514.SZ,2026-03-10,渝开发,,CNY
4.97,4.98,4.92,4.95,5934300.0,000514.SZ,2026-03-11,渝开发,,CNY
4.95,4.97,4.9,4.91,7466775.0,000514.SZ,2026-03-12,渝开发,,CNY
4.91,5.01,4.89,4.93,12772900.0,000514.SZ,2026-03-13,渝开发,,CNY
4.95,5.02,4.93,4.96,11677314.0,000514.SZ,2026-03-16,渝开发,,CNY
4.97,5.12,4.96,5.03,18386363.0,000514.SZ,2026-03-17,渝开发,,CNY
5.02,5.03,4.88,5.01,16710314.0,000514.SZ,2026-03-18,渝开发,,CNY
5.0,5.12,4.87,4.9,19834134.0,000514.SZ,2026-03-19,渝开发,,CNY
4.92,4.94,4.78,4.78,13572805.0,000514.SZ,2026-03-20,渝开发,,CNY
4.71,4.72,4.39,4.45,18350465.0,000514.SZ,2026-03-23,渝开发,,CNY
4.53,4.65,4.5,4.65,12193400.0,000514.SZ,2026-03-24,渝开发,,CNY
4.69,4.79,4.61,4.79,9988300.0,000514.SZ,2026-03-25,渝开发,,CNY
4.82,4.92,4.76,4.79,11895438.0,000514.SZ,2026-03-26,渝开发,,CNY
4.75,4.83,4.73,4.81,8101001.0,000514.SZ,2026-03-27,渝开发,,CNY
4.77,4.83,4.68,4.81,8326200.0,000514.SZ,2026-03-30,渝开发,,CNY
4.81,4.91,4.76,4.77,8018673.0,000514.SZ,2026-03-31,渝开发,,CNY
4.83,4.85,4.73,4.77,8131566.0,000514.SZ,2026-04-01,渝开发,,CNY
4.77,4.77,4.62,4.66,8056566.0,000514.SZ,2026-04-02,渝开发,,CNY
4.66,4.69,4.5,4.52,6537300.0,000514.SZ,2026-04-03,渝开发,,CNY
4.54,4.64,4.49,4.61,8943436.0,000514.SZ,2026-04-07,渝开发,,CNY
4.67,4.75,4.64,4.74,9881900.0,000514.SZ,2026-04-08,渝开发,,CNY
4.71,4.74,4.66,4.67,7217500.0,000514.SZ,2026-04-09,渝开发,,CNY
4.7,4.79,4.7,4.74,7229666.0,000514.SZ,2026-04-10,渝开发,,CNY
4.75,4.81,4.7,4.8,8312437.0,000514.SZ,2026-04-13,渝开发,,CNY
4.8,4.97,4.79,4.96,17552400.0,000514.SZ,2026-04-14,渝开发,,CNY
4.96,4.97,4.82,4.82,11755467.0,000514.SZ,2026-04-15,渝开发,,CNY
4.82,4.83,4.74,4.8,8891046.0,000514.SZ,2026-04-16,渝开发,,CNY
4.8,4.87,4.73,4.8,11329001.0,000514.SZ,2026-04-17,渝开发,,CNY
4.81,4.88,4.76,4.87,12920062.0,000514.SZ,2026-04-20,渝开发,,CNY
4.85,4.9,4.79,4.83,6864700.0,000514.SZ,2026-04-21,渝开发,,CNY
4.83,4.83,4.73,4.76,7630668.0,000514.SZ,2026-04-22,渝开发,,CNY
4.75,4.76,4.69,4.72,6804009.0,000514.SZ,2026-04-23,渝开发,,CNY
4.71,4.77,4.66,4.72,7872700.0,000514.SZ,2026-04-24,渝开发,,CNY
4.7,4.85,4.63,4.82,12175589.0,000514.SZ,2026-04-27,渝开发,,CNY
4.79,4.86,4.71,4.77,8630566.0,000514.SZ,2026-04-28,渝开发,,CNY
4.77,4.88,4.76,4.87,11299609.0,000514.SZ,2026-04-29,渝开发,,CNY
4.86,5.01,4.84,4.93,13341396.0,000514.SZ,2026-04-30,渝开发,,CNY
4.81,4.87,4.63,4.73,71319659.0,000520.SZ,2026-03-02,凤凰航运,,CNY
4.74,5.2,4.73,5.12,153800190.0,000520.SZ,2026-03-03,凤凰航运,,CNY
4.91,4.91,4.61,4.61,63073201.0,000520.SZ,2026-03-04,凤凰航运,,CNY
4.47,4.6,4.33,4.44,78109240.0,000520.SZ,2026-03-05,凤凰航运,,CNY
4.45,4.67,4.4,4.64,57981903.0,000520.SZ,2026-03-06,凤凰航运,,CNY
4.7,4.78,4.4,4.43,49607030.0,000520.SZ,2026-03-09,凤凰航运,,CNY
4.41,4.55,4.41,4.44,28479380.0,000520.SZ,2026-03-10,凤凰航运,,CNY
4.43,4.45,4.34,4.39,28147900.0,000520.SZ,2026-03-11,凤凰航运,,CNY
4.38,4.58,4.36,4.47,33366084.0,000520.SZ,2026-03-12,凤凰航运,,CNY
4.46,4.54,4.42,4.44,21790200.0,000520.SZ,2026-03-13,凤凰航运,,CNY
4.41,4.55,4.4,4.53,26339120.0,000520.SZ,2026-03-16,凤凰航运,,CNY
4.5,4.58,4.43,4.43,23616339.0,000520.SZ,2026-03-17,凤凰航运,,CNY
4.47,4.49,4.39,4.45,16439827.0,000520.SZ,2026-03-18,凤凰航运,,CNY
4.43,4.43,4.29,4.31,21972700.0,000520.SZ,2026-03-19,凤凰航运,,CNY
4.29,4.36,4.23,4.23,16898227.0,000520.SZ,2026-03-20,凤凰航运,,CNY
4.18,4.27,3.97,4.04,26155950.0,000520.SZ,2026-03-23,凤凰航运,,CNY
4.12,4.23,4.05,4.22,24805300.0,000520.SZ,2026-03-24,凤凰航运,,CNY
4.22,4.3,4.18,4.29,16424300.0,000520.SZ,2026-03-25,凤凰航运,,CNY
4.28,4.33,4.16,4.17,16087808.0,000520.SZ,2026-03-26,凤凰航运,,CNY
4.13,4.23,4.11,4.21,12244167.0,000520.SZ,2026-03-27,凤凰航运,,CNY
4.15,4.23,4.12,4.22,12545387.0,000520.SZ,2026-03-30,凤凰航运,,CNY
4.19,4.26,4.1,4.11,13814891.0,000520.SZ,2026-03-31,凤凰航运,,CNY
4.16,4.23,4.15,4.19,12069611.0,000520.SZ,2026-04-01,凤凰航运,,CNY
4.18,4.25,4.15,4.18,16482300.0,000520.SZ,2026-04-02,凤凰航运,,CNY
4.19,4.22,4.01,4.01,20850800.0,000520.SZ,2026-04-03,凤凰航运,,CNY
4.02,4.13,3.98,4.1,14099770.0,000520.SZ,2026-04-07,凤凰航运,,CNY
4.18,4.23,4.14,4.21,12977770.0,000520.SZ,2026-04-08,凤凰航运,,CNY
4.18,4.21,4.07,4.09,15461400.0,000520.SZ,2026-04-09,凤凰航运,,CNY
4.11,4.12,4.03,4.05,11728366.0,000520.SZ,2026-04-10,凤凰航运,,CNY
4.05,4.06,3.97,4.0,13622600.0,000520.SZ,2026-04-13,凤凰航运,,CNY
4.0,4.01,3.9,3.93,16086322.0,000520.SZ,2026-04-14,凤凰航运,,CNY
3.94,4.03,3.92,4.01,16393889.0,000520.SZ,2026-04-15,凤凰航运,,CNY
4.01,4.22,3.98,4.21,25982856.0,000520.SZ,2026-04-16,凤凰航运,,CNY
4.2,4.22,4.1,4.17,16062901.0,000520.SZ,2026-04-17,凤凰航运,,CNY
4.18,4.18,3.97,4.03,29632615.0,000520.SZ,2026-04-20,凤凰航运,,CNY
4.01,4.01,3.95,4.0,14179000.0,000520.SZ,2026-04-21,凤凰航运,,CNY
3.97,4.01,3.96,3.97,11391195.0,000520.SZ,2026-04-22,凤凰航运,,CNY
3.98,3.98,3.9,3.91,11187754.0,000520.SZ,2026-04-23,凤凰航运,,CNY
3.9,3.92,3.8,3.89,13566432.0,000520.SZ,2026-04-24,凤凰航运,,CNY
3.88,3.89,3.74,3.8,16666601.0,000520.SZ,2026-04-27,凤凰航运,,CNY
3.78,3.91,3.77,3.89,14793000.0,000520.SZ,2026-04-28,凤凰航运,,CNY
3.85,4.02,3.8,3.99,23416570.0,000520.SZ,2026-04-29,凤凰航运,,CNY
3.97,4.0,3.92,3.95,13280800.0,000520.SZ,2026-04-30,凤凰航运,,CNY
6.14,6.17,6.02,6.03,8851900.0,000529.SZ,2026-03-02,广弘控股,,CNY
6.05,6.11,5.95,5.99,8463128.0,000529.SZ,2026-03-03,广弘控股,,CNY
5.95,5.95,5.85,5.88,8750907.0,000529.SZ,2026-03-04,广弘控股,,CNY
5.94,5.95,5.9,5.91,5526720.0,000529.SZ,2026-03-05,广弘控股,,CNY
5.91,6.06,5.88,6.06,7909647.0,000529.SZ,2026-03-06,广弘控股,,CNY
6.05,6.11,6.0,6.04,6858450.0,000529.SZ,2026-03-09,广弘控股,,CNY
6.07,6.08,6.03,6.04,5649601.0,000529.SZ,2026-03-10,广弘控股,,CNY
6.07,6.07,5.99,6.06,5550027.0,000529.SZ,2026-03-11,广弘控股,,CNY
6.08,6.13,6.05,6.09,7450692.0,000529.SZ,2026-03-12,广弘控股,,CNY
6.07,6.14,6.03,6.06,7526041.0,000529.SZ,2026-03-13,广弘控股,,CNY
6.05,6.17,6.05,6.15,9885245.0,000529.SZ,2026-03-16,广弘控股,,CNY
6.16,6.2,6.07,6.08,6893454.0,000529.SZ,2026-03-17,广弘控股,,CNY
6.09,6.1,6.0,6.06,6267500.0,000529.SZ,2026-03-18,广弘控股,,CNY
6.05,6.07,5.92,5.94,6289000.0,000529.SZ,2026-03-19,广弘控股,,CNY
5.96,5.96,5.73,5.74,11755903.0,000529.SZ,2026-03-20,广弘控股,,CNY
5.63,5.65,5.41,5.43,12019032.0,000529.SZ,2026-03-23,广弘控股,,CNY
5.54,5.56,5.41,5.55,5245358.0,000529.SZ,2026-03-24,广弘控股,,CNY
5.59,5.69,5.54,5.68,5835501.0,000529.SZ,2026-03-25,广弘控股,,CNY
5.67,5.74,5.64,5.65,3764796.0,000529.SZ,2026-03-26,广弘控股,,CNY
5.62,5.75,5.61,5.75,4103316.0,000529.SZ,2026-03-27,广弘控股,,CNY
5.71,5.85,5.68,5.85,4608968.0,000529.SZ,2026-03-30,广弘控股,,CNY
5.83,5.92,5.71,5.75,8984180.0,000529.SZ,2026-03-31,广弘控股,,CNY
5.81,5.84,5.71,5.79,6024000.0,000529.SZ,2026-04-01,广弘控股,,CNY
5.8,5.86,5.75,5.79,5022200.0,000529.SZ,2026-04-02,广弘控股,,CNY
5.79,5.79,5.57,5.6,6563447.0,000529.SZ,2026-04-03,广弘控股,,CNY
5.6,5.77,5.55,5.76,5837087.0,000529.SZ,2026-04-07,广弘控股,,CNY
5.81,5.9,5.79,5.83,5382998.0,000529.SZ,2026-04-08,广弘控股,,CNY
5.84,5.85,5.69,5.71,4545227.0,000529.SZ,2026-04-09,广弘控股,,CNY
5.74,5.79,5.7,5.73,3851132.0,000529.SZ,2026-04-10,广弘控股,,CNY
5.73,5.8,5.69,5.75,3641632.0,000529.SZ,2026-04-13,广弘控股,,CNY
5.77,5.81,5.68,5.81,5118655.0,000529.SZ,2026-04-14,广弘控股,,CNY
5.81,5.84,5.7,5.77,6232200.0,000529.SZ,2026-04-15,广弘控股,,CNY
5.82,5.87,5.75,5.82,5692410.0,000529.SZ,2026-04-16,广弘控股,,CNY
5.81,5.81,5.65,5.67,8122239.0,000529.SZ,2026-04-17,广弘控股,,CNY
5.67,5.68,5.58,5.65,6005973.0,000529.SZ,2026-04-20,广弘控股,,CNY
5.65,5.67,5.6,5.64,3971772.0,000529.SZ,2026-04-21,广弘控股,,CNY
5.63,5.65,5.56,5.59,4584900.0,000529.SZ,2026-04-22,广弘控股,,CNY
5.58,5.59,5.49,5.53,6440250.0,000529.SZ,2026-04-23,广弘控股,,CNY
5.51,5.6,5.48,5.57,4879230.0,000529.SZ,2026-04-24,广弘控股,,CNY
5.55,5.64,5.49,5.61,5734072.0,000529.SZ,2026-04-27,广弘控股,,CNY
5.59,5.64,5.55,5.63,5559000.0,000529.SZ,2026-04-28,广弘控股,,CNY
5.63,5.74,5.59,5.69,5715973.0,000529.SZ,2026-04-29,广弘控股,,CNY
5.66,5.74,5.62,5.66,5473311.0,000529.SZ,2026-04-30,广弘控股,,CNY
8.68,8.79,8.54,8.63,20139308.0,000881.SZ,2026-03-02,中广核技,,CNY
8.69,8.81,8.47,8.48,28680964.0,000881.SZ,2026-03-03,中广核技,,CNY
8.31,8.54,8.29,8.41,17869244.0,000881.SZ,2026-03-04,中广核技,,CNY
8.49,8.64,8.48,8.54,17614993.0,000881.SZ,2026-03-05,中广核技,,CNY
8.48,8.6,8.39,8.59,13294890.0,000881.SZ,2026-03-06,中广核技,,CNY
8.45,8.55,8.36,8.38,15347555.0,000881.SZ,2026-03-09,中广核技,,CNY
8.45,8.48,8.3,8.37,17795001.0,000881.SZ,2026-03-10,中广核技,,CNY
8.36,8.44,8.28,8.42,15001900.0,000881.SZ,2026-03-11,中广核技,,CNY
8.38,8.41,8.19,8.27,17328769.0,000881.SZ,2026-03-12,中广核技,,CNY
8.21,8.6,8.18,8.45,25416000.0,000881.SZ,2026-03-13,中广核技,,CNY
8.42,8.44,8.12,8.16,21245200.0,000881.SZ,2026-03-16,中广核技,,CNY
8.16,8.25,8.0,8.0,14332895.0,000881.SZ,2026-03-17,中广核技,,CNY
8.0,8.04,7.85,7.94,13386206.0,000881.SZ,2026-03-18,中广核技,,CNY
7.85,7.91,7.7,7.74,11623600.0,000881.SZ,2026-03-19,中广核技,,CNY
7.74,7.78,7.52,7.53,11955101.0,000881.SZ,2026-03-20,中广核技,,CNY
7.39,7.51,7.14,7.2,16716881.0,000881.SZ,2026-03-23,中广核技,,CNY
7.31,7.83,7.17,7.61,21319874.0,000881.SZ,2026-03-24,中广核技,,CNY
7.6,7.71,7.56,7.68,15717301.0,000881.SZ,2026-03-25,中广核技,,CNY
7.65,7.69,7.52,7.56,10110890.0,000881.SZ,2026-03-26,中广核技,,CNY
7.47,7.71,7.42,7.68,9228890.0,000881.SZ,2026-03-27,中广核技,,CNY
7.97,8.38,7.77,8.04,41565662.0,000881.SZ,2026-03-30,中广核技,,CNY
7.97,7.97,7.64,7.67,29897062.0,000881.SZ,2026-03-31,中广核技,,CNY
7.81,7.84,7.62,7.78,16833449.0,000881.SZ,2026-04-01,中广核技,,CNY
7.73,7.81,7.53,7.56,11222900.0,000881.SZ,2026-04-02,中广核技,,CNY
7.6,7.62,7.37,7.39,9050800.0,000881.SZ,2026-04-03,中广核技,,CNY
7.37,7.65,7.35,7.58,11920200.0,000881.SZ,2026-04-07,中广核技,,CNY
7.65,7.74,7.59,7.74,13381861.0,000881.SZ,2026-04-08,中广核技,,CNY
7.67,7.69,7.55,7.62,8734700.0,000881.SZ,2026-04-09,中广核技,,CNY
7.69,7.77,7.66,7.67,9318300.0,000881.SZ,2026-04-10,中广核技,,CNY
7.6,7.7,7.57,7.64,7890400.0,000881.SZ,2026-04-13,中广核技,,CNY
7.64,7.67,7.5,7.59,8218190.0,000881.SZ,2026-04-14,中广核技,,CNY
7.62,7.63,7.49,7.49,7129000.0,000881.SZ,2026-04-15,中广核技,,CNY
7.5,7.58,7.47,7.56,6213200.0,000881.SZ,2026-04-16,中广核技,,CNY
7.56,7.62,7.51,7.59,7109701.0,000881.SZ,2026-04-17,中广核技,,CNY
7.61,7.76,7.6,7.76,9631693.0,000881.SZ,2026-04-20,中广核技,,CNY
7.8,7.8,7.67,7.73,7490336.0,000881.SZ,2026-04-21,中广核技,,CNY
7.7,7.91,7.66,7.85,14236607.0,000881.SZ,2026-04-22,中广核技,,CNY
7.8,7.84,7.61,7.66,11422112.0,000881.SZ,2026-04-23,中广核技,,CNY
7.59,7.65,7.54,7.6,7393034.0,000881.SZ,2026-04-24,中广核技,,CNY
7.6,7.72,7.5,7.71,8579959.0,000881.SZ,2026-04-27,中广核技,,CNY
7.64,7.7,7.54,7.66,8495500.0,000881.SZ,2026-04-28,中广核技,,CNY
7.65,7.82,7.62,7.74,7805922.0,000881.SZ,2026-04-29,中广核技,,CNY
7.74,7.83,7.72,7.8,8119363.0,000881.SZ,2026-04-30,中广核技,,CNY
13.96,14.31,13.96,14.18,11824700.0,000885.SZ,2026-03-02,城发环境,,CNY
14.12,14.31,13.97,14.03,8746055.0,000885.SZ,2026-03-03,城发环境,,CNY
13.94,14.08,13.6,13.67,8468992.0,000885.SZ,2026-03-04,城发环境,,CNY
13.83,13.94,13.72,13.75,6030905.0,000885.SZ,2026-03-05,城发环境,,CNY
13.76,14.13,13.73,14.11,7673220.0,000885.SZ,2026-03-06,城发环境,,CNY
14.09,14.11,13.89,13.97,6454710.0,000885.SZ,2026-03-09,城发环境,,CNY
14.05,14.16,14.0,14.1,5896397.0,000885.SZ,2026-03-10,城发环境,,CNY
14.09,14.45,13.93,14.35,11942889.0,000885.SZ,2026-03-11,城发环境,,CNY
14.34,14.57,14.34,14.5,9422348.0,000885.SZ,2026-03-12,城发环境,,CNY
14.49,14.68,14.45,14.5,9452119.0,000885.SZ,2026-03-13,城发环境,,CNY
14.47,14.5,14.18,14.22,9043957.0,000885.SZ,2026-03-16,城发环境,,CNY
14.23,14.43,14.12,14.18,5778677.0,000885.SZ,2026-03-17,城发环境,,CNY
14.19,14.22,14.03,14.13,4585170.0,000885.SZ,2026-03-18,城发环境,,CNY
14.03,14.12,13.89,13.95,5679678.0,000885.SZ,2026-03-19,城发环境,,CNY
13.93,14.08,13.7,13.71,6605130.0,000885.SZ,2026-03-20,城发环境,,CNY
13.51,13.58,12.96,13.08,11250341.0,000885.SZ,2026-03-23,城发环境,,CNY
13.25,13.45,13.13,13.45,6776600.0,000885.SZ,2026-03-24,城发环境,,CNY
13.48,14.03,13.39,13.96,9043945.0,000885.SZ,2026-03-25,城发环境,,CNY
13.89,13.98,13.7,13.85,5934300.0,000885.SZ,2026-03-26,城发环境,,CNY
13.7,13.86,13.68,13.81,5310200.0,000885.SZ,2026-03-27,城发环境,,CNY
13.63,13.74,13.42,13.71,4891768.0,000885.SZ,2026-03-30,城发环境,,CNY
13.73,13.82,13.6,13.62,4098161.0,000885.SZ,2026-03-31,城发环境,,CNY
13.75,13.83,13.7,13.77,4880390.0,000885.SZ,2026-04-01,城发环境,,CNY
13.75,13.8,13.6,13.68,3084040.0,000885.SZ,2026-04-02,城发环境,,CNY
13.66,13.69,13.24,13.27,4941237.0,000885.SZ,2026-04-03,城发环境,,CNY
13.28,13.42,13.18,13.29,4067883.0,000885.SZ,2026-04-07,城发环境,,CNY
13.53,13.73,13.44,13.7,5851560.0,000885.SZ,2026-04-08,城发环境,,CNY
13.62,13.64,13.48,13.49,3383083.0,000885.SZ,2026-04-09,城发环境,,CNY
13.58,13.73,13.54,13.63,3685710.0,000885.SZ,2026-04-10,城发环境,,CNY
13.55,13.61,13.48,13.57,2727498.0,000885.SZ,2026-04-13,城发环境,,CNY
13.7,13.79,13.55,13.75,5707540.0,000885.SZ,2026-04-14,城发环境,,CNY
13.77,13.77,13.44,13.51,8804200.0,000885.SZ,2026-04-15,城发环境,,CNY
13.5,13.64,13.47,13.6,5745690.0,000885.SZ,2026-04-16,城发环境,,CNY
13.62,13.74,13.62,13.7,5943260.0,000885.SZ,2026-04-17,城发环境,,CNY
13.66,13.66,13.47,13.58,5182157.0,000885.SZ,2026-04-20,城发环境,,CNY
13.53,13.65,13.49,13.6,4343250.0,000885.SZ,2026-04-21,城发环境,,CNY
13.58,13.65,13.47,13.65,6594350.0,000885.SZ,2026-04-22,城发环境,,CNY
14.13,14.47,14.12,14.39,24415098.0,000885.SZ,2026-04-23,城发环境,,CNY
14.28,14.51,13.94,14.2,13862056.0,000885.SZ,2026-04-24,城发环境,,CNY
14.09,14.21,13.98,14.07,7312430.0,000885.SZ,2026-04-27,城发环境,,CNY
14.07,14.16,14.0,14.15,6597118.0,000885.SZ,2026-04-28,城发环境,,CNY
14.14,14.22,14.05,14.15,6947420.0,000885.SZ,2026-04-29,城发环境,,CNY
14.08,14.17,14.01,14.11,6655499.0,000885.SZ,2026-04-30,城发环境,,CNY
7.07,8.43,7.07,8.43,123930721.0,000890.SZ,2026-03-02,法尔胜,,CNY
8.55,8.85,7.9,8.06,140155754.0,000890.SZ,2026-03-03,法尔胜,,CNY
7.88,8.87,7.66,8.87,117110916.0,000890.SZ,2026-03-04,法尔胜,,CNY
9.32,9.58,8.7,9.15,146235612.0,000890.SZ,2026-03-05,法尔胜,,CNY
9.15,9.25,8.7,9.05,90903514.0,000890.SZ,2026-03-06,法尔胜,,CNY
8.68,9.0,8.43,8.91,70398641.0,000890.SZ,2026-03-09,法尔胜,,CNY
8.83,9.11,8.54,8.71,77599489.0,000890.SZ,2026-03-10,法尔胜,,CNY
8.6,9.58,8.43,9.16,117480037.0,000890.SZ,2026-03-11,法尔胜,,CNY
9.13,10.08,9.13,10.08,83459716.0,000890.SZ,2026-03-12,法尔胜,,CNY
10.59,11.09,10.45,11.09,38999097.0,000890.SZ,2026-03-13,法尔胜,,CNY
11.12,12.2,10.66,12.2,130560776.0,000890.SZ,2026-03-16,法尔胜,,CNY
12.55,13.42,12.21,13.42,96335226.0,000890.SZ,2026-03-17,法尔胜,,CNY
13.76,14.0,12.51,13.6,120269426.0,000890.SZ,2026-03-18,法尔胜,,CNY
13.4,14.27,13.1,14.0,98844877.0,000890.SZ,2026-03-19,法尔胜,,CNY
13.5,14.0,12.6,13.13,88392686.0,000890.SZ,2026-03-20,法尔胜,,CNY
12.52,13.72,11.9,13.15,75710067.0,000890.SZ,2026-03-23,法尔胜,,CNY
13.17,13.5,12.25,12.79,73635267.0,000890.SZ,2026-03-24,法尔胜,,CNY
13.17,13.98,12.88,13.61,88796309.0,000890.SZ,2026-03-25,法尔胜,,CNY
13.31,13.48,12.25,12.25,86125838.0,000890.SZ,2026-03-26,法尔胜,,CNY
13.09,13.48,12.45,13.48,66155210.0,000890.SZ,2026-03-27,法尔胜,,CNY
13.95,14.83,13.93,14.83,39420788.0,000890.SZ,2026-03-30,法尔胜,,CNY
14.42,15.8,13.88,15.43,122619068.0,000890.SZ,2026-03-31,法尔胜,,CNY
15.08,15.56,14.5,15.3,89026044.0,000890.SZ,2026-04-01,法尔胜,,CNY
15.5,15.99,15.13,15.9,97876059.0,000890.SZ,2026-04-02,法尔胜,,CNY
15.56,16.11,15.56,16.01,99096283.0,000890.SZ,2026-04-03,法尔胜,,CNY
17.61,17.61,16.9,17.61,47249458.0,000890.SZ,2026-04-07,法尔胜,,CNY
15.85,17.48,15.85,15.87,132037480.0,000890.SZ,2026-04-08,法尔胜,,CNY
15.39,16.28,15.08,15.79,98537340.0,000890.SZ,2026-04-09,法尔胜,,CNY
15.39,15.6,14.21,14.21,78436913.0,000890.SZ,2026-04-10,法尔胜,,CNY
13.1,13.45,12.79,13.15,65212995.0,000890.SZ,2026-04-13,法尔胜,,CNY
12.5,12.85,12.0,12.1,90993229.0,000890.SZ,2026-04-14,法尔胜,,CNY
11.7,12.83,11.37,12.76,96796611.0,000890.SZ,2026-04-15,法尔胜,,CNY
12.25,12.8,12.0,12.39,70450499.0,000890.SZ,2026-04-16,法尔胜,,CNY
12.32,12.88,12.2,12.41,57106368.0,000890.SZ,2026-04-17,法尔胜,,CNY
12.56,13.6,12.31,13.55,79285910.0,000890.SZ,2026-04-20,法尔胜,,CNY
13.08,14.8,12.85,14.59,92048350.0,000890.SZ,2026-04-21,法尔胜,,CNY
14.75,15.9,14.13,15.24,113658164.0,000890.SZ,2026-04-22,法尔胜,,CNY
16.25,16.76,15.78,16.76,116155759.0,000890.SZ,2026-04-23,法尔胜,,CNY
16.63,17.48,15.65,16.24,109355963.0,000890.SZ,2026-04-24,法尔胜,,CNY
16.42,17.0,15.8,16.51,82943330.0,000890.SZ,2026-04-27,法尔胜,,CNY
16.1,16.46,15.27,15.9,82532059.0,000890.SZ,2026-04-28,法尔胜,,CNY
16.26,17.49,15.95,17.2,90007178.0,000890.SZ,2026-04-29,法尔胜,,CNY
16.5,16.53,15.48,15.66,89846393.0,000890.SZ,2026-04-30,法尔胜,,CNY
2.27,2.29,2.23,2.24,49277742.0,000897.SZ,2026-03-02,津滨发展,,CNY
2.25,2.27,2.2,2.2,43647500.0,000897.SZ,2026-03-03,津滨发展,,CNY
2.2,2.21,2.15,2.17,38995128.0,000897.SZ,2026-03-04,津滨发展,,CNY
2.19,2.2,2.17,2.18,24338524.0,000897.SZ,2026-03-05,津滨发展,,CNY
2.17,2.22,2.16,2.22,26103705.0,000897.SZ,2026-03-06,津滨发展,,CNY
2.2,2.21,2.18,2.19,21484620.0,000897.SZ,2026-03-09,津滨发展,,CNY
2.2,2.22,2.19,2.22,18432486.0,000897.SZ,2026-03-10,津滨发展,,CNY
2.22,2.22,2.2,2.22,18500321.0,000897.SZ,2026-03-11,津滨发展,,CNY
2.21,2.24,2.21,2.23,32166440.0,000897.SZ,2026-03-12,津滨发展,,CNY
2.23,2.27,2.22,2.24,38850455.0,000897.SZ,2026-03-13,津滨发展,,CNY
2.23,2.28,2.23,2.27,48362761.0,000897.SZ,2026-03-16,津滨发展,,CNY
2.27,2.34,2.27,2.3,84968530.0,000897.SZ,2026-03-17,津滨发展,,CNY
2.31,2.31,2.23,2.25,49069287.0,000897.SZ,2026-03-18,津滨发展,,CNY
2.24,2.25,2.18,2.19,47034846.0,000897.SZ,2026-03-19,津滨发展,,CNY
2.19,2.21,2.14,2.14,45035489.0,000897.SZ,2026-03-20,津滨发展,,CNY
2.12,2.12,1.99,2.0,51136760.0,000897.SZ,2026-03-23,津滨发展,,CNY
2.04,2.08,2.0,2.07,37148411.0,000897.SZ,2026-03-24,津滨发展,,CNY
2.08,2.14,2.06,2.13,39505827.0,000897.SZ,2026-03-25,津滨发展,,CNY
2.13,2.22,2.1,2.11,41038300.0,000897.SZ,2026-03-26,津滨发展,,CNY
2.09,2.14,2.08,2.12,30424452.0,000897.SZ,2026-03-27,津滨发展,,CNY
2.1,2.13,2.06,2.12,33161640.0,000897.SZ,2026-03-30,津滨发展,,CNY
2.12,2.17,2.1,2.11,33088820.0,000897.SZ,2026-03-31,津滨发展,,CNY
2.14,2.15,2.08,2.1,30657243.0,000897.SZ,2026-04-01,津滨发展,,CNY
2.1,2.11,2.05,2.06,24631506.0,000897.SZ,2026-04-02,津滨发展,,CNY
2.06,2.07,2.0,2.01,25821310.0,000897.SZ,2026-04-03,津滨发展,,CNY
2.02,2.08,2.0,2.07,29635452.0,000897.SZ,2026-04-07,津滨发展,,CNY
2.1,2.12,2.08,2.11,27708925.0,000897.SZ,2026-04-08,津滨发展,,CNY
2.1,2.11,2.07,2.07,22973640.0,000897.SZ,2026-04-09,津滨发展,,CNY
2.09,2.12,2.08,2.1,28974810.0,000897.SZ,2026-04-10,津滨发展,,CNY
2.09,2.14,2.08,2.12,28906952.0,000897.SZ,2026-04-13,津滨发展,,CNY
2.13,2.18,2.12,2.17,47455980.0,000897.SZ,2026-04-14,津滨发展,,CNY
2.17,2.21,2.11,2.12,41613721.0,000897.SZ,2026-04-15,津滨发展,,CNY
2.12,2.13,2.1,2.13,22299201.0,000897.SZ,2026-04-16,津滨发展,,CNY
2.13,2.14,2.1,2.11,28000600.0,000897.SZ,2026-04-17,津滨发展,,CNY
2.1,2.11,2.07,2.11,17451421.0,000897.SZ,2026-04-20,津滨发展,,CNY
2.11,2.11,2.08,2.09,16952701.0,000897.SZ,2026-04-21,津滨发展,,CNY
2.1,2.13,2.08,2.1,26567780.0,000897.SZ,2026-04-22,津滨发展,,CNY
2.1,2.1,2.06,2.07,21599365.0,000897.SZ,2026-04-23,津滨发展,,CNY
2.07,2.09,2.05,2.08,19057301.0,000897.SZ,2026-04-24,津滨发展,,CNY
2.07,2.11,2.05,2.09,33864967.0,000897.SZ,2026-04-27,津滨发展,,CNY
2.09,2.12,2.08,2.11,28694326.0,000897.SZ,2026-04-28,津滨发展,,CNY
2.1,2.17,2.1,2.15,41982883.0,000897.SZ,2026-04-29,津滨发展,,CNY
2.16,2.19,2.13,2.18,36522294.0,000897.SZ,2026-04-30,津滨发展,,CNY
27.16,28.2,26.9,28.0,63455171.0,000901.SZ,2026-03-02,航天科技,,CNY
27.98,27.99,25.3,25.38,49188361.0,000901.SZ,2026-03-03,航天科技,,CNY
24.64,25.85,24.51,25.36,25520199.0,000901.SZ,2026-03-04,航天科技,,CNY
25.65,25.95,24.84,25.71,32081291.0,000901.SZ,2026-03-05,航天科技,,CNY
25.48,25.93,25.22,25.49,23716966.0,000901.SZ,2026-03-06,航天科技,,CNY
25.07,25.18,24.15,24.75,29944887.0,000901.SZ,2026-03-09,航天科技,,CNY
24.89,25.56,24.89,25.23,23775776.0,000901.SZ,2026-03-10,航天科技,,CNY
25.36,25.47,24.93,24.93,22507023.0,000901.SZ,2026-03-11,航天科技,,CNY
24.81,24.81,24.01,24.23,26072824.0,000901.SZ,2026-03-12,航天科技,,CNY
24.0,24.18,23.4,23.53,23593787.0,000901.SZ,2026-03-13,航天科技,,CNY
23.5,23.73,23.16,23.69,18740170.0,000901.SZ,2026-03-16,航天科技,,CNY
23.8,23.91,22.97,22.99,17214155.0,000901.SZ,2026-03-17,航天科技,,CNY
23.17,23.6,22.86,23.58,22988991.0,000901.SZ,2026-03-18,航天科技,,CNY
23.16,23.37,22.83,22.97,18380994.0,000901.SZ,2026-03-19,航天科技,,CNY
23.25,23.25,22.2,22.21,18681351.0,000901.SZ,2026-03-20,航天科技,,CNY
21.67,22.29,20.87,21.0,29511501.0,000901.SZ,2026-03-23,航天科技,,CNY
21.5,21.59,20.84,21.55,25145496.0,000901.SZ,2026-03-24,航天科技,,CNY
21.66,22.04,21.59,21.95,17567520.0,000901.SZ,2026-03-25,航天科技,,CNY
22.24,22.29,21.5,21.71,17197276.0,000901.SZ,2026-03-26,航天科技,,CNY
21.28,22.15,21.2,21.96,16578953.0,000901.SZ,2026-03-27,航天科技,,CNY
21.6,22.6,21.52,22.49,28914586.0,000901.SZ,2026-03-30,航天科技,,CNY
22.63,23.15,22.51,22.52,29048054.0,000901.SZ,2026-03-31,航天科技,,CNY
22.87,22.92,22.1,22.3,23213345.0,000901.SZ,2026-04-01,航天科技,,CNY
22.4,22.67,21.66,21.86,17070420.0,000901.SZ,2026-04-02,航天科技,,CNY
21.89,22.0,21.2,21.29,13345529.0,000901.SZ,2026-04-03,航天科技,,CNY
21.45,21.51,21.04,21.19,12386199.0,000901.SZ,2026-04-07,航天科技,,CNY
21.59,22.49,21.59,22.46,25882192.0,000901.SZ,2026-04-08,航天科技,,CNY
22.18,22.84,22.0,22.39,22201089.0,000901.SZ,2026-04-09,航天科技,,CNY
22.51,22.8,22.4,22.41,18651968.0,000901.SZ,2026-04-10,航天科技,,CNY
22.32,22.73,22.21,22.55,15509497.0,000901.SZ,2026-04-13,航天科技,,CNY
22.75,23.1,22.45,23.07,29250166.0,000901.SZ,2026-04-14,航天科技,,CNY
23.15,23.72,22.97,23.08,36103159.0,000901.SZ,2026-04-15,航天科技,,CNY
23.0,23.15,22.57,22.9,23508651.0,000901.SZ,2026-04-16,航天科技,,CNY
22.83,23.34,22.7,23.12,24859861.0,000901.SZ,2026-04-17,航天科技,,CNY
23.16,23.94,23.16,23.93,49952572.0,000901.SZ,2026-04-20,航天科技,,CNY
23.9,24.09,23.33,23.57,34526273.0,000901.SZ,2026-04-21,航天科技,,CNY
23.24,23.39,22.9,23.37,24675212.0,000901.SZ,2026-04-22,航天科技,,CNY
23.26,23.38,22.6,22.83,24901881.0,000901.SZ,2026-04-23,航天科技,,CNY
22.69,22.75,22.06,22.29,20218616.0,000901.SZ,2026-04-24,航天科技,,CNY
22.1,22.2,21.67,21.93,18328407.0,000901.SZ,2026-04-27,航天科技,,CNY
21.98,21.98,21.04,21.11,20365084.0,000901.SZ,2026-04-28,航天科技,,CNY
21.51,23.22,21.51,23.22,42019620.0,000901.SZ,2026-04-29,航天科技,,CNY
23.1,24.26,22.88,24.0,80561235.0,000901.SZ,2026-04-30,航天科技,,CNY
18.44,18.8,17.98,18.56,26313204.0,000902.SZ,2026-03-02,新洋丰,,CNY
18.5,18.6,17.78,17.9,19761682.0,000902.SZ,2026-03-03,新洋丰,,CNY
17.8,19.24,17.69,19.02,36177106.0,000902.SZ,2026-03-04,新洋丰,,CNY
19.1,19.11,18.2,18.41,26850479.0,000902.SZ,2026-03-05,新洋丰,,CNY
18.3,19.4,18.19,19.27,27958515.0,000902.SZ,2026-03-06,新洋丰,,CNY
19.08,19.45,18.23,18.34,33935943.0,000902.SZ,2026-03-09,新洋丰,,CNY
18.0,18.28,17.8,18.16,19624671.0,000902.SZ,2026-03-10,新洋丰,,CNY
18.12,18.5,17.69,18.43,22514349.0,000902.SZ,2026-03-11,新洋丰,,CNY
18.41,18.93,18.06,18.4,21963863.0,000902.SZ,2026-03-12,新洋丰,,CNY
18.52,18.91,18.35,18.39,29294658.0,000902.SZ,2026-03-13,新洋丰,,CNY
18.41,18.71,17.37,17.45,30352780.0,000902.SZ,2026-03-16,新洋丰,,CNY
17.45,17.91,17.28,17.38,21455655.0,000902.SZ,2026-03-17,新洋丰,,CNY
17.31,17.92,17.0,17.8,23057522.0,000902.SZ,2026-03-18,新洋丰,,CNY
17.74,17.83,16.73,16.81,20001800.0,000902.SZ,2026-03-19,新洋丰,,CNY
16.8,16.9,16.18,16.18,17393890.0,000902.SZ,2026-03-20,新洋丰,,CNY
15.9,16.27,15.47,15.77,23175700.0,000902.SZ,2026-03-23,新洋丰,,CNY
15.9,15.93,15.08,15.63,23845446.0,000902.SZ,2026-03-24,新洋丰,,CNY
15.57,15.97,15.45,15.88,13611910.0,000902.SZ,2026-03-25,新洋丰,,CNY
15.88,16.15,15.53,15.65,12771899.0,000902.SZ,2026-03-26,新洋丰,,CNY
15.49,16.06,15.41,15.89,12821200.0,000902.SZ,2026-03-27,新洋丰,,CNY
15.87,16.19,15.86,16.03,11947900.0,000902.SZ,2026-03-30,新洋丰,,CNY
16.0,16.17,15.67,15.68,10414700.0,000902.SZ,2026-03-31,新洋丰,,CNY
15.89,15.94,15.75,15.85,7682581.0,000902.SZ,2026-04-01,新洋丰,,CNY
15.8,15.88,15.53,15.65,8732117.0,000902.SZ,2026-04-02,新洋丰,,CNY
15.7,15.77,15.24,15.34,6704270.0,000902.SZ,2026-04-03,新洋丰,,CNY
15.34,15.77,15.21,15.69,7397400.0,000902.SZ,2026-04-07,新洋丰,,CNY
15.8,15.98,15.61,15.92,11024328.0,000902.SZ,2026-04-08,新洋丰,,CNY
15.9,16.03,15.8,15.86,10967500.0,000902.SZ,2026-04-09,新洋丰,,CNY
15.96,16.23,15.81,15.91,10093500.0,000902.SZ,2026-04-10,新洋丰,,CNY
16.02,16.05,15.56,15.82,10352800.0,000902.SZ,2026-04-13,新洋丰,,CNY
15.89,15.95,15.4,15.58,14074801.0,000902.SZ,2026-04-14,新洋丰,,CNY
15.6,15.64,15.13,15.25,18317800.0,000902.SZ,2026-04-15,新洋丰,,CNY
15.24,15.49,15.21,15.42,13347729.0,000902.SZ,2026-04-16,新洋丰,,CNY
15.38,15.44,15.08,15.17,13040272.0,000902.SZ,2026-04-17,新洋丰,,CNY
15.1,15.15,14.8,14.94,17755908.0,000902.SZ,2026-04-20,新洋丰,,CNY
14.89,15.1,14.75,15.03,10262743.0,000902.SZ,2026-04-21,新洋丰,,CNY
15.1,16.05,15.06,15.95,33955149.0,000902.SZ,2026-04-22,新洋丰,,CNY
15.95,15.95,15.41,15.47,20146481.0,000902.SZ,2026-04-23,新洋丰,,CNY
15.49,15.93,15.46,15.77,14180510.0,000902.SZ,2026-04-24,新洋丰,,CNY
15.71,15.71,15.22,15.28,17282055.0,000902.SZ,2026-04-27,新洋丰,,CNY
15.3,15.53,15.15,15.34,16242503.0,000902.SZ,2026-04-28,新洋丰,,CNY
15.25,15.79,15.05,15.7,19858575.0,000902.SZ,2026-04-29,新洋丰,,CNY
15.7,15.74,15.21,15.24,17999898.0,000902.SZ,2026-04-30,新洋丰,,CNY
15.7,15.78,15.53,15.65,4911400.0,000913.SZ,2026-03-02,钱江摩托,,CNY
15.65,15.77,15.16,15.19,6163774.0,000913.SZ,2026-03-03,钱江摩托,,CNY
15.11,15.17,14.77,15.04,5115400.0,000913.SZ,2026-03-04,钱江摩托,,CNY
15.2,15.2,14.92,14.98,3372730.0,000913.SZ,2026-03-05,钱江摩托,,CNY
14.95,15.64,14.9,15.48,7408496.0,000913.SZ,2026-03-06,钱江摩托,,CNY
15.36,16.17,15.34,15.83,10472793.0,000913.SZ,2026-03-09,钱江摩托,,CNY
15.86,16.12,15.63,15.96,7485400.0,000913.SZ,2026-03-10,钱江摩托,,CNY
15.98,16.44,15.87,16.14,14074674.0,000913.SZ,2026-03-11,钱江摩托,,CNY
16.14,16.3,16.0,16.05,6942300.0,000913.SZ,2026-03-12,钱江摩托,,CNY
15.98,16.15,15.87,15.91,5411970.0,000913.SZ,2026-03-13,钱江摩托,,CNY
15.87,16.04,15.75,16.02,6041700.0,000913.SZ,2026-03-16,钱江摩托,,CNY
15.95,16.33,15.85,15.94,5980964.0,000913.SZ,2026-03-17,钱江摩托,,CNY
15.91,16.01,15.58,15.78,4458278.0,000913.SZ,2026-03-18,钱江摩托,,CNY
15.63,15.89,15.33,15.43,4115700.0,000913.SZ,2026-03-19,钱江摩托,,CNY
15.45,15.57,14.9,14.91,6192200.0,000913.SZ,2026-03-20,钱江摩托,,CNY
14.76,14.77,13.88,14.01,10073058.0,000913.SZ,2026-03-23,钱江摩托,,CNY
14.24,14.39,14.0,14.38,5175631.0,000913.SZ,2026-03-24,钱江摩托,,CNY
14.39,14.58,14.28,14.5,3898700.0,000913.SZ,2026-03-25,钱江摩托,,CNY
14.48,14.61,14.12,14.21,3924986.0,000913.SZ,2026-03-26,钱江摩托,,CNY
14.09,14.3,14.0,14.26,4061000.0,000913.SZ,2026-03-27,钱江摩托,,CNY
14.72,15.25,14.6,15.15,10942615.0,000913.SZ,2026-03-30,钱江摩托,,CNY
15.0,16.67,14.88,16.67,33870411.0,000913.SZ,2026-03-31,钱江摩托,,CNY
16.51,16.51,15.61,15.85,35433545.0,000913.SZ,2026-04-01,钱江摩托,,CNY
15.64,15.69,15.18,15.31,16683585.0,000913.SZ,2026-04-02,钱江摩托,,CNY
15.37,15.5,14.54,14.54,14332201.0,000913.SZ,2026-04-03,钱江摩托,,CNY
14.61,14.67,14.32,14.37,8275700.0,000913.SZ,2026-04-07,钱江摩托,,CNY
14.64,14.87,14.6,14.78,11535048.0,000913.SZ,2026-04-08,钱江摩托,,CNY
14.63,14.72,14.4,14.49,7428900.0,000913.SZ,2026-04-09,钱江摩托,,CNY
14.6,14.76,14.5,14.7,6797128.0,000913.SZ,2026-04-10,钱江摩托,,CNY
14.6,15.0,14.52,14.89,7169602.0,000913.SZ,2026-04-13,钱江摩托,,CNY
14.94,14.98,14.67,14.85,4871600.0,000913.SZ,2026-04-14,钱江摩托,,CNY
14.88,14.94,14.78,14.86,4363353.0,000913.SZ,2026-04-15,钱江摩托,,CNY
14.9,15.31,14.85,15.24,7154601.0,000913.SZ,2026-04-16,钱江摩托,,CNY
15.29,15.85,15.11,15.48,11007517.0,000913.SZ,2026-04-17,钱江摩托,,CNY
15.4,15.63,15.13,15.43,9054501.0,000913.SZ,2026-04-20,钱江摩托,,CNY
15.43,15.57,15.14,15.24,5737302.0,000913.SZ,2026-04-21,钱江摩托,,CNY
14.6,14.7,13.9,14.02,24422266.0,000913.SZ,2026-04-22,钱江摩托,,CNY
13.86,14.01,13.66,13.84,9754832.0,000913.SZ,2026-04-23,钱江摩托,,CNY
13.71,13.84,13.57,13.68,6409600.0,000913.SZ,2026-04-24,钱江摩托,,CNY
13.68,13.69,13.51,13.52,5473454.0,000913.SZ,2026-04-27,钱江摩托,,CNY
13.49,13.6,13.41,13.58,4403650.0,000913.SZ,2026-04-28,钱江摩托,,CNY
13.58,13.72,13.56,13.63,3944700.0,000913.SZ,2026-04-29,钱江摩托,,CNY
13.6,13.65,13.39,13.5,7516200.0,000913.SZ,2026-04-30,钱江摩托,,CNY
5.14,5.35,5.01,5.35,64140325.0,000912.SZ,2026-03-02,泸天化,,CNY
5.57,5.84,5.37,5.4,178832382.0,000912.SZ,2026-03-03,泸天化,,CNY
5.22,5.69,4.97,5.68,148616519.0,000912.SZ,2026-03-04,泸天化,,CNY
5.39,5.51,5.11,5.26,133389747.0,000912.SZ,2026-03-05,泸天化,,CNY
5.09,5.71,5.09,5.54,131634529.0,000912.SZ,2026-03-06,泸天化,,CNY
6.03,6.09,5.76,5.76,175387726.0,000912.SZ,2026-03-09,泸天化,,CNY
5.31,5.69,5.31,5.52,140090712.0,000912.SZ,2026-03-10,泸天化,,CNY
5.47,5.74,5.37,5.65,128746498.0,000912.SZ,2026-03-11,泸天化,,CNY
5.69,5.89,5.56,5.6,143851535.0,000912.SZ,2026-03-12,泸天化,,CNY
5.64,6.16,5.64,6.02,224042768.0,000912.SZ,2026-03-13,泸天化,,CNY
6.12,6.62,6.0,6.12,240776291.0,000912.SZ,2026-03-16,泸天化,,CNY
5.81,6.7,5.79,6.47,241803490.0,000912.SZ,2026-03-17,泸天化,,CNY
6.14,6.14,5.82,5.82,171210277.0,000912.SZ,2026-03-18,泸天化,,CNY
5.98,6.1,5.5,5.55,127458442.0,000912.SZ,2026-03-19,泸天化,,CNY
5.3,5.41,5.01,5.02,118091841.0,000912.SZ,2026-03-20,泸天化,,CNY
4.96,5.35,4.85,5.16,119830473.0,000912.SZ,2026-03-23,泸天化,,CNY
5.08,5.16,4.92,5.14,84890040.0,000912.SZ,2026-03-24,泸天化,,CNY
5.07,5.21,4.99,5.18,78336364.0,000912.SZ,2026-03-25,泸天化,,CNY
5.19,5.38,5.15,5.24,100076339.0,000912.SZ,2026-03-26,泸天化,,CNY
5.09,5.7,5.09,5.59,140674160.0,000912.SZ,2026-03-27,泸天化,,CNY
5.7,5.85,5.48,5.55,103482431.0,000912.SZ,2026-03-30,泸天化,,CNY
5.48,5.68,5.2,5.23,86666035.0,000912.SZ,2026-03-31,泸天化,,CNY
5.29,5.34,5.13,5.16,55984048.0,000912.SZ,2026-04-01,泸天化,,CNY
5.17,5.33,5.11,5.2,61879917.0,000912.SZ,2026-04-02,泸天化,,CNY
5.16,5.17,4.7,4.79,75146256.0,000912.SZ,2026-04-03,泸天化,,CNY
4.79,5.27,4.76,5.27,93440309.0,000912.SZ,2026-04-07,泸天化,,CNY
5.19,5.26,5.02,5.17,111713407.0,000912.SZ,2026-04-08,泸天化,,CNY
5.21,5.27,5.05,5.14,65561022.0,000912.SZ,2026-04-09,泸天化,,CNY
5.15,5.18,5.01,5.06,45855100.0,000912.SZ,2026-04-10,泸天化,,CNY
5.22,5.24,4.97,5.16,76478814.0,000912.SZ,2026-04-13,泸天化,,CNY
5.14,5.25,5.01,5.22,62906021.0,000912.SZ,2026-04-14,泸天化,,CNY
5.18,5.2,5.01,5.03,48197946.0,000912.SZ,2026-04-15,泸天化,,CNY
5.04,5.06,4.9,4.94,59607742.0,000912.SZ,2026-04-16,泸天化,,CNY
4.92,4.97,4.79,4.84,49447100.0,000912.SZ,2026-04-17,泸天化,,CNY
4.85,4.9,4.78,4.89,36096015.0,000912.SZ,2026-04-20,泸天化,,CNY
4.87,5.0,4.73,4.94,53721249.0,000912.SZ,2026-04-21,泸天化,,CNY
4.85,4.98,4.85,4.92,38413410.0,000912.SZ,2026-04-22,泸天化,,CNY
4.91,5.05,4.78,4.94,55224448.0,000912.SZ,2026-04-23,泸天化,,CNY
5.0,5.43,4.96,5.26,170543673.0,000912.SZ,2026-04-24,泸天化,,CNY
5.26,5.26,5.0,5.11,119162534.0,000912.SZ,2026-04-27,泸天化,,CNY
5.12,5.43,5.1,5.36,132807603.0,000912.SZ,2026-04-28,泸天化,,CNY
5.26,5.35,5.18,5.26,87352882.0,000912.SZ,2026-04-29,泸天化,,CNY
5.08,5.15,4.86,4.87,106539946.0,000912.SZ,2026-04-30,泸天化,,CNY
32.12,32.29,31.78,32.05,2470268.0,000915.SZ,2026-03-02,华特达因,,CNY
32.05,32.7,32.05,32.26,4749060.0,000915.SZ,2026-03-03,华特达因,,CNY
32.11,32.21,31.6,31.74,3059100.0,000915.SZ,2026-03-04,华特达因,,CNY
32.0,32.0,31.67,31.78,1879619.0,000915.SZ,2026-03-05,华特达因,,CNY
31.74,32.39,31.67,32.35,2919330.0,000915.SZ,2026-03-06,华特达因,,CNY
32.11,32.38,32.01,32.24,2243330.0,000915.SZ,2026-03-09,华特达因,,CNY
32.28,32.94,32.28,32.94,3930389.0,000915.SZ,2026-03-10,华特达因,,CNY
32.95,33.04,32.54,32.99,3305351.0,000915.SZ,2026-03-11,华特达因,,CNY
32.99,33.25,32.9,33.14,3250292.0,000915.SZ,2026-03-12,华特达因,,CNY
33.1,33.31,32.98,33.1,2321260.0,000915.SZ,2026-03-13,华特达因,,CNY
33.11,33.55,33.01,33.47,3868607.0,000915.SZ,2026-03-16,华特达因,,CNY
33.47,33.8,33.33,33.69,3670761.0,000915.SZ,2026-03-17,华特达因,,CNY
33.53,33.79,32.9,33.21,4576038.0,000915.SZ,2026-03-18,华特达因,,CNY
33.01,33.48,32.72,32.75,3289069.0,000915.SZ,2026-03-19,华特达因,,CNY
32.72,33.15,32.62,32.64,2781255.0,000915.SZ,2026-03-20,华特达因,,CNY
32.51,32.52,30.71,30.92,5805112.0,000915.SZ,2026-03-23,华特达因,,CNY
31.15,31.83,31.01,31.76,3093520.0,000915.SZ,2026-03-24,华特达因,,CNY
31.78,32.24,31.67,31.8,2665720.0,000915.SZ,2026-03-25,华特达因,,CNY
31.75,32.15,31.25,31.33,2578301.0,000915.SZ,2026-03-26,华特达因,,CNY
31.15,31.66,31.0,31.63,2119711.0,000915.SZ,2026-03-27,华特达因,,CNY
31.11,31.61,31.11,31.27,2750665.0,000915.SZ,2026-03-30,华特达因,,CNY
31.33,31.69,31.18,31.19,2450000.0,000915.SZ,2026-03-31,华特达因,,CNY
31.5,32.11,31.21,32.11,3684795.0,000915.SZ,2026-04-01,华特达因,,CNY
32.0,32.35,31.9,32.03,2606054.0,000915.SZ,2026-04-02,华特达因,,CNY
31.92,32.0,31.06,31.17,4118600.0,000915.SZ,2026-04-03,华特达因,,CNY
31.18,31.29,30.75,30.97,2116414.0,000915.SZ,2026-04-07,华特达因,,CNY
31.2,31.67,31.17,31.67,2875900.0,000915.SZ,2026-04-08,华特达因,,CNY
31.32,31.78,31.16,31.29,2552716.0,000915.SZ,2026-04-09,华特达因,,CNY
31.29,31.77,31.2,31.59,2959808.0,000915.SZ,2026-04-10,华特达因,,CNY
31.49,31.55,30.91,30.95,3605423.0,000915.SZ,2026-04-13,华特达因,,CNY
31.0,31.14,30.9,31.0,2294202.0,000915.SZ,2026-04-14,华特达因,,CNY
31.13,31.39,31.1,31.25,2934989.0,000915.SZ,2026-04-15,华特达因,,CNY
31.28,31.66,31.17,31.61,3231480.0,000915.SZ,2026-04-16,华特达因,,CNY
31.6,31.6,31.25,31.35,1852523.0,000915.SZ,2026-04-17,华特达因,,CNY
31.35,31.45,31.17,31.26,2527110.0,000915.SZ,2026-04-20,华特达因,,CNY
31.25,31.39,31.13,31.2,2107700.0,000915.SZ,2026-04-21,华特达因,,CNY
31.18,31.18,29.64,30.17,7244790.0,000915.SZ,2026-04-22,华特达因,,CNY
30.19,30.29,29.98,30.13,2791680.0,000915.SZ,2026-04-23,华特达因,,CNY
29.2,29.2,28.2,28.4,12022073.0,000915.SZ,2026-04-24,华特达因,,CNY
28.45,28.68,28.01,28.1,6951235.0,000915.SZ,2026-04-27,华特达因,,CNY
28.1,28.45,28.01,28.32,4285814.0,000915.SZ,2026-04-28,华特达因,,CNY
28.32,28.75,28.19,28.64,3551234.0,000915.SZ,2026-04-29,华特达因,,CNY
28.65,28.99,28.54,28.96,3548701.0,000915.SZ,2026-04-30,华特达因,,CNY
11.33,11.6,10.98,11.03,97737033.0,000917.SZ,2026-03-02,电广传媒,,CNY
11.03,11.24,10.62,10.65,74354139.0,000917.SZ,2026-03-03,电广传媒,,CNY
10.44,10.66,10.25,10.3,53367256.0,000917.SZ,2026-03-04,电广传媒,,CNY
10.55,10.63,10.3,10.37,40259030.0,000917.SZ,2026-03-05,电广传媒,,CNY
10.27,10.4,10.22,10.28,34955472.0,000917.SZ,2026-03-06,电广传媒,,CNY
10.1,10.2,9.79,10.2,52135522.0,000917.SZ,2026-03-09,电广传媒,,CNY
10.54,10.79,10.38,10.53,64924433.0,000917.SZ,2026-03-10,电广传媒,,CNY
10.51,10.7,10.43,10.57,47723333.0,000917.SZ,2026-03-11,电广传媒,,CNY
10.5,10.51,10.13,10.16,43122000.0,000917.SZ,2026-03-12,电广传媒,,CNY
10.03,10.13,9.91,9.97,37340959.0,000917.SZ,2026-03-13,电广传媒,,CNY
9.96,10.13,9.83,10.09,30134466.0,000917.SZ,2026-03-16,电广传媒,,CNY
10.11,10.13,9.84,9.84,27829464.0,000917.SZ,2026-03-17,电广传媒,,CNY
9.93,10.24,9.81,10.23,37358989.0,000917.SZ,2026-03-18,电广传媒,,CNY
9.99,10.11,9.92,9.98,32943179.0,000917.SZ,2026-03-19,电广传媒,,CNY
10.04,10.09,9.72,9.72,34506237.0,000917.SZ,2026-03-20,电广传媒,,CNY
9.5,9.53,9.0,9.08,48859877.0,000917.SZ,2026-03-23,电广传媒,,CNY
9.29,9.34,9.06,9.26,31642356.0,000917.SZ,2026-03-24,电广传媒,,CNY
9.31,9.51,9.31,9.43,29171573.0,000917.SZ,2026-03-25,电广传媒,,CNY
9.58,9.58,9.18,9.25,25836223.0,000917.SZ,2026-03-26,电广传媒,,CNY
9.09,9.36,9.09,9.33,22172249.0,000917.SZ,2026-03-27,电广传媒,,CNY
9.15,9.37,9.07,9.36,23261275.0,000917.SZ,2026-03-30,电广传媒,,CNY
9.46,9.55,9.33,9.35,30475416.0,000917.SZ,2026-03-31,电广传媒,,CNY
9.6,10.07,9.51,9.8,77703813.0,000917.SZ,2026-04-01,电广传媒,,CNY
9.67,9.69,9.19,9.29,55733118.0,000917.SZ,2026-04-02,电广传媒,,CNY
9.3,9.35,8.98,9.03,32122827.0,000917.SZ,2026-04-03,电广传媒,,CNY
9.07,9.11,8.88,8.96,26860252.0,000917.SZ,2026-04-07,电广传媒,,CNY
9.31,9.86,9.3,9.86,82638079.0,000917.SZ,2026-04-08,电广传媒,,CNY
9.66,9.89,9.6,9.79,74091655.0,000917.SZ,2026-04-09,电广传媒,,CNY
9.88,9.92,9.73,9.73,42742376.0,000917.SZ,2026-04-10,电广传媒,,CNY
9.75,9.86,9.68,9.74,31613678.0,000917.SZ,2026-04-13,电广传媒,,CNY
9.88,9.98,9.77,9.94,40427030.0,000917.SZ,2026-04-14,电广传媒,,CNY
9.97,9.97,9.73,9.74,32051701.0,000917.SZ,2026-04-15,电广传媒,,CNY
9.76,9.92,9.76,9.89,31372445.0,000917.SZ,2026-04-16,电广传媒,,CNY
9.83,9.97,9.78,9.9,30574093.0,000917.SZ,2026-04-17,电广传媒,,CNY
9.9,10.11,9.9,10.01,38144224.0,000917.SZ,2026-04-20,电广传媒,,CNY
10.01,10.15,9.82,9.94,40351561.0,000917.SZ,2026-04-21,电广传媒,,CNY
9.87,9.95,9.78,9.93,26914513.0,000917.SZ,2026-04-22,电广传媒,,CNY
9.93,10.13,9.91,10.0,47154352.0,000917.SZ,2026-04-23,电广传媒,,CNY
9.97,10.14,9.87,10.1,41201890.0,000917.SZ,2026-04-24,电广传媒,,CNY
10.1,10.16,9.95,10.14,38677142.0,000917.SZ,2026-04-27,电广传媒,,CNY
9.14,9.32,9.13,9.13,66091393.0,000917.SZ,2026-04-28,电广传媒,,CNY
8.96,9.02,8.82,8.87,54860150.0,000917.SZ,2026-04-29,电广传媒,,CNY
8.86,8.94,8.68,8.74,41125360.0,000917.SZ,2026-04-30,电广传媒,,CNY
6.12,6.23,6.05,6.14,11388371.0,000553.SZ,2026-03-02,安道麦,,CNY
6.16,6.24,5.95,5.97,11215700.0,000553.SZ,2026-03-03,安道麦,,CNY
5.88,6.07,5.88,5.97,9444800.0,000553.SZ,2026-03-04,安道麦,,CNY
6.03,6.06,5.86,5.88,8708333.0,000553.SZ,2026-03-05,安道麦,,CNY
5.86,6.29,5.85,6.23,12966688.0,000553.SZ,2026-03-06,安道麦,,CNY
6.22,6.43,6.15,6.19,17486201.0,000553.SZ,2026-03-09,安道麦,,CNY
6.17,6.24,5.94,5.96,19491301.0,000553.SZ,2026-03-10,安道麦,,CNY
5.97,6.18,5.88,6.18,18479767.0,000553.SZ,2026-03-11,安道麦,,CNY
6.25,6.8,6.22,6.8,31290012.0,000553.SZ,2026-03-12,安道麦,,CNY
6.88,6.95,6.68,6.71,53660369.0,000553.SZ,2026-03-13,安道麦,,CNY
6.71,7.25,6.61,6.64,42674637.0,000553.SZ,2026-03-16,安道麦,,CNY
6.6,6.77,6.4,6.44,27506377.0,000553.SZ,2026-03-17,安道麦,,CNY
6.52,6.52,6.25,6.31,21103558.0,000553.SZ,2026-03-18,安道麦,,CNY
6.29,6.36,5.87,5.91,29241801.0,000553.SZ,2026-03-19,安道麦,,CNY
5.94,5.94,5.7,5.73,18615010.0,000553.SZ,2026-03-20,安道麦,,CNY
5.6,5.8,5.51,5.57,18854023.0,000553.SZ,2026-03-23,安道麦,,CNY
5.65,5.67,5.49,5.66,11541488.0,000553.SZ,2026-03-24,安道麦,,CNY
5.66,6.03,5.63,5.91,16530900.0,000553.SZ,2026-03-25,安道麦,,CNY
5.91,6.1,5.86,5.89,11560948.0,000553.SZ,2026-03-26,安道麦,,CNY
5.81,6.48,5.81,6.48,25950792.0,000553.SZ,2026-03-27,安道麦,,CNY
6.46,6.63,6.35,6.47,42291103.0,000553.SZ,2026-03-30,安道麦,,CNY
6.47,6.49,6.28,6.32,18741205.0,000553.SZ,2026-03-31,安道麦,,CNY
6.44,6.48,6.29,6.41,15305893.0,000553.SZ,2026-04-01,安道麦,,CNY
6.45,6.51,6.26,6.31,13113800.0,000553.SZ,2026-04-02,安道麦,,CNY
6.34,6.37,5.97,6.04,12935778.0,000553.SZ,2026-04-03,安道麦,,CNY
6.05,6.48,6.02,6.46,19552558.0,000553.SZ,2026-04-07,安道麦,,CNY
6.38,6.39,6.26,6.35,19420332.0,000553.SZ,2026-04-08,安道麦,,CNY
6.38,6.52,6.28,6.38,18724723.0,000553.SZ,2026-04-09,安道麦,,CNY
6.43,6.44,6.29,6.36,12630600.0,000553.SZ,2026-04-10,安道麦,,CNY
6.35,6.37,6.2,6.3,9462495.0,000553.SZ,2026-04-13,安道麦,,CNY
6.32,6.39,6.21,6.33,8736220.0,000553.SZ,2026-04-14,安道麦,,CNY
6.33,6.39,6.18,6.2,8521379.0,000553.SZ,2026-04-15,安道麦,,CNY
6.22,6.35,6.16,6.29,9892023.0,000553.SZ,2026-04-16,安道麦,,CNY
6.26,6.32,6.17,6.21,7989311.0,000553.SZ,2026-04-17,安道麦,,CNY
6.18,6.29,6.14,6.19,7142628.0,000553.SZ,2026-04-20,安道麦,,CNY
6.18,6.22,6.08,6.14,6388380.0,000553.SZ,2026-04-21,安道麦,,CNY
6.14,6.18,6.09,6.11,7411400.0,000553.SZ,2026-04-22,安道麦,,CNY
6.11,6.18,6.03,6.09,7625915.0,000553.SZ,2026-04-23,安道麦,,CNY
6.08,6.21,6.05,6.18,8337840.0,000553.SZ,2026-04-24,安道麦,,CNY
6.15,6.21,6.1,6.2,5785208.0,000553.SZ,2026-04-27,安道麦,,CNY
6.21,6.33,6.16,6.23,8486544.0,000553.SZ,2026-04-28,安道麦,,CNY
6.19,6.21,6.06,6.2,9261200.0,000553.SZ,2026-04-29,安道麦,,CNY
6.82,6.82,6.82,6.82,12056187.0,000553.SZ,2026-04-30,安道麦,,CNY
9.86,9.86,9.57,9.86,30756586.0,000554.SZ,2026-03-02,泰山石油,,CNY
10.85,10.85,10.74,10.85,22117258.0,000554.SZ,2026-03-03,泰山石油,,CNY
11.93,11.94,10.42,11.62,169495793.0,000554.SZ,2026-03-04,泰山石油,,CNY
11.44,11.6,10.47,10.89,124657488.0,000554.SZ,2026-03-05,泰山石油,,CNY
10.55,10.7,10.15,10.38,80725570.0,000554.SZ,2026-03-06,泰山石油,,CNY
11.42,11.42,10.35,10.41,116622044.0,000554.SZ,2026-03-09,泰山石油,,CNY
9.37,9.81,9.37,9.61,80864757.0,000554.SZ,2026-03-10,泰山石油,,CNY
9.57,9.78,9.5,9.72,62765922.0,000554.SZ,2026-03-11,泰山石油,,CNY
9.88,9.92,9.47,9.58,61938521.0,000554.SZ,2026-03-12,泰山石油,,CNY
9.73,9.79,9.23,9.29,47525986.0,000554.SZ,2026-03-13,泰山石油,,CNY
9.3,9.92,9.3,9.44,58313760.0,000554.SZ,2026-03-16,泰山石油,,CNY
9.32,9.47,9.08,9.21,48182386.0,000554.SZ,2026-03-17,泰山石油,,CNY
8.98,9.04,8.8,8.95,38526543.0,000554.SZ,2026-03-18,泰山石油,,CNY
9.36,9.48,9.01,9.29,67624428.0,000554.SZ,2026-03-19,泰山石油,,CNY
8.77,8.89,8.51,8.59,49703486.0,000554.SZ,2026-03-20,泰山石油,,CNY
8.71,8.71,8.35,8.44,39721501.0,000554.SZ,2026-03-23,泰山石油,,CNY
8.38,8.51,8.12,8.49,43738217.0,000554.SZ,2026-03-24,泰山石油,,CNY
8.3,8.41,8.2,8.39,30899589.0,000554.SZ,2026-03-25,泰山石油,,CNY
8.38,8.5,8.21,8.4,40957536.0,000554.SZ,2026-03-26,泰山石油,,CNY
8.34,8.54,8.26,8.52,36363623.0,000554.SZ,2026-03-27,泰山石油,,CNY
8.89,8.9,8.37,8.45,44144934.0,000554.SZ,2026-03-30,泰山石油,,CNY
8.42,8.55,8.19,8.24,33419028.0,000554.SZ,2026-03-31,泰山石油,,CNY
8.24,8.34,8.13,8.16,27946496.0,000554.SZ,2026-04-01,泰山石油,,CNY
8.28,8.62,8.23,8.55,60746983.0,000554.SZ,2026-04-02,泰山石油,,CNY
8.47,8.51,8.13,8.22,36619100.0,000554.SZ,2026-04-03,泰山石油,,CNY
8.15,8.44,7.95,8.44,35838442.0,000554.SZ,2026-04-07,泰山石油,,CNY
8.16,8.25,7.85,8.11,45225757.0,000554.SZ,2026-04-08,泰山石油,,CNY
8.27,8.3,8.09,8.18,33606997.0,000554.SZ,2026-04-09,泰山石油,,CNY
8.14,8.21,8.06,8.18,21680455.0,000554.SZ,2026-04-10,泰山石油,,CNY
8.29,8.57,8.07,8.56,51954448.0,000554.SZ,2026-04-13,泰山石油,,CNY
8.29,8.35,8.15,8.24,38340795.0,000554.SZ,2026-04-14,泰山石油,,CNY
8.13,8.13,7.95,7.98,32132449.0,000554.SZ,2026-04-15,泰山石油,,CNY
7.95,8.02,7.81,8.0,20586035.0,000554.SZ,2026-04-16,泰山石油,,CNY
8.0,8.05,7.85,7.92,18339031.0,000554.SZ,2026-04-17,泰山石油,,CNY
7.95,7.99,7.87,7.97,17700857.0,000554.SZ,2026-04-20,泰山石油,,CNY
7.96,7.96,7.79,7.88,20463718.0,000554.SZ,2026-04-21,泰山石油,,CNY
7.89,7.94,7.78,7.81,16463401.0,000554.SZ,2026-04-22,泰山石油,,CNY
7.83,8.08,7.8,8.04,38713872.0,000554.SZ,2026-04-23,泰山石油,,CNY
8.02,8.09,7.78,7.93,28492603.0,000554.SZ,2026-04-24,泰山石油,,CNY
7.94,8.03,7.83,8.03,21210401.0,000554.SZ,2026-04-27,泰山石油,,CNY
8.03,8.06,7.87,7.98,21524400.0,000554.SZ,2026-04-28,泰山石油,,CNY
7.97,8.1,7.96,8.09,23757653.0,000554.SZ,2026-04-29,泰山石油,,CNY
8.25,8.31,8.12,8.19,30784723.0,000554.SZ,2026-04-30,泰山石油,,CNY
17.63,17.92,17.3,17.46,44666428.0,000555.SZ,2026-03-02,神州信息,,CNY
17.76,17.95,16.42,16.52,42113706.0,000555.SZ,2026-03-03,神州信息,,CNY
16.26,16.79,16.18,16.38,24646283.0,000555.SZ,2026-03-04,神州信息,,CNY
16.9,18.02,16.7,18.02,39322126.0,000555.SZ,2026-03-05,神州信息,,CNY
18.0,18.4,17.66,18.33,89612724.0,000555.SZ,2026-03-06,神州信息,,CNY
18.1,18.75,18.03,18.7,78700217.0,000555.SZ,2026-03-09,神州信息,,CNY
18.72,18.86,18.38,18.76,73734737.0,000555.SZ,2026-03-10,神州信息,,CNY
18.65,18.91,18.51,18.64,50200342.0,000555.SZ,2026-03-11,神州信息,,CNY
18.58,18.82,18.3,18.42,45747471.0,000555.SZ,2026-03-12,神州信息,,CNY
18.25,18.33,17.6,17.74,43989076.0,000555.SZ,2026-03-13,神州信息,,CNY
17.74,18.37,17.62,18.33,43398056.0,000555.SZ,2026-03-16,神州信息,,CNY
18.15,18.22,17.38,17.39,36027536.0,000555.SZ,2026-03-17,神州信息,,CNY
17.59,18.55,17.49,18.47,48457174.0,000555.SZ,2026-03-18,神州信息,,CNY
18.0,18.54,18.0,18.25,36506438.0,000555.SZ,2026-03-19,神州信息,,CNY
20.08,20.08,17.66,17.66,95925967.0,000555.SZ,2026-03-20,神州信息,,CNY
16.61,17.07,16.06,16.19,65948880.0,000555.SZ,2026-03-23,神州信息,,CNY
16.53,16.65,15.68,16.22,45565542.0,000555.SZ,2026-03-24,神州信息,,CNY
16.17,16.9,16.17,16.47,37756406.0,000555.SZ,2026-03-25,神州信息,,CNY
16.39,16.45,15.26,15.3,51684894.0,000555.SZ,2026-03-26,神州信息,,CNY
14.85,15.66,14.85,15.54,27090522.0,000555.SZ,2026-03-27,神州信息,,CNY
15.29,15.63,15.05,15.63,20533555.0,000555.SZ,2026-03-30,神州信息,,CNY
15.66,15.89,15.31,15.35,21858049.0,000555.SZ,2026-03-31,神州信息,,CNY
15.72,15.8,14.79,14.89,40603012.0,000555.SZ,2026-04-01,神州信息,,CNY
14.69,14.76,14.0,14.13,40192099.0,000555.SZ,2026-04-02,神州信息,,CNY
14.21,14.34,13.73,13.83,22760446.0,000555.SZ,2026-04-03,神州信息,,CNY
13.89,14.38,13.89,14.29,26854567.0,000555.SZ,2026-04-07,神州信息,,CNY
14.7,15.22,14.64,15.21,29188228.0,000555.SZ,2026-04-08,神州信息,,CNY
15.0,15.15,14.88,14.93,19834694.0,000555.SZ,2026-04-09,神州信息,,CNY
15.02,15.22,15.01,15.02,19046343.0,000555.SZ,2026-04-10,神州信息,,CNY
14.84,15.2,14.8,15.08,15601783.0,000555.SZ,2026-04-13,神州信息,,CNY
15.24,15.39,15.21,15.36,17554590.0,000555.SZ,2026-04-14,神州信息,,CNY
16.9,16.9,15.68,16.0,97139315.0,000555.SZ,2026-04-15,神州信息,,CNY
16.49,16.78,16.0,16.3,83853304.0,000555.SZ,2026-04-16,神州信息,,CNY
15.97,16.05,15.62,15.84,56601325.0,000555.SZ,2026-04-17,神州信息,,CNY
15.8,15.8,15.58,15.72,34541416.0,000555.SZ,2026-04-20,神州信息,,CNY
15.66,15.66,15.24,15.38,29142590.0,000555.SZ,2026-04-21,神州信息,,CNY
15.31,15.5,15.17,15.5,23716620.0,000555.SZ,2026-04-22,神州信息,,CNY
15.41,15.47,14.94,15.08,28205640.0,000555.SZ,2026-04-23,神州信息,,CNY
14.88,15.07,14.64,14.95,20602200.0,000555.SZ,2026-04-24,神州信息,,CNY
14.95,15.04,14.56,14.97,22550116.0,000555.SZ,2026-04-27,神州信息,,CNY
14.47,14.48,13.65,13.74,49377540.0,000555.SZ,2026-04-28,神州信息,,CNY
13.6,13.85,13.55,13.68,23097082.0,000555.SZ,2026-04-29,神州信息,,CNY
13.7,13.82,13.6,13.71,17710684.0,000555.SZ,2026-04-30,神州信息,,CNY
5.01,5.08,4.95,5.04,14803807.0,000557.SZ,2026-03-02,西部创业,,CNY
5.06,5.12,5.04,5.09,24505320.0,000557.SZ,2026-03-03,西部创业,,CNY
5.06,5.06,4.91,4.93,20377020.0,000557.SZ,2026-03-04,西部创业,,CNY
5.0,5.0,4.92,4.94,11789420.0,000557.SZ,2026-03-05,西部创业,,CNY
4.92,5.05,4.92,5.04,12692499.0,000557.SZ,2026-03-06,西部创业,,CNY
5.01,5.07,4.98,5.03,13660736.0,000557.SZ,2026-03-09,西部创业,,CNY
5.04,5.07,5.02,5.05,9511488.0,000557.SZ,2026-03-10,西部创业,,CNY
5.04,5.14,5.01,5.13,19984457.0,000557.SZ,2026-03-11,西部创业,,CNY
5.12,5.18,5.09,5.16,17970619.0,000557.SZ,2026-03-12,西部创业,,CNY
5.16,5.23,5.12,5.16,25119613.0,000557.SZ,2026-03-13,西部创业,,CNY
5.16,5.19,5.13,5.15,14556800.0,000557.SZ,2026-03-16,西部创业,,CNY
5.16,5.18,5.09,5.1,10734000.0,000557.SZ,2026-03-17,西部创业,,CNY
5.13,5.14,5.02,5.08,11183734.0,000557.SZ,2026-03-18,西部创业,,CNY
5.05,5.1,5.01,5.01,9739100.0,000557.SZ,2026-03-19,西部创业,,CNY
5.03,5.05,4.9,4.9,15693342.0,000557.SZ,2026-03-20,西部创业,,CNY
4.81,4.85,4.45,4.5,33150876.0,000557.SZ,2026-03-23,西部创业,,CNY
4.55,4.6,4.47,4.59,11791232.0,000557.SZ,2026-03-24,西部创业,,CNY
4.58,4.73,4.56,4.7,14144389.0,000557.SZ,2026-03-25,西部创业,,CNY
4.74,4.83,4.7,4.76,14300800.0,000557.SZ,2026-03-26,西部创业,,CNY
4.71,4.76,4.67,4.7,11591115.0,000557.SZ,2026-03-27,西部创业,,CNY
4.67,4.74,4.6,4.73,8725901.0,000557.SZ,2026-03-30,西部创业,,CNY
4.73,4.81,4.7,4.72,8229519.0,000557.SZ,2026-03-31,西部创业,,CNY
4.77,4.79,4.67,4.7,9304352.0,000557.SZ,2026-04-01,西部创业,,CNY
4.68,4.71,4.64,4.66,6832747.0,000557.SZ,2026-04-02,西部创业,,CNY
4.66,4.67,4.53,4.54,7073174.0,000557.SZ,2026-04-03,西部创业,,CNY
4.54,4.67,4.51,4.67,8037563.0,000557.SZ,2026-04-07,西部创业,,CNY
4.7,4.78,4.68,4.76,9741014.0,000557.SZ,2026-04-08,西部创业,,CNY
4.75,4.77,4.66,4.69,8933200.0,000557.SZ,2026-04-09,西部创业,,CNY
4.73,4.82,4.7,4.75,8741662.0,000557.SZ,2026-04-10,西部创业,,CNY
4.73,4.76,4.69,4.74,6919871.0,000557.SZ,2026-04-13,西部创业,,CNY
4.75,4.76,4.68,4.71,7603889.0,000557.SZ,2026-04-14,西部创业,,CNY
4.72,4.72,4.67,4.67,5621704.0,000557.SZ,2026-04-15,西部创业,,CNY
4.67,4.71,4.65,4.68,5362708.0,000557.SZ,2026-04-16,西部创业,,CNY
4.67,4.71,4.62,4.68,7924655.0,000557.SZ,2026-04-17,西部创业,,CNY
4.67,4.78,4.65,4.71,8927305.0,000557.SZ,2026-04-20,西部创业,,CNY
4.71,4.74,4.65,4.68,7815110.0,000557.SZ,2026-04-21,西部创业,,CNY
4.67,4.69,4.65,4.67,5675429.0,000557.SZ,2026-04-22,西部创业,,CNY
4.66,4.68,4.6,4.65,6656268.0,000557.SZ,2026-04-23,西部创业,,CNY
4.66,4.66,4.59,4.62,5875200.0,000557.SZ,2026-04-24,西部创业,,CNY
4.62,4.65,4.58,4.62,6271200.0,000557.SZ,2026-04-27,西部创业,,CNY
4.61,4.67,4.61,4.64,4942800.0,000557.SZ,2026-04-28,西部创业,,CNY
4.64,4.73,4.64,4.69,8008364.0,000557.SZ,2026-04-29,西部创业,,CNY
4.68,4.75,4.65,4.7,9240668.0,000557.SZ,2026-04-30,西部创业,,CNY
5.03,5.03,4.83,4.83,48830097.0,000558.SZ,2026-03-02,天府文旅,,CNY
4.81,4.86,4.72,4.73,36961843.0,000558.SZ,2026-03-03,天府文旅,,CNY
4.65,4.68,4.55,4.57,40887710.0,000558.SZ,2026-03-04,天府文旅,,CNY
4.65,4.75,4.62,4.68,34654774.0,000558.SZ,2026-03-05,天府文旅,,CNY
4.65,4.77,4.63,4.76,26278394.0,000558.SZ,2026-03-06,天府文旅,,CNY
4.67,4.74,4.63,4.7,24147929.0,000558.SZ,2026-03-09,天府文旅,,CNY
4.75,4.82,4.74,4.8,24351774.0,000558.SZ,2026-03-10,天府文旅,,CNY
4.8,4.81,4.71,4.76,21681937.0,000558.SZ,2026-03-11,天府文旅,,CNY
4.84,4.85,4.75,4.78,22632930.0,000558.SZ,2026-03-12,天府文旅,,CNY
4.76,4.85,4.74,4.75,26771741.0,000558.SZ,2026-03-13,天府文旅,,CNY
4.77,4.8,4.73,4.79,16687950.0,000558.SZ,2026-03-16,天府文旅,,CNY
4.8,4.84,4.72,4.75,18463570.0,000558.SZ,2026-03-17,天府文旅,,CNY
4.72,4.74,4.63,4.7,20596600.0,000558.SZ,2026-03-18,天府文旅,,CNY
4.65,4.69,4.54,4.57,22331612.0,000558.SZ,2026-03-19,天府文旅,,CNY
4.59,4.63,4.5,4.52,26622154.0,000558.SZ,2026-03-20,天府文旅,,CNY
4.4,4.43,4.2,4.22,37296980.0,000558.SZ,2026-03-23,天府文旅,,CNY
4.33,4.45,4.25,4.44,40832100.0,000558.SZ,2026-03-24,天府文旅,,CNY
4.43,4.6,4.43,4.59,31018053.0,000558.SZ,2026-03-25,天府文旅,,CNY
4.58,4.64,4.52,4.54,24995400.0,000558.SZ,2026-03-26,天府文旅,,CNY
4.45,4.62,4.4,4.6,19919250.0,000558.SZ,2026-03-27,天府文旅,,CNY
4.55,4.6,4.48,4.57,17719349.0,000558.SZ,2026-03-30,天府文旅,,CNY
4.55,4.73,4.55,4.62,37632865.0,000558.SZ,2026-03-31,天府文旅,,CNY
4.65,4.67,4.51,4.63,29313147.0,000558.SZ,2026-04-01,天府文旅,,CNY
4.59,4.6,4.49,4.52,19282896.0,000558.SZ,2026-04-02,天府文旅,,CNY
4.56,4.56,4.34,4.35,20968800.0,000558.SZ,2026-04-03,天府文旅,,CNY
4.38,4.51,4.36,4.5,24943705.0,000558.SZ,2026-04-07,天府文旅,,CNY
4.55,4.65,4.55,4.64,24466041.0,000558.SZ,2026-04-08,天府文旅,,CNY
4.6,4.62,4.47,4.49,26887950.0,000558.SZ,2026-04-09,天府文旅,,CNY
4.49,4.56,4.48,4.48,21653950.0,000558.SZ,2026-04-10,天府文旅,,CNY
4.44,4.5,4.41,4.48,17402209.0,000558.SZ,2026-04-13,天府文旅,,CNY
4.52,4.55,4.42,4.48,22654800.0,000558.SZ,2026-04-14,天府文旅,,CNY
4.49,4.51,4.43,4.45,25759920.0,000558.SZ,2026-04-15,天府文旅,,CNY
4.43,4.59,4.42,4.58,44932737.0,000558.SZ,2026-04-16,天府文旅,,CNY
4.58,4.58,4.43,4.47,40590546.0,000558.SZ,2026-04-17,天府文旅,,CNY
4.47,4.57,4.36,4.55,37015850.0,000558.SZ,2026-04-20,天府文旅,,CNY
4.55,4.62,4.45,4.48,32858511.0,000558.SZ,2026-04-21,天府文旅,,CNY
4.46,4.47,4.4,4.41,24006974.0,000558.SZ,2026-04-22,天府文旅,,CNY
4.35,4.39,4.25,4.28,39272315.0,000558.SZ,2026-04-23,天府文旅,,CNY
4.25,4.29,4.15,4.2,29428756.0,000558.SZ,2026-04-24,天府文旅,,CNY
4.18,4.26,4.08,4.26,35624093.0,000558.SZ,2026-04-27,天府文旅,,CNY
4.22,4.25,4.08,4.11,33819300.0,000558.SZ,2026-04-28,天府文旅,,CNY
4.11,4.21,4.08,4.17,30723090.0,000558.SZ,2026-04-29,天府文旅,,CNY
4.17,4.29,4.15,4.25,38613950.0,000558.SZ,2026-04-30,天府文旅,,CNY
19.26,19.53,18.6,18.68,162375550.0,000559.SZ,2026-03-02,万向钱潮,,CNY
18.67,19.09,17.04,17.2,152114585.0,000559.SZ,2026-03-03,万向钱潮,,CNY
16.91,17.64,16.91,17.49,86154695.0,000559.SZ,2026-03-04,万向钱潮,,CNY
17.9,18.18,17.71,17.86,97815051.0,000559.SZ,2026-03-05,万向钱潮,,CNY
17.73,18.26,17.63,17.89,70105313.0,000559.SZ,2026-03-06,万向钱潮,,CNY
17.47,17.75,17.1,17.66,76558576.0,000559.SZ,2026-03-09,万向钱潮,,CNY
18.0,18.62,17.8,18.37,134427603.0,000559.SZ,2026-03-10,万向钱潮,,CNY
18.27,18.45,17.84,17.89,94550203.0,000559.SZ,2026-03-11,万向钱潮,,CNY
17.81,18.07,17.51,17.57,71948282.0,000559.SZ,2026-03-12,万向钱潮,,CNY
17.3,17.48,16.85,16.95,75597794.0,000559.SZ,2026-03-13,万向钱潮,,CNY
16.81,16.89,16.36,16.69,58466531.0,000559.SZ,2026-03-16,万向钱潮,,CNY
16.89,17.0,16.3,16.32,58857286.0,000559.SZ,2026-03-17,万向钱潮,,CNY
16.36,16.6,16.21,16.57,45386755.0,000559.SZ,2026-03-18,万向钱潮,,CNY
16.23,16.28,15.83,15.92,56713632.0,000559.SZ,2026-03-19,万向钱潮,,CNY
15.99,16.15,15.5,15.55,46802413.0,000559.SZ,2026-03-20,万向钱潮,,CNY
15.29,15.7,14.75,14.83,84941180.0,000559.SZ,2026-03-23,万向钱潮,,CNY
15.18,15.22,14.64,15.01,66667579.0,000559.SZ,2026-03-24,万向钱潮,,CNY
15.06,15.73,15.06,15.6,85475624.0,000559.SZ,2026-03-25,万向钱潮,,CNY
15.49,15.95,15.4,15.46,77031349.0,000559.SZ,2026-03-26,万向钱潮,,CNY
15.11,15.56,15.11,15.43,46780290.0,000559.SZ,2026-03-27,万向钱潮,,CNY
15.15,15.46,15.08,15.4,39423637.0,000559.SZ,2026-03-30,万向钱潮,,CNY
15.4,15.95,15.4,15.43,64552589.0,000559.SZ,2026-03-31,万向钱潮,,CNY
15.79,15.95,15.43,15.69,70350525.0,000559.SZ,2026-04-01,万向钱潮,,CNY
15.55,15.68,15.16,15.24,49700991.0,000559.SZ,2026-04-02,万向钱潮,,CNY
15.41,15.42,14.79,14.8,42553207.0,000559.SZ,2026-04-03,万向钱潮,,CNY
15.01,15.1,14.77,14.85,35119940.0,000559.SZ,2026-04-07,万向钱潮,,CNY
15.26,15.72,15.2,15.69,61902961.0,000559.SZ,2026-04-08,万向钱潮,,CNY
15.41,15.52,15.08,15.31,50293754.0,000559.SZ,2026-04-09,万向钱潮,,CNY
15.47,16.84,15.4,16.32,184707684.0,000559.SZ,2026-04-10,万向钱潮,,CNY
15.9,16.18,15.86,16.15,112410667.0,000559.SZ,2026-04-13,万向钱潮,,CNY
16.33,16.58,16.03,16.46,100146547.0,000559.SZ,2026-04-14,万向钱潮,,CNY
16.6,16.7,16.18,16.28,99671032.0,000559.SZ,2026-04-15,万向钱潮,,CNY
16.69,16.78,16.3,16.54,92795692.0,000559.SZ,2026-04-16,万向钱潮,,CNY
16.28,16.45,16.11,16.29,73048265.0,000559.SZ,2026-04-17,万向钱潮,,CNY
16.3,16.84,16.2,16.6,110564044.0,000559.SZ,2026-04-20,万向钱潮,,CNY
16.44,17.7,16.21,17.27,167208158.0,000559.SZ,2026-04-21,万向钱潮,,CNY
16.98,17.34,16.85,17.15,96435032.0,000559.SZ,2026-04-22,万向钱潮,,CNY
17.16,18.78,16.53,17.98,200423122.0,000559.SZ,2026-04-23,万向钱潮,,CNY
17.58,18.01,17.5,17.7,116958656.0,000559.SZ,2026-04-24,万向钱潮,,CNY
17.0,17.42,16.67,17.08,98891659.0,000559.SZ,2026-04-27,万向钱潮,,CNY
16.8,16.9,15.73,15.76,111151896.0,000559.SZ,2026-04-28,万向钱潮,,CNY
15.7,16.11,15.6,15.84,60608791.0,000559.SZ,2026-04-29,万向钱潮,,CNY
15.73,16.43,15.72,16.09,61952657.0,000559.SZ,2026-04-30,万向钱潮,,CNY
3.33,3.36,3.21,3.27,146766535.0,000560.SZ,2026-03-02,我爱我家,,CNY
3.28,3.34,3.19,3.21,169483486.0,000560.SZ,2026-03-03,我爱我家,,CNY
3.16,3.28,3.13,3.24,138774705.0,000560.SZ,2026-03-04,我爱我家,,CNY
3.27,3.3,3.18,3.2,121995063.0,000560.SZ,2026-03-05,我爱我家,,CNY
3.19,3.3,3.16,3.29,133687258.0,000560.SZ,2026-03-06,我爱我家,,CNY
3.21,3.26,3.16,3.22,104025688.0,000560.SZ,2026-03-09,我爱我家,,CNY
3.25,3.26,3.17,3.19,99177331.0,000560.SZ,2026-03-10,我爱我家,,CNY
3.19,3.23,3.15,3.21,113312064.0,000560.SZ,2026-03-11,我爱我家,,CNY
3.2,3.26,3.18,3.22,91816553.0,000560.SZ,2026-03-12,我爱我家,,CNY
3.19,3.32,3.19,3.2,156202890.0,000560.SZ,2026-03-13,我爱我家,,CNY
3.3,3.47,3.3,3.34,240497403.0,000560.SZ,2026-03-16,我爱我家,,CNY
3.39,3.65,3.35,3.47,312212967.0,000560.SZ,2026-03-17,我爱我家,,CNY
3.41,3.44,3.31,3.34,205568447.0,000560.SZ,2026-03-18,我爱我家,,CNY
3.3,3.37,3.17,3.19,148477291.0,000560.SZ,2026-03-19,我爱我家,,CNY
3.21,3.3,3.16,3.16,138602750.0,000560.SZ,2026-03-20,我爱我家,,CNY
3.12,3.14,2.86,2.9,215778162.0,000560.SZ,2026-03-23,我爱我家,,CNY
2.93,2.97,2.85,2.96,133161042.0,000560.SZ,2026-03-24,我爱我家,,CNY
2.96,3.01,2.93,2.98,107187590.0,000560.SZ,2026-03-25,我爱我家,,CNY
2.98,3.03,2.89,2.91,110537344.0,000560.SZ,2026-03-26,我爱我家,,CNY
2.87,2.94,2.86,2.92,72328408.0,000560.SZ,2026-03-27,我爱我家,,CNY
2.89,2.93,2.85,2.92,73678843.0,000560.SZ,2026-03-30,我爱我家,,CNY
2.97,3.0,2.9,2.91,105730775.0,000560.SZ,2026-03-31,我爱我家,,CNY
2.95,2.97,2.9,2.94,81641353.0,000560.SZ,2026-04-01,我爱我家,,CNY
2.95,2.95,2.86,2.87,84035955.0,000560.SZ,2026-04-02,我爱我家,,CNY
2.88,2.89,2.83,2.84,64324634.0,000560.SZ,2026-04-03,我爱我家,,CNY
2.84,2.86,2.77,2.86,62651113.0,000560.SZ,2026-04-07,我爱我家,,CNY
2.9,2.94,2.88,2.93,97295656.0,000560.SZ,2026-04-08,我爱我家,,CNY
2.9,2.91,2.86,2.88,66783599.0,000560.SZ,2026-04-09,我爱我家,,CNY
2.9,2.93,2.89,2.9,53964415.0,000560.SZ,2026-04-10,我爱我家,,CNY
2.9,2.98,2.88,2.96,97166629.0,000560.SZ,2026-04-13,我爱我家,,CNY
2.97,3.1,2.95,3.04,178515668.0,000560.SZ,2026-04-14,我爱我家,,CNY
3.04,3.06,2.96,2.97,110653755.0,000560.SZ,2026-04-15,我爱我家,,CNY
2.96,2.98,2.94,2.96,60418350.0,000560.SZ,2026-04-16,我爱我家,,CNY
2.98,3.09,2.94,3.0,138981823.0,000560.SZ,2026-04-17,我爱我家,,CNY
2.97,2.98,2.92,2.94,96214883.0,000560.SZ,2026-04-20,我爱我家,,CNY
2.93,3.0,2.91,2.99,90200047.0,000560.SZ,2026-04-21,我爱我家,,CNY
2.97,2.98,2.93,2.94,63080623.0,000560.SZ,2026-04-22,我爱我家,,CNY
2.95,2.95,2.89,2.9,75821484.0,000560.SZ,2026-04-23,我爱我家,,CNY
2.89,2.9,2.86,2.88,48860880.0,000560.SZ,2026-04-24,我爱我家,,CNY
2.88,2.9,2.85,2.89,40953030.0,000560.SZ,2026-04-27,我爱我家,,CNY
2.88,2.91,2.87,2.88,46999190.0,000560.SZ,2026-04-28,我爱我家,,CNY
2.88,2.96,2.87,2.94,72299736.0,000560.SZ,2026-04-29,我爱我家,,CNY
2.94,2.98,2.92,2.97,88994986.0,000560.SZ,2026-04-30,我爱我家,,CNY
11.6,12.33,11.43,12.12,68125844.0,000561.SZ,2026-03-02,烽火电子,,CNY
12.06,12.07,11.2,11.28,42172613.0,000561.SZ,2026-03-03,烽火电子,,CNY
11.0,11.44,10.8,11.16,20143160.0,000561.SZ,2026-03-04,烽火电子,,CNY
11.27,11.33,11.06,11.16,18278285.0,000561.SZ,2026-03-05,烽火电子,,CNY
11.09,11.2,10.96,11.15,13976341.0,000561.SZ,2026-03-06,烽火电子,,CNY
11.03,11.06,10.7,10.88,17254254.0,000561.SZ,2026-03-09,烽火电子,,CNY
10.92,11.11,10.92,11.05,12409168.0,000561.SZ,2026-03-10,烽火电子,,CNY
11.05,11.07,10.83,10.86,15704928.0,000561.SZ,2026-03-11,烽火电子,,CNY
10.81,10.82,10.55,10.6,14099948.0,000561.SZ,2026-03-12,烽火电子,,CNY
10.55,10.65,10.46,10.47,10545872.0,000561.SZ,2026-03-13,烽火电子,,CNY
10.43,10.46,10.24,10.46,11573801.0,000561.SZ,2026-03-16,烽火电子,,CNY
10.53,10.58,10.21,10.22,9992134.0,000561.SZ,2026-03-17,烽火电子,,CNY
10.23,10.45,10.13,10.42,10468886.0,000561.SZ,2026-03-18,烽火电子,,CNY
10.3,10.33,10.1,10.12,9689446.0,000561.SZ,2026-03-19,烽火电子,,CNY
10.23,10.25,9.68,9.69,13784577.0,000561.SZ,2026-03-20,烽火电子,,CNY
9.46,9.57,9.03,9.04,17226793.0,000561.SZ,2026-03-23,烽火电子,,CNY
9.28,9.45,9.1,9.44,15770873.0,000561.SZ,2026-03-24,烽火电子,,CNY
9.42,9.65,9.4,9.62,11292800.0,000561.SZ,2026-03-25,烽火电子,,CNY
9.63,9.69,9.45,9.49,9384447.0,000561.SZ,2026-03-26,烽火电子,,CNY
9.4,9.6,9.3,9.58,8282301.0,000561.SZ,2026-03-27,烽火电子,,CNY
9.43,9.77,9.41,9.76,10327344.0,000561.SZ,2026-03-30,烽火电子,,CNY
9.76,9.92,9.69,9.69,10049694.0,000561.SZ,2026-03-31,烽火电子,,CNY
9.84,9.86,9.57,9.67,8283000.0,000561.SZ,2026-04-01,烽火电子,,CNY
9.61,9.74,9.44,9.52,6860756.0,000561.SZ,2026-04-02,烽火电子,,CNY
9.57,9.57,9.27,9.28,6510801.0,000561.SZ,2026-04-03,烽火电子,,CNY
9.36,9.38,9.28,9.3,4890485.0,000561.SZ,2026-04-07,烽火电子,,CNY
9.47,9.77,9.42,9.76,11889488.0,000561.SZ,2026-04-08,烽火电子,,CNY
9.68,9.76,9.58,9.67,9027039.0,000561.SZ,2026-04-09,烽火电子,,CNY
9.75,9.85,9.65,9.66,10393745.0,000561.SZ,2026-04-10,烽火电子,,CNY
9.64,9.79,9.6,9.76,8957160.0,000561.SZ,2026-04-13,烽火电子,,CNY
9.81,9.89,9.74,9.89,11743284.0,000561.SZ,2026-04-14,烽火电子,,CNY
9.9,10.03,9.76,9.81,15108966.0,000561.SZ,2026-04-15,烽火电子,,CNY
9.8,9.99,9.72,9.97,12771929.0,000561.SZ,2026-04-16,烽火电子,,CNY
9.89,10.04,9.78,9.98,13701925.0,000561.SZ,2026-04-17,烽火电子,,CNY
9.97,10.11,9.96,10.1,16604439.0,000561.SZ,2026-04-20,烽火电子,,CNY
10.07,10.14,9.88,9.93,10723261.0,000561.SZ,2026-04-21,烽火电子,,CNY
9.88,9.97,9.84,9.89,8849888.0,000561.SZ,2026-04-22,烽火电子,,CNY
9.86,9.96,9.63,9.68,12396901.0,000561.SZ,2026-04-23,烽火电子,,CNY
9.65,9.66,9.39,9.48,9589689.0,000561.SZ,2026-04-24,烽火电子,,CNY
9.49,9.52,9.3,9.47,8424973.0,000561.SZ,2026-04-27,烽火电子,,CNY
9.43,9.46,9.18,9.23,9736575.0,000561.SZ,2026-04-28,烽火电子,,CNY
9.13,9.32,9.08,9.29,9638142.0,000561.SZ,2026-04-29,烽火电子,,CNY
9.25,9.52,9.25,9.51,13478432.0,000561.SZ,2026-04-30,烽火电子,,CNY
3.58,3.62,3.54,3.59,71524441.0,000563.SZ,2026-03-02,陕国投,,CNY
3.59,3.62,3.51,3.51,80259571.0,000563.SZ,2026-03-03,陕国投,,CNY
3.5,3.51,3.44,3.46,71994297.0,000563.SZ,2026-03-04,陕国投,,CNY
3.5,3.52,3.48,3.5,50199054.0,000563.SZ,2026-03-05,陕国投,,CNY
3.48,3.57,3.48,3.56,64074926.0,000563.SZ,2026-03-06,陕国投,,CNY
3.54,3.56,3.5,3.52,52353260.0,000563.SZ,2026-03-09,陕国投,,CNY
3.54,3.56,3.53,3.54,37288929.0,000563.SZ,2026-03-10,陕国投,,CNY
3.55,3.58,3.52,3.57,58322698.0,000563.SZ,2026-03-11,陕国投,,CNY
3.57,3.63,3.56,3.62,88146770.0,000563.SZ,2026-03-12,陕国投,,CNY
3.6,3.62,3.56,3.57,74128100.0,000563.SZ,2026-03-13,陕国投,,CNY
3.58,3.59,3.55,3.57,57415702.0,000563.SZ,2026-03-16,陕国投,,CNY
3.57,3.64,3.55,3.59,89334141.0,000563.SZ,2026-03-17,陕国投,,CNY
3.58,3.59,3.53,3.56,63989460.0,000563.SZ,2026-03-18,陕国投,,CNY
3.53,3.58,3.51,3.54,71709555.0,000563.SZ,2026-03-19,陕国投,,CNY
3.54,3.55,3.44,3.44,86728945.0,000563.SZ,2026-03-20,陕国投,,CNY
3.41,3.41,3.22,3.24,104737095.0,000563.SZ,2026-03-23,陕国投,,CNY
3.28,3.34,3.25,3.33,57768865.0,000563.SZ,2026-03-24,陕国投,,CNY
3.33,3.41,3.31,3.39,61192651.0,000563.SZ,2026-03-25,陕国投,,CNY
3.39,3.4,3.35,3.36,40585658.0,000563.SZ,2026-03-26,陕国投,,CNY
3.34,3.41,3.33,3.38,36949587.0,000563.SZ,2026-03-27,陕国投,,CNY
3.36,3.41,3.35,3.4,39854700.0,000563.SZ,2026-03-30,陕国投,,CNY
3.4,3.45,3.39,3.39,48122088.0,000563.SZ,2026-03-31,陕国投,,CNY
3.43,3.46,3.42,3.43,48370270.0,000563.SZ,2026-04-01,陕国投,,CNY
3.43,3.43,3.35,3.37,38554090.0,000563.SZ,2026-04-02,陕国投,,CNY
3.38,3.4,3.31,3.33,39509150.0,000563.SZ,2026-04-03,陕国投,,CNY
3.33,3.38,3.33,3.37,32694377.0,000563.SZ,2026-04-07,陕国投,,CNY
3.4,3.44,3.39,3.44,57093765.0,000563.SZ,2026-04-08,陕国投,,CNY
3.42,3.42,3.36,3.37,40460406.0,000563.SZ,2026-04-09,陕国投,,CNY
3.39,3.47,3.39,3.41,60424488.0,000563.SZ,2026-04-10,陕国投,,CNY
3.38,3.42,3.38,3.4,30821000.0,000563.SZ,2026-04-13,陕国投,,CNY
3.41,3.43,3.38,3.41,34952921.0,000563.SZ,2026-04-14,陕国投,,CNY
3.41,3.42,3.38,3.39,30524570.0,000563.SZ,2026-04-15,陕国投,,CNY
3.4,3.4,3.37,3.39,34393985.0,000563.SZ,2026-04-16,陕国投,,CNY
3.39,3.4,3.35,3.36,36899028.0,000563.SZ,2026-04-17,陕国投,,CNY
3.36,3.37,3.35,3.36,29432236.0,000563.SZ,2026-04-20,陕国投,,CNY
3.35,3.36,3.33,3.35,27722434.0,000563.SZ,2026-04-21,陕国投,,CNY
3.35,3.41,3.34,3.4,52746617.0,000563.SZ,2026-04-22,陕国投,,CNY
3.39,3.41,3.36,3.39,41747510.0,000563.SZ,2026-04-23,陕国投,,CNY
3.38,3.39,3.35,3.37,40752400.0,000563.SZ,2026-04-24,陕国投,,CNY
3.34,3.34,3.24,3.28,72851927.0,000563.SZ,2026-04-27,陕国投,,CNY
3.23,3.27,3.22,3.24,42878820.0,000563.SZ,2026-04-28,陕国投,,CNY
3.25,3.28,3.24,3.27,41248459.0,000563.SZ,2026-04-29,陕国投,,CNY
3.26,3.3,3.25,3.26,42041302.0,000563.SZ,2026-04-30,陕国投,,CNY
2.29,2.29,2.22,2.24,298300223.0,000564.SZ,2026-03-02,供销大集,,CNY
2.23,2.27,2.19,2.24,285522375.0,000564.SZ,2026-03-03,供销大集,,CNY
2.21,2.22,2.18,2.19,170095544.0,000564.SZ,2026-03-04,供销大集,,CNY
2.2,2.23,2.2,2.21,113945943.0,000564.SZ,2026-03-05,供销大集,,CNY
2.2,2.23,2.19,2.22,155600538.0,000564.SZ,2026-03-06,供销大集,,CNY
2.19,2.2,2.16,2.17,197362030.0,000564.SZ,2026-03-09,供销大集,,CNY
2.18,2.22,2.17,2.2,202026304.0,000564.SZ,2026-03-10,供销大集,,CNY
2.2,2.23,2.18,2.22,208462948.0,000564.SZ,2026-03-11,供销大集,,CNY
2.21,2.25,2.2,2.21,202931104.0,000564.SZ,2026-03-12,供销大集,,CNY
2.21,2.23,2.18,2.18,181122663.0,000564.SZ,2026-03-13,供销大集,,CNY
2.18,2.24,2.18,2.22,237829945.0,000564.SZ,2026-03-16,供销大集,,CNY
2.22,2.26,2.2,2.2,230011599.0,000564.SZ,2026-03-17,供销大集,,CNY
2.2,2.21,2.16,2.17,200140262.0,000564.SZ,2026-03-18,供销大集,,CNY
2.16,2.17,2.12,2.14,204423479.0,000564.SZ,2026-03-19,供销大集,,CNY
2.13,2.15,2.06,2.06,223858338.0,000564.SZ,2026-03-20,供销大集,,CNY
2.01,2.02,1.93,1.94,318535760.0,000564.SZ,2026-03-23,供销大集,,CNY
1.98,1.99,1.92,1.98,239703873.0,000564.SZ,2026-03-24,供销大集,,CNY
1.97,2.04,1.97,2.0,275489339.0,000564.SZ,2026-03-25,供销大集,,CNY
1.99,2.01,1.95,1.95,231178902.0,000564.SZ,2026-03-26,供销大集,,CNY
1.92,1.96,1.91,1.95,202886368.0,000564.SZ,2026-03-27,供销大集,,CNY
1.91,1.93,1.88,1.9,276590051.0,000564.SZ,2026-03-30,供销大集,,CNY
1.9,1.94,1.84,1.85,304643257.0,000564.SZ,2026-03-31,供销大集,,CNY
1.89,1.89,1.85,1.88,264018152.0,000564.SZ,2026-04-01,供销大集,,CNY
1.88,1.89,1.85,1.86,170867101.0,000564.SZ,2026-04-02,供销大集,,CNY
1.85,1.87,1.78,1.8,251874290.0,000564.SZ,2026-04-03,供销大集,,CNY
1.79,1.84,1.77,1.83,248687885.0,000564.SZ,2026-04-07,供销大集,,CNY
1.86,1.92,1.85,1.92,311105267.0,000564.SZ,2026-04-08,供销大集,,CNY
1.9,1.91,1.86,1.87,209079623.0,000564.SZ,2026-04-09,供销大集,,CNY
1.88,1.9,1.87,1.88,127892113.0,000564.SZ,2026-04-10,供销大集,,CNY
1.86,1.89,1.85,1.88,130168128.0,000564.SZ,2026-04-13,供销大集,,CNY
1.89,1.89,1.86,1.89,143235587.0,000564.SZ,2026-04-14,供销大集,,CNY
1.9,1.94,1.88,1.88,262236527.0,000564.SZ,2026-04-15,供销大集,,CNY
1.87,1.89,1.86,1.88,145394155.0,000564.SZ,2026-04-16,供销大集,,CNY
1.88,1.92,1.88,1.9,213572327.0,000564.SZ,2026-04-17,供销大集,,CNY
1.89,1.91,1.88,1.91,154981359.0,000564.SZ,2026-04-20,供销大集,,CNY
1.91,1.92,1.86,1.87,210949622.0,000564.SZ,2026-04-21,供销大集,,CNY
1.86,1.87,1.84,1.85,149549538.0,000564.SZ,2026-04-22,供销大集,,CNY
1.85,1.87,1.81,1.82,199443230.0,000564.SZ,2026-04-23,供销大集,,CNY
1.81,1.81,1.78,1.78,157888110.0,000564.SZ,2026-04-24,供销大集,,CNY
1.77,1.8,1.73,1.79,224348186.0,000564.SZ,2026-04-27,供销大集,,CNY
1.78,1.8,1.75,1.76,181507289.0,000564.SZ,2026-04-28,供销大集,,CNY
1.68,1.77,1.65,1.74,280329650.0,000564.SZ,2026-04-29,供销大集,,CNY
1.73,1.78,1.73,1.75,234052813.0,000564.SZ,2026-04-30,供销大集,,CNY
9.7,9.85,9.65,9.84,15808060.0,601963.SH,2026-03-02,重庆银行,,CNY
9.8,10.63,9.76,10.35,40043839.0,601963.SH,2026-03-03,重庆银行,,CNY
10.34,10.61,10.26,10.47,28867466.0,601963.SH,2026-03-04,重庆银行,,CNY
10.4,10.8,10.33,10.75,22269778.0,601963.SH,2026-03-05,重庆银行,,CNY
10.68,11.07,10.57,11.01,19003146.0,601963.SH,2026-03-06,重庆银行,,CNY
10.95,11.27,10.91,11.21,21631183.0,601963.SH,2026-03-09,重庆银行,,CNY
11.13,11.19,10.89,10.93,15535144.0,601963.SH,2026-03-10,重庆银行,,CNY
10.98,11.08,10.88,11.07,10263317.0,601963.SH,2026-03-11,重庆银行,,CNY
11.01,11.14,10.94,11.04,8163200.0,601963.SH,2026-03-12,重庆银行,,CNY
11.05,11.35,11.04,11.28,12073800.0,601963.SH,2026-03-13,重庆银行,,CNY
11.3,11.79,11.2,11.6,20753623.0,601963.SH,2026-03-16,重庆银行,,CNY
11.51,11.79,11.32,11.43,21770239.0,601963.SH,2026-03-17,重庆银行,,CNY
11.41,11.41,11.18,11.29,12267453.0,601963.SH,2026-03-18,重庆银行,,CNY
11.15,11.37,11.07,11.1,9606947.0,601963.SH,2026-03-19,重庆银行,,CNY
11.15,11.2,10.98,11.0,11610292.0,601963.SH,2026-03-20,重庆银行,,CNY
10.96,11.06,10.66,10.72,16001400.0,601963.SH,2026-03-23,重庆银行,,CNY
10.82,10.97,10.72,10.93,12386402.0,601963.SH,2026-03-24,重庆银行,,CNY
10.96,11.0,10.34,10.79,18259704.0,601963.SH,2026-03-25,重庆银行,,CNY
10.79,10.82,10.43,10.48,23624207.0,601963.SH,2026-03-26,重庆银行,,CNY
10.43,10.62,10.2,10.28,20603882.0,601963.SH,2026-03-27,重庆银行,,CNY
10.25,10.52,10.23,10.45,16784178.0,601963.SH,2026-03-30,重庆银行,,CNY
10.48,10.58,10.41,10.47,11460490.0,601963.SH,2026-03-31,重庆银行,,CNY
10.48,10.5,10.28,10.34,15723600.0,601963.SH,2026-04-01,重庆银行,,CNY
10.3,10.45,10.28,10.41,12714846.0,601963.SH,2026-04-02,重庆银行,,CNY
10.43,10.43,10.06,10.22,14080425.0,601963.SH,2026-04-03,重庆银行,,CNY
10.18,10.19,9.76,9.9,22918879.0,601963.SH,2026-04-07,重庆银行,,CNY
9.88,10.11,9.85,10.11,20468308.0,601963.SH,2026-04-08,重庆银行,,CNY
10.08,10.17,10.03,10.04,10212387.0,601963.SH,2026-04-09,重庆银行,,CNY
10.06,10.25,10.05,10.21,14839971.0,601963.SH,2026-04-10,重庆银行,,CNY
10.22,10.27,10.14,10.23,12972616.0,601963.SH,2026-04-13,重庆银行,,CNY
10.19,10.48,10.19,10.47,16643446.0,601963.SH,2026-04-14,重庆银行,,CNY
10.47,10.82,10.46,10.59,22320062.0,601963.SH,2026-04-15,重庆银行,,CNY
10.6,10.78,10.39,10.44,16675892.0,601963.SH,2026-04-16,重庆银行,,CNY
10.41,10.86,10.4,10.65,18316744.0,601963.SH,2026-04-17,重庆银行,,CNY
10.65,10.89,10.6,10.85,13038031.0,601963.SH,2026-04-20,重庆银行,,CNY
10.89,11.1,10.84,10.9,14460730.0,601963.SH,2026-04-21,重庆银行,,CNY
10.91,10.98,10.81,10.88,10632300.0,601963.SH,2026-04-22,重庆银行,,CNY
10.8,11.18,10.78,11.04,15692767.0,601963.SH,2026-04-23,重庆银行,,CNY
11.07,11.1,10.88,10.9,10613000.0,601963.SH,2026-04-24,重庆银行,,CNY
10.99,11.06,10.81,10.85,11892283.0,601963.SH,2026-04-27,重庆银行,,CNY
10.84,10.92,10.74,10.8,8228433.0,601963.SH,2026-04-28,重庆银行,,CNY
10.97,11.08,10.51,10.61,21181702.0,601963.SH,2026-04-29,重庆银行,,CNY
10.62,10.62,10.45,10.5,9831100.0,601963.SH,2026-04-30,重庆银行,,CNY
2.99,3.0,2.93,2.96,67107062.0,000008.SZ,2026-03-02,神州高铁,,CNY
2.97,3.0,2.87,2.87,76863654.0,000008.SZ,2026-03-03,神州高铁,,CNY
2.87,2.88,2.81,2.83,53338771.0,000008.SZ,2026-03-04,神州高铁,,CNY
2.87,2.91,2.85,2.89,44330062.0,000008.SZ,2026-03-05,神州高铁,,CNY
2.88,2.93,2.86,2.93,32775862.0,000008.SZ,2026-03-06,神州高铁,,CNY
2.91,2.93,2.86,2.91,39671900.0,000008.SZ,2026-03-09,神州高铁,,CNY
2.92,2.92,2.88,2.91,40747420.0,000008.SZ,2026-03-10,神州高铁,,CNY
2.91,2.93,2.88,2.91,38855328.0,000008.SZ,2026-03-11,神州高铁,,CNY
2.9,2.94,2.89,2.91,41696192.0,000008.SZ,2026-03-12,神州高铁,,CNY
2.91,3.06,2.91,2.99,114360799.0,000008.SZ,2026-03-13,神州高铁,,CNY
2.99,3.01,2.92,2.93,56413444.0,000008.SZ,2026-03-16,神州高铁,,CNY
2.94,2.97,2.88,2.89,51626732.0,000008.SZ,2026-03-17,神州高铁,,CNY
2.89,2.89,2.83,2.86,51066293.0,000008.SZ,2026-03-18,神州高铁,,CNY
2.85,2.86,2.81,2.82,47016465.0,000008.SZ,2026-03-19,神州高铁,,CNY
2.83,2.83,2.75,2.76,49788526.0,000008.SZ,2026-03-20,神州高铁,,CNY
2.73,2.73,2.54,2.57,62987334.0,000008.SZ,2026-03-23,神州高铁,,CNY
2.64,2.68,2.59,2.68,41890004.0,000008.SZ,2026-03-24,神州高铁,,CNY
2.68,2.74,2.66,2.74,42153808.0,000008.SZ,2026-03-25,神州高铁,,CNY
2.73,2.75,2.66,2.67,37499852.0,000008.SZ,2026-03-26,神州高铁,,CNY
2.64,2.7,2.63,2.7,23117800.0,000008.SZ,2026-03-27,神州高铁,,CNY
2.67,2.97,2.66,2.97,134361766.0,000008.SZ,2026-03-30,神州高铁,,CNY
3.25,3.27,3.13,3.27,161755984.0,000008.SZ,2026-03-31,神州高铁,,CNY
3.6,3.6,3.24,3.27,660634632.0,000008.SZ,2026-04-01,神州高铁,,CNY
3.24,3.28,3.01,3.12,451534482.0,000008.SZ,2026-04-02,神州高铁,,CNY
3.04,3.07,2.81,2.81,340271856.0,000008.SZ,2026-04-03,神州高铁,,CNY
2.78,2.8,2.67,2.74,181183876.0,000008.SZ,2026-04-07,神州高铁,,CNY
2.78,2.89,2.75,2.86,209184489.0,000008.SZ,2026-04-08,神州高铁,,CNY
2.81,2.83,2.74,2.74,143854035.0,000008.SZ,2026-04-09,神州高铁,,CNY
2.77,2.81,2.74,2.74,99109984.0,000008.SZ,2026-04-10,神州高铁,,CNY
2.71,2.75,2.69,2.74,75598425.0,000008.SZ,2026-04-13,神州高铁,,CNY
2.75,2.76,2.71,2.73,75915193.0,000008.SZ,2026-04-14,神州高铁,,CNY
2.73,2.73,2.68,2.69,75816364.0,000008.SZ,2026-04-15,神州高铁,,CNY
2.69,2.71,2.67,2.7,56918817.0,000008.SZ,2026-04-16,神州高铁,,CNY
2.69,2.72,2.68,2.71,56467950.0,000008.SZ,2026-04-17,神州高铁,,CNY
2.69,2.74,2.68,2.72,58354463.0,000008.SZ,2026-04-20,神州高铁,,CNY
2.71,2.72,2.69,2.7,44284600.0,000008.SZ,2026-04-21,神州高铁,,CNY
2.7,2.71,2.68,2.7,38406100.0,000008.SZ,2026-04-22,神州高铁,,CNY
2.69,2.71,2.66,2.67,49535900.0,000008.SZ,2026-04-23,神州高铁,,CNY
2.66,2.67,2.63,2.66,46271200.0,000008.SZ,2026-04-24,神州高铁,,CNY
2.66,2.66,2.62,2.66,34424000.0,000008.SZ,2026-04-27,神州高铁,,CNY
2.66,2.66,2.63,2.65,30392400.0,000008.SZ,2026-04-28,神州高铁,,CNY
2.64,2.7,2.63,2.7,49788108.0,000008.SZ,2026-04-29,神州高铁,,CNY
2.7,2.73,2.68,2.69,41757945.0,000008.SZ,2026-04-30,神州高铁,,CNY
4.95,5.0,4.88,4.93,60225700.0,000012.SZ,2026-03-02,南玻集团,,CNY
4.94,4.98,4.8,4.83,55816576.0,000012.SZ,2026-03-03,南玻集团,,CNY
4.76,4.86,4.74,4.78,41879628.0,000012.SZ,2026-03-04,南玻集团,,CNY
4.87,4.91,4.78,4.81,44437552.0,000012.SZ,2026-03-05,南玻集团,,CNY
4.79,4.85,4.75,4.84,40330140.0,000012.SZ,2026-03-06,南玻集团,,CNY
4.88,4.9,4.79,4.84,48668038.0,000012.SZ,2026-03-09,南玻集团,,CNY
4.85,4.91,4.8,4.86,42497941.0,000012.SZ,2026-03-10,南玻集团,,CNY
4.85,4.94,4.78,4.94,55300202.0,000012.SZ,2026-03-11,南玻集团,,CNY
4.9,4.95,4.87,4.94,41598871.0,000012.SZ,2026-03-12,南玻集团,,CNY
4.91,4.96,4.85,4.87,41141130.0,000012.SZ,2026-03-13,南玻集团,,CNY
4.85,4.91,4.78,4.82,33397889.0,000012.SZ,2026-03-16,南玻集团,,CNY
4.84,4.92,4.81,4.81,30869034.0,000012.SZ,2026-03-17,南玻集团,,CNY
4.82,4.85,4.71,4.74,28341160.0,000012.SZ,2026-03-18,南玻集团,,CNY
4.71,4.72,4.61,4.63,30730277.0,000012.SZ,2026-03-19,南玻集团,,CNY
4.68,4.69,4.55,4.55,32792070.0,000012.SZ,2026-03-20,南玻集团,,CNY
4.51,4.54,4.35,4.38,45352701.0,000012.SZ,2026-03-23,南玻集团,,CNY
4.43,4.46,4.36,4.45,26314428.0,000012.SZ,2026-03-24,南玻集团,,CNY
4.46,4.57,4.44,4.53,28061215.0,000012.SZ,2026-03-25,南玻集团,,CNY
4.53,4.58,4.5,4.52,20831554.0,000012.SZ,2026-03-26,南玻集团,,CNY
4.49,4.55,4.47,4.54,16841053.0,000012.SZ,2026-03-27,南玻集团,,CNY
4.49,4.54,4.43,4.54,18658421.0,000012.SZ,2026-03-30,南玻集团,,CNY
4.53,4.57,4.45,4.45,21414984.0,000012.SZ,2026-03-31,南玻集团,,CNY
4.53,4.54,4.47,4.5,17116073.0,000012.SZ,2026-04-01,南玻集团,,CNY
4.49,4.52,4.42,4.45,19411654.0,000012.SZ,2026-04-02,南玻集团,,CNY
4.45,4.46,4.34,4.35,19909515.0,000012.SZ,2026-04-03,南玻集团,,CNY
4.35,4.41,4.35,4.39,14896183.0,000012.SZ,2026-04-07,南玻集团,,CNY
4.45,4.48,4.42,4.47,20600768.0,000012.SZ,2026-04-08,南玻集团,,CNY
4.45,4.47,4.42,4.43,14969123.0,000012.SZ,2026-04-09,南玻集团,,CNY
4.45,4.53,4.44,4.49,17742249.0,000012.SZ,2026-04-10,南玻集团,,CNY
4.46,4.55,4.45,4.54,19278663.0,000012.SZ,2026-04-13,南玻集团,,CNY
4.55,4.57,4.5,4.54,16567999.0,000012.SZ,2026-04-14,南玻集团,,CNY
4.53,4.55,4.49,4.49,12908643.0,000012.SZ,2026-04-15,南玻集团,,CNY
4.48,4.56,4.48,4.54,16879998.0,000012.SZ,2026-04-16,南玻集团,,CNY
4.54,4.56,4.48,4.53,12605500.0,000012.SZ,2026-04-17,南玻集团,,CNY
4.52,4.57,4.48,4.53,14663486.0,000012.SZ,2026-04-20,南玻集团,,CNY
4.54,4.56,4.52,4.53,13440003.0,000012.SZ,2026-04-21,南玻集团,,CNY
4.52,4.55,4.49,4.51,13174005.0,000012.SZ,2026-04-22,南玻集团,,CNY
4.51,4.52,4.43,4.47,16922917.0,000012.SZ,2026-04-23,南玻集团,,CNY
4.45,4.49,4.44,4.45,13473105.0,000012.SZ,2026-04-24,南玻集团,,CNY
4.43,4.47,4.42,4.44,13581708.0,000012.SZ,2026-04-27,南玻集团,,CNY
4.34,4.4,4.0,4.03,72748290.0,000012.SZ,2026-04-28,南玻集团,,CNY
4.01,4.09,4.01,4.06,27049608.0,000012.SZ,2026-04-29,南玻集团,,CNY
4.06,4.08,4.02,4.03,20782179.0,000012.SZ,2026-04-30,南玻集团,,CNY
13.63,13.69,13.1,13.26,10513861.0,000014.SZ,2026-03-02,沙河股份,,CNY
13.21,13.37,12.56,12.59,9695383.0,000014.SZ,2026-03-03,沙河股份,,CNY
12.4,12.68,12.36,12.5,5579199.0,000014.SZ,2026-03-04,沙河股份,,CNY
12.64,12.8,12.55,12.62,4700520.0,000014.SZ,2026-03-05,沙河股份,,CNY
12.58,13.27,12.48,13.17,9719340.0,000014.SZ,2026-03-06,沙河股份,,CNY
13.11,13.17,12.83,13.01,5785400.0,000014.SZ,2026-03-09,沙河股份,,CNY
13.15,14.31,13.1,14.31,13606595.0,000014.SZ,2026-03-10,沙河股份,,CNY
14.39,14.8,14.03,14.53,27378408.0,000014.SZ,2026-03-11,沙河股份,,CNY
14.5,14.86,14.4,14.55,14409520.0,000014.SZ,2026-03-12,沙河股份,,CNY
14.66,14.66,14.26,14.35,9184801.0,000014.SZ,2026-03-13,沙河股份,,CNY
14.45,14.7,14.35,14.54,9891320.0,000014.SZ,2026-03-16,沙河股份,,CNY
14.55,14.8,14.51,14.54,12666220.0,000014.SZ,2026-03-17,沙河股份,,CNY
14.7,15.99,14.63,15.4,36982060.0,000014.SZ,2026-03-18,沙河股份,,CNY
15.56,15.71,14.91,14.96,23018161.0,000014.SZ,2026-03-19,沙河股份,,CNY
15.24,15.3,14.56,14.56,14153600.0,000014.SZ,2026-03-20,沙河股份,,CNY
14.38,15.1,14.3,14.39,17977661.0,000014.SZ,2026-03-23,沙河股份,,CNY
14.86,15.66,14.39,14.91,20778700.0,000014.SZ,2026-03-24,沙河股份,,CNY
15.0,15.25,14.7,15.03,17615925.0,000014.SZ,2026-03-25,沙河股份,,CNY
14.95,15.43,14.91,15.11,17219020.0,000014.SZ,2026-03-26,沙河股份,,CNY
14.92,15.56,14.65,15.34,21159941.0,000014.SZ,2026-03-27,沙河股份,,CNY
15.3,15.5,14.27,14.94,19376681.0,000014.SZ,2026-03-30,沙河股份,,CNY
15.12,15.15,14.2,14.22,15932120.0,000014.SZ,2026-03-31,沙河股份,,CNY
14.5,14.62,13.83,13.99,15909381.0,000014.SZ,2026-04-01,沙河股份,,CNY
13.82,14.05,13.2,13.27,12954620.0,000014.SZ,2026-04-02,沙河股份,,CNY
13.3,13.32,12.68,12.7,9255400.0,000014.SZ,2026-04-03,沙河股份,,CNY
12.72,13.26,12.44,13.06,10479501.0,000014.SZ,2026-04-07,沙河股份,,CNY
13.3,13.5,13.22,13.5,8362021.0,000014.SZ,2026-04-08,沙河股份,,CNY
13.38,13.49,13.12,13.27,7165692.0,000014.SZ,2026-04-09,沙河股份,,CNY
13.4,13.61,13.4,13.52,7369844.0,000014.SZ,2026-04-10,沙河股份,,CNY
13.5,13.73,13.15,13.27,7992240.0,000014.SZ,2026-04-13,沙河股份,,CNY
13.45,13.57,13.2,13.48,7975841.0,000014.SZ,2026-04-14,沙河股份,,CNY
13.52,13.55,13.1,13.11,7094000.0,000014.SZ,2026-04-15,沙河股份,,CNY
13.12,13.36,13.08,13.33,6241019.0,000014.SZ,2026-04-16,沙河股份,,CNY
13.33,13.57,13.25,13.41,6839941.0,000014.SZ,2026-04-17,沙河股份,,CNY
13.41,13.62,13.23,13.57,6809500.0,000014.SZ,2026-04-20,沙河股份,,CNY
13.5,13.56,13.13,13.25,6038200.0,000014.SZ,2026-04-21,沙河股份,,CNY
13.24,13.29,13.08,13.29,4892024.0,000014.SZ,2026-04-22,沙河股份,,CNY
13.32,13.32,13.08,13.13,5284612.0,000014.SZ,2026-04-23,沙河股份,,CNY
13.05,13.26,13.01,13.12,3961140.0,000014.SZ,2026-04-24,沙河股份,,CNY
13.1,13.3,12.67,13.21,6251500.0,000014.SZ,2026-04-27,沙河股份,,CNY
13.17,13.28,12.93,13.04,4185041.0,000014.SZ,2026-04-28,沙河股份,,CNY
13.08,13.42,12.93,13.2,6887340.0,000014.SZ,2026-04-29,沙河股份,,CNY
13.4,13.4,12.94,13.2,7950660.0,000014.SZ,2026-04-30,沙河股份,,CNY
7.75,7.75,7.44,7.64,12001900.0,000017.SZ,2026-03-02,深中华,,CNY
7.6,7.72,7.38,7.4,10569599.0,000017.SZ,2026-03-03,深中华,,CNY
7.33,7.46,7.28,7.39,7725234.0,000017.SZ,2026-03-04,深中华,,CNY
7.45,7.52,7.34,7.37,7315900.0,000017.SZ,2026-03-05,深中华,,CNY
7.31,7.53,7.28,7.53,6675220.0,000017.SZ,2026-03-06,深中华,,CNY
7.5,7.52,7.36,7.47,7088025.0,000017.SZ,2026-03-09,深中华,,CNY
7.5,7.6,7.5,7.56,5215307.0,000017.SZ,2026-03-10,深中华,,CNY
7.62,7.62,7.37,7.4,7687600.0,000017.SZ,2026-03-11,深中华,,CNY
7.4,7.4,7.18,7.22,8295792.0,000017.SZ,2026-03-12,深中华,,CNY
7.19,7.29,7.12,7.14,6677600.0,000017.SZ,2026-03-13,深中华,,CNY
7.1,7.2,7.08,7.17,6701900.0,000017.SZ,2026-03-16,深中华,,CNY
7.19,7.24,7.08,7.09,5483000.0,000017.SZ,2026-03-17,深中华,,CNY
7.09,7.22,7.03,7.17,6684100.0,000017.SZ,2026-03-18,深中华,,CNY
7.06,7.24,6.94,6.98,11686003.0,000017.SZ,2026-03-19,深中华,,CNY
6.93,7.02,6.71,6.78,11130158.0,000017.SZ,2026-03-20,深中华,,CNY
6.66,6.71,6.33,6.38,11142850.0,000017.SZ,2026-03-23,深中华,,CNY
6.54,6.68,6.41,6.67,11609201.0,000017.SZ,2026-03-24,深中华,,CNY
6.69,6.84,6.68,6.83,7097014.0,000017.SZ,2026-03-25,深中华,,CNY
6.8,6.88,6.68,6.71,5495410.0,000017.SZ,2026-03-26,深中华,,CNY
6.65,6.87,6.62,6.86,5200500.0,000017.SZ,2026-03-27,深中华,,CNY
6.87,7.0,6.78,7.0,7800375.0,000017.SZ,2026-03-30,深中华,,CNY
6.98,7.11,6.89,6.9,6497816.0,000017.SZ,2026-03-31,深中华,,CNY
7.0,7.06,6.83,6.9,6049516.0,000017.SZ,2026-04-01,深中华,,CNY
6.88,6.92,6.74,6.82,5853927.0,000017.SZ,2026-04-02,深中华,,CNY
6.81,6.84,6.55,6.57,4558000.0,000017.SZ,2026-04-03,深中华,,CNY
6.55,6.77,6.55,6.7,5024500.0,000017.SZ,2026-04-07,深中华,,CNY
6.87,6.93,6.8,6.91,5469142.0,000017.SZ,2026-04-08,深中华,,CNY
6.91,6.92,6.76,6.78,5866600.0,000017.SZ,2026-04-09,深中华,,CNY
6.8,6.94,6.8,6.86,4694900.0,000017.SZ,2026-04-10,深中华,,CNY
6.85,6.9,6.79,6.84,4025901.0,000017.SZ,2026-04-13,深中华,,CNY
6.9,6.9,6.75,6.84,4797900.0,000017.SZ,2026-04-14,深中华,,CNY
6.87,6.92,6.75,6.78,5984984.0,000017.SZ,2026-04-15,深中华,,CNY
6.82,6.93,6.75,6.89,7491294.0,000017.SZ,2026-04-16,深中华,,CNY
6.9,6.91,6.75,6.77,6328920.0,000017.SZ,2026-04-17,深中华,,CNY
6.75,6.77,6.65,6.73,6025700.0,000017.SZ,2026-04-20,深中华,,CNY
6.7,6.7,6.41,6.5,13473900.0,000017.SZ,2026-04-21,深中华,,CNY
6.48,6.49,6.34,6.49,8506884.0,000017.SZ,2026-04-22,深中华,,CNY
6.45,6.48,6.33,6.37,8405388.0,000017.SZ,2026-04-23,深中华,,CNY
6.35,6.4,6.22,6.35,6995688.0,000017.SZ,2026-04-24,深中华,,CNY
6.32,6.39,6.15,6.39,8129560.0,000017.SZ,2026-04-27,深中华,,CNY
6.33,6.39,6.24,6.3,6269000.0,000017.SZ,2026-04-28,深中华,,CNY
6.3,6.47,6.25,6.41,8259689.0,000017.SZ,2026-04-29,深中华,,CNY
6.39,6.46,6.34,6.41,6131500.0,000017.SZ,2026-04-30,深中华,,CNY
7.25,7.39,7.21,7.35,22206342.0,000019.SZ,2026-03-02,深粮控股,,CNY
7.35,7.55,7.3,7.34,24013298.0,000019.SZ,2026-03-03,深粮控股,,CNY
7.34,7.58,7.3,7.46,37975921.0,000019.SZ,2026-03-04,深粮控股,,CNY
7.36,7.39,7.16,7.19,27779012.0,000019.SZ,2026-03-05,深粮控股,,CNY
7.23,7.47,7.15,7.45,25730575.0,000019.SZ,2026-03-06,深粮控股,,CNY
7.49,7.79,7.49,7.58,36457124.0,000019.SZ,2026-03-09,深粮控股,,CNY
7.46,7.53,7.39,7.44,20514848.0,000019.SZ,2026-03-10,深粮控股,,CNY
7.44,7.47,7.35,7.45,13840208.0,000019.SZ,2026-03-11,深粮控股,,CNY
7.48,7.55,7.34,7.5,17496776.0,000019.SZ,2026-03-12,深粮控股,,CNY
7.49,7.68,7.46,7.59,20923713.0,000019.SZ,2026-03-13,深粮控股,,CNY
7.59,7.81,7.59,7.69,24381860.0,000019.SZ,2026-03-16,深粮控股,,CNY
7.69,7.97,7.6,7.71,24004632.0,000019.SZ,2026-03-17,深粮控股,,CNY
7.72,7.72,7.52,7.62,19726989.0,000019.SZ,2026-03-18,深粮控股,,CNY
7.64,7.7,7.47,7.52,16554433.0,000019.SZ,2026-03-19,深粮控股,,CNY
7.55,7.62,7.4,7.45,14452712.0,000019.SZ,2026-03-20,深粮控股,,CNY
7.33,7.4,6.86,6.92,29820059.0,000019.SZ,2026-03-23,深粮控股,,CNY
7.02,7.25,6.84,7.25,18235856.0,000019.SZ,2026-03-24,深粮控股,,CNY
7.21,7.6,7.21,7.55,24116399.0,000019.SZ,2026-03-25,深粮控股,,CNY
7.61,8.18,7.57,7.82,44016594.0,000019.SZ,2026-03-26,深粮控股,,CNY
7.81,7.85,7.65,7.78,21078871.0,000019.SZ,2026-03-27,深粮控股,,CNY
7.72,8.16,7.67,7.94,40981662.0,000019.SZ,2026-03-30,深粮控股,,CNY
7.83,7.95,7.75,7.79,26272098.0,000019.SZ,2026-03-31,深粮控股,,CNY
7.76,7.87,7.63,7.68,19081550.0,000019.SZ,2026-04-01,深粮控股,,CNY
7.65,7.75,7.58,7.63,12958230.0,000019.SZ,2026-04-02,深粮控股,,CNY
7.63,7.65,7.13,7.13,24752298.0,000019.SZ,2026-04-03,深粮控股,,CNY
7.14,7.84,7.03,7.84,19342546.0,000019.SZ,2026-04-07,深粮控股,,CNY
7.78,8.0,7.7,7.98,40575992.0,000019.SZ,2026-04-08,深粮控股,,CNY
7.98,8.09,7.89,7.97,24969075.0,000019.SZ,2026-04-09,深粮控股,,CNY
8.01,8.02,7.78,7.91,24359341.0,000019.SZ,2026-04-10,深粮控股,,CNY
8.0,8.58,7.91,8.3,48354151.0,000019.SZ,2026-04-13,深粮控股,,CNY
8.15,8.18,7.97,8.1,31289128.0,000019.SZ,2026-04-14,深粮控股,,CNY
8.02,8.06,7.81,7.85,20202016.0,000019.SZ,2026-04-15,深粮控股,,CNY
7.9,7.9,7.6,7.77,22684790.0,000019.SZ,2026-04-16,深粮控股,,CNY
7.74,7.77,7.55,7.58,19779135.0,000019.SZ,2026-04-17,深粮控股,,CNY
7.63,8.1,7.59,8.03,35627084.0,000019.SZ,2026-04-20,深粮控股,,CNY
8.0,8.02,7.78,7.85,20182267.0,000019.SZ,2026-04-21,深粮控股,,CNY
7.82,7.83,7.64,7.7,17716923.0,000019.SZ,2026-04-22,深粮控股,,CNY
7.71,8.43,7.63,8.08,46020463.0,000019.SZ,2026-04-23,深粮控股,,CNY
8.15,8.2,7.93,8.0,24562912.0,000019.SZ,2026-04-24,深粮控股,,CNY
8.02,8.08,7.88,7.94,18080747.0,000019.SZ,2026-04-27,深粮控股,,CNY
7.7,7.7,7.43,7.56,29122107.0,000019.SZ,2026-04-28,深粮控股,,CNY
7.52,7.95,7.49,7.75,24602015.0,000019.SZ,2026-04-29,深粮控股,,CNY
7.77,7.86,7.59,7.69,17758304.0,000019.SZ,2026-04-30,深粮控股,,CNY
14.6,15.06,14.4,14.45,4507800.0,000020.SZ,2026-03-02,深华发,,CNY
14.55,14.7,13.91,13.95,4123200.0,000020.SZ,2026-03-03,深华发,,CNY
13.74,14.04,13.72,13.88,2557800.0,000020.SZ,2026-03-04,深华发,,CNY
14.16,14.54,14.13,14.28,3966900.0,000020.SZ,2026-03-05,深华发,,CNY
14.2,14.52,14.08,14.52,2621600.0,000020.SZ,2026-03-06,深华发,,CNY
14.41,14.44,14.14,14.3,2661000.0,000020.SZ,2026-03-09,深华发,,CNY
14.47,14.77,14.47,14.76,2768511.0,000020.SZ,2026-03-10,深华发,,CNY
14.76,14.87,14.63,14.77,2359411.0,000020.SZ,2026-03-11,深华发,,CNY
14.77,14.77,14.42,14.49,2095900.0,000020.SZ,2026-03-12,深华发,,CNY
14.43,14.76,14.37,14.49,2165500.0,000020.SZ,2026-03-13,深华发,,CNY
14.49,15.94,14.35,15.94,7182754.0,000020.SZ,2026-03-16,深华发,,CNY
17.53,17.53,17.53,17.53,7418502.0,000020.SZ,2026-03-17,深华发,,CNY
19.28,19.28,19.28,19.28,2892080.0,000020.SZ,2026-03-18,深华发,,CNY
21.21,21.21,21.21,21.21,3252082.0,000020.SZ,2026-03-19,深华发,,CNY
23.33,23.33,23.33,23.33,5264059.0,000020.SZ,2026-03-20,深华发,,CNY
25.66,25.66,21.0,21.0,46600367.0,000020.SZ,2026-03-23,深华发,,CNY
20.36,20.58,18.9,18.95,41189624.0,000020.SZ,2026-03-24,深华发,,CNY
17.78,18.26,17.44,17.68,33837790.0,000020.SZ,2026-03-25,深华发,,CNY
17.07,17.68,17.07,17.32,22464990.0,000020.SZ,2026-03-26,深华发,,CNY
16.98,17.0,16.72,16.79,18078812.0,000020.SZ,2026-03-27,深华发,,CNY
16.28,16.52,16.03,16.2,15213747.0,000020.SZ,2026-03-30,深华发,,CNY
16.15,16.33,15.83,15.93,12572770.0,000020.SZ,2026-03-31,深华发,,CNY
16.1,16.2,15.86,16.18,11211031.0,000020.SZ,2026-04-01,深华发,,CNY
15.94,15.99,15.4,15.47,11758721.0,000020.SZ,2026-04-02,深华发,,CNY
15.49,15.52,14.74,14.82,10597160.0,000020.SZ,2026-04-03,深华发,,CNY
14.82,15.26,14.82,15.23,9077833.0,000020.SZ,2026-04-07,深华发,,CNY
15.48,15.64,15.34,15.61,9364501.0,000020.SZ,2026-04-08,深华发,,CNY
15.5,15.79,15.37,15.58,8888600.0,000020.SZ,2026-04-09,深华发,,CNY
15.73,15.97,15.63,15.8,9346261.0,000020.SZ,2026-04-10,深华发,,CNY
15.79,15.92,15.49,15.84,7024900.0,000020.SZ,2026-04-13,深华发,,CNY
15.88,16.08,15.76,16.03,7812600.0,000020.SZ,2026-04-14,深华发,,CNY
15.98,16.03,15.66,15.73,5933300.0,000020.SZ,2026-04-15,深华发,,CNY
15.8,15.91,15.6,15.9,6702000.0,000020.SZ,2026-04-16,深华发,,CNY
15.75,15.85,15.69,15.78,4744800.0,000020.SZ,2026-04-17,深华发,,CNY
15.81,16.08,15.69,16.06,5799800.0,000020.SZ,2026-04-20,深华发,,CNY
15.96,15.99,15.62,15.97,6062400.0,000020.SZ,2026-04-21,深华发,,CNY
15.89,15.96,15.7,15.88,4766200.0,000020.SZ,2026-04-22,深华发,,CNY
15.88,15.88,15.39,15.49,5852100.0,000020.SZ,2026-04-23,深华发,,CNY
15.4,15.47,15.15,15.33,4790590.0,000020.SZ,2026-04-24,深华发,,CNY
15.34,15.87,15.03,15.84,8213617.0,000020.SZ,2026-04-27,深华发,,CNY
15.81,15.81,15.52,15.73,5161200.0,000020.SZ,2026-04-28,深华发,,CNY
15.55,16.07,15.55,15.93,5947500.0,000020.SZ,2026-04-29,深华发,,CNY
15.9,16.22,15.85,15.96,4470001.0,000020.SZ,2026-04-30,深华发,,CNY
25.63,26.0,25.63,25.95,5393740.0,000028.SZ,2026-03-02,国药一致,,CNY
25.88,26.13,25.5,25.7,5283362.0,000028.SZ,2026-03-03,国药一致,,CNY
25.68,25.69,25.12,25.21,5086942.0,000028.SZ,2026-03-04,国药一致,,CNY
25.4,25.48,25.16,25.21,2932963.0,000028.SZ,2026-03-05,国药一致,,CNY
25.17,25.59,25.12,25.55,3020942.0,000028.SZ,2026-03-06,国药一致,,CNY
25.45,25.73,25.37,25.52,4582526.0,000028.SZ,2026-03-09,国药一致,,CNY
25.52,25.75,25.46,25.7,3264137.0,000028.SZ,2026-03-10,国药一致,,CNY
25.72,25.77,25.57,25.72,2549111.0,000028.SZ,2026-03-11,国药一致,,CNY
25.72,25.92,25.64,25.86,2757470.0,000028.SZ,2026-03-12,国药一致,,CNY
25.85,26.14,25.8,25.96,4087410.0,000028.SZ,2026-03-13,国药一致,,CNY
25.98,26.08,25.69,25.79,3169245.0,000028.SZ,2026-03-16,国药一致,,CNY
25.85,26.01,25.75,25.77,2658035.0,000028.SZ,2026-03-17,国药一致,,CNY
25.85,26.16,25.77,26.12,4424301.0,000028.SZ,2026-03-18,国药一致,,CNY
25.95,26.53,25.92,26.08,5618150.0,000028.SZ,2026-03-19,国药一致,,CNY
26.08,26.38,25.88,25.92,4426654.0,000028.SZ,2026-03-20,国药一致,,CNY
25.67,25.67,24.24,24.47,8733190.0,000028.SZ,2026-03-23,国药一致,,CNY
24.65,25.23,24.49,25.18,5252148.0,000028.SZ,2026-03-24,国药一致,,CNY
25.27,25.47,24.99,25.44,3667376.0,000028.SZ,2026-03-25,国药一致,,CNY
25.4,25.7,25.32,25.45,2642727.0,000028.SZ,2026-03-26,国药一致,,CNY
25.3,25.8,25.26,25.7,3431372.0,000028.SZ,2026-03-27,国药一致,,CNY
25.65,26.2,25.55,26.18,6108414.0,000028.SZ,2026-03-30,国药一致,,CNY
26.13,26.52,26.08,26.14,6488640.0,000028.SZ,2026-03-31,国药一致,,CNY
26.41,26.43,25.94,26.42,5359322.0,000028.SZ,2026-04-01,国药一致,,CNY
26.6,27.19,26.26,27.0,16625361.0,000028.SZ,2026-04-02,国药一致,,CNY
26.7,26.95,26.28,26.4,7625865.0,000028.SZ,2026-04-03,国药一致,,CNY
26.26,26.8,25.91,26.64,6816000.0,000028.SZ,2026-04-07,国药一致,,CNY
26.66,26.85,26.28,26.47,7435781.0,000028.SZ,2026-04-08,国药一致,,CNY
26.47,26.88,26.06,26.09,7626614.0,000028.SZ,2026-04-09,国药一致,,CNY
26.18,26.4,26.01,26.24,4249022.0,000028.SZ,2026-04-10,国药一致,,CNY
26.12,26.18,25.45,25.51,6355375.0,000028.SZ,2026-04-13,国药一致,,CNY
25.58,25.62,25.32,25.6,3974881.0,000028.SZ,2026-04-14,国药一致,,CNY
25.7,26.55,25.7,26.45,9845377.0,000028.SZ,2026-04-15,国药一致,,CNY
26.48,26.79,26.3,26.51,6559442.0,000028.SZ,2026-04-16,国药一致,,CNY
26.51,26.51,25.91,26.05,4603770.0,000028.SZ,2026-04-17,国药一致,,CNY
26.05,26.24,25.8,25.93,3493690.0,000028.SZ,2026-04-20,国药一致,,CNY
25.93,26.18,25.8,25.85,3288215.0,000028.SZ,2026-04-21,国药一致,,CNY
25.1,25.3,24.9,25.19,6746860.0,000028.SZ,2026-04-22,国药一致,,CNY
25.2,25.26,24.9,25.0,5294561.0,000028.SZ,2026-04-23,国药一致,,CNY
25.0,25.03,24.63,24.79,3915875.0,000028.SZ,2026-04-24,国药一致,,CNY
24.8,24.8,24.53,24.55,4129963.0,000028.SZ,2026-04-27,国药一致,,CNY
24.53,24.78,24.53,24.69,3900046.0,000028.SZ,2026-04-28,国药一致,,CNY
24.63,24.84,24.62,24.8,4022814.0,000028.SZ,2026-04-29,国药一致,,CNY
24.68,24.69,24.41,24.54,5941486.0,000028.SZ,2026-04-30,国药一致,,CNY
5.49,5.58,5.45,5.53,14694213.0,000030.SZ,2026-03-02,富奥股份,,CNY
5.54,5.57,5.37,5.41,16855538.0,000030.SZ,2026-03-03,富奥股份,,CNY
5.37,5.4,5.21,5.21,18367496.0,000030.SZ,2026-03-04,富奥股份,,CNY
5.3,5.35,5.25,5.27,14354784.0,000030.SZ,2026-03-05,富奥股份,,CNY
5.27,5.37,5.24,5.35,10793646.0,000030.SZ,2026-03-06,富奥股份,,CNY
5.3,5.32,5.23,5.27,16169739.0,000030.SZ,2026-03-09,富奥股份,,CNY
5.3,5.38,5.28,5.35,12231174.0,000030.SZ,2026-03-10,富奥股份,,CNY
5.36,5.41,5.33,5.38,10216309.0,000030.SZ,2026-03-11,富奥股份,,CNY
5.41,5.43,5.34,5.35,10737891.0,000030.SZ,2026-03-12,富奥股份,,CNY
5.33,5.44,5.33,5.36,11593669.0,000030.SZ,2026-03-13,富奥股份,,CNY
5.35,5.38,5.26,5.28,13458988.0,000030.SZ,2026-03-16,富奥股份,,CNY
5.29,5.34,5.24,5.26,10931200.0,000030.SZ,2026-03-17,富奥股份,,CNY
5.26,5.27,5.16,5.2,15263051.0,000030.SZ,2026-03-18,富奥股份,,CNY
5.16,5.18,5.06,5.09,11116320.0,000030.SZ,2026-03-19,富奥股份,,CNY
5.1,5.13,5.0,5.01,13126892.0,000030.SZ,2026-03-20,富奥股份,,CNY
4.95,4.96,4.64,4.69,17223550.0,000030.SZ,2026-03-23,富奥股份,,CNY
4.76,4.86,4.7,4.85,12844480.0,000030.SZ,2026-03-24,富奥股份,,CNY
4.88,4.96,4.85,4.95,11137872.0,000030.SZ,2026-03-25,富奥股份,,CNY
4.96,5.03,4.94,4.97,9947780.0,000030.SZ,2026-03-26,富奥股份,,CNY
4.94,5.03,4.92,5.02,8162472.0,000030.SZ,2026-03-27,富奥股份,,CNY
5.02,5.06,4.96,5.05,11960954.0,000030.SZ,2026-03-30,富奥股份,,CNY
5.07,5.56,5.07,5.56,51120274.0,000030.SZ,2026-03-31,富奥股份,,CNY
5.44,5.46,5.17,5.2,85746826.0,000030.SZ,2026-04-01,富奥股份,,CNY
5.25,5.33,5.09,5.12,48618911.0,000030.SZ,2026-04-02,富奥股份,,CNY
5.12,5.14,4.8,4.8,45755105.0,000030.SZ,2026-04-03,富奥股份,,CNY
4.86,4.87,4.79,4.81,24478387.0,000030.SZ,2026-04-07,富奥股份,,CNY
4.92,5.07,4.92,5.06,33760325.0,000030.SZ,2026-04-08,富奥股份,,CNY
5.04,5.09,5.0,5.01,19454800.0,000030.SZ,2026-04-09,富奥股份,,CNY
5.01,5.15,5.01,5.12,19098526.0,000030.SZ,2026-04-10,富奥股份,,CNY
5.05,5.12,5.05,5.11,14203380.0,000030.SZ,2026-04-13,富奥股份,,CNY
5.12,5.2,5.08,5.19,17268463.0,000030.SZ,2026-04-14,富奥股份,,CNY
5.2,5.23,5.14,5.15,13311120.0,000030.SZ,2026-04-15,富奥股份,,CNY
5.18,5.23,5.17,5.2,13609057.0,000030.SZ,2026-04-16,富奥股份,,CNY
5.59,5.66,5.37,5.5,68155102.0,000030.SZ,2026-04-17,富奥股份,,CNY
5.5,5.78,5.46,5.67,66825305.0,000030.SZ,2026-04-20,富奥股份,,CNY
5.68,5.72,5.55,5.65,37002914.0,000030.SZ,2026-04-21,富奥股份,,CNY
5.38,5.42,5.24,5.34,40852469.0,000030.SZ,2026-04-22,富奥股份,,CNY
5.39,5.4,5.19,5.21,35241062.0,000030.SZ,2026-04-23,富奥股份,,CNY
5.2,5.2,5.09,5.12,22414500.0,000030.SZ,2026-04-24,富奥股份,,CNY
5.12,5.19,5.12,5.15,15170026.0,000030.SZ,2026-04-27,富奥股份,,CNY
5.16,5.17,5.02,5.06,16897200.0,000030.SZ,2026-04-28,富奥股份,,CNY
5.06,5.12,5.03,5.1,14889080.0,000030.SZ,2026-04-29,富奥股份,,CNY
5.1,5.14,5.07,5.09,13650350.0,000030.SZ,2026-04-30,富奥股份,,CNY
3.4,3.49,3.36,3.44,28083157.0,000031.SZ,2026-03-02,大悦城控股,,CNY
3.45,3.53,3.4,3.42,37340938.0,000031.SZ,2026-03-03,大悦城控股,,CNY
3.4,3.42,3.26,3.29,34734301.0,000031.SZ,2026-03-04,大悦城控股,,CNY
3.35,3.47,3.3,3.33,25986838.0,000031.SZ,2026-03-05,大悦城控股,,CNY
3.32,3.38,3.28,3.34,27933300.0,000031.SZ,2026-03-06,大悦城控股,,CNY
3.26,3.32,3.2,3.28,30125800.0,000031.SZ,2026-03-09,大悦城控股,,CNY
3.3,3.34,3.24,3.27,22044751.0,000031.SZ,2026-03-10,大悦城控股,,CNY
3.27,3.27,3.21,3.25,17336358.0,000031.SZ,2026-03-11,大悦城控股,,CNY
3.24,3.27,3.21,3.23,18976315.0,000031.SZ,2026-03-12,大悦城控股,,CNY
3.22,3.33,3.21,3.22,28431081.0,000031.SZ,2026-03-13,大悦城控股,,CNY
3.22,3.33,3.21,3.25,30713846.0,000031.SZ,2026-03-16,大悦城控股,,CNY
3.26,3.37,3.24,3.25,33672800.0,000031.SZ,2026-03-17,大悦城控股,,CNY
3.25,3.26,3.12,3.16,26201200.0,000031.SZ,2026-03-18,大悦城控股,,CNY
3.13,3.14,3.01,3.02,25943500.0,000031.SZ,2026-03-19,大悦城控股,,CNY
3.02,3.08,2.95,2.97,24870628.0,000031.SZ,2026-03-20,大悦城控股,,CNY
2.93,2.94,2.77,2.79,35767053.0,000031.SZ,2026-03-23,大悦城控股,,CNY
2.87,2.91,2.81,2.91,29431200.0,000031.SZ,2026-03-24,大悦城控股,,CNY
2.92,2.97,2.87,2.94,22267400.0,000031.SZ,2026-03-25,大悦城控股,,CNY
2.95,2.98,2.89,2.91,16181900.0,000031.SZ,2026-03-26,大悦城控股,,CNY
2.89,2.97,2.85,2.94,15049800.0,000031.SZ,2026-03-27,大悦城控股,,CNY
2.91,2.96,2.88,2.96,13340420.0,000031.SZ,2026-03-30,大悦城控股,,CNY
2.96,3.01,2.9,2.91,17450300.0,000031.SZ,2026-03-31,大悦城控股,,CNY
2.96,2.96,2.9,2.95,12214600.0,000031.SZ,2026-04-01,大悦城控股,,CNY
2.92,2.93,2.84,2.86,19620200.0,000031.SZ,2026-04-02,大悦城控股,,CNY
2.86,2.87,2.78,2.8,15400300.0,000031.SZ,2026-04-03,大悦城控股,,CNY
2.81,2.85,2.79,2.83,13372201.0,000031.SZ,2026-04-07,大悦城控股,,CNY
2.88,2.97,2.86,2.95,20729046.0,000031.SZ,2026-04-08,大悦城控股,,CNY
2.93,2.95,2.88,2.89,13255400.0,000031.SZ,2026-04-09,大悦城控股,,CNY
2.92,2.98,2.91,2.94,17775100.0,000031.SZ,2026-04-10,大悦城控股,,CNY
2.93,3.02,2.92,2.97,22396200.0,000031.SZ,2026-04-13,大悦城控股,,CNY
2.98,3.06,2.94,3.04,28514591.0,000031.SZ,2026-04-14,大悦城控股,,CNY
3.03,3.03,2.9,2.91,30897101.0,000031.SZ,2026-04-15,大悦城控股,,CNY
2.91,2.93,2.85,2.9,26422454.0,000031.SZ,2026-04-16,大悦城控股,,CNY
2.9,2.99,2.87,2.92,33165600.0,000031.SZ,2026-04-17,大悦城控股,,CNY
2.9,2.92,2.86,2.92,23033071.0,000031.SZ,2026-04-20,大悦城控股,,CNY
2.92,2.94,2.87,2.9,19114627.0,000031.SZ,2026-04-21,大悦城控股,,CNY
2.89,2.92,2.87,2.9,14821625.0,000031.SZ,2026-04-22,大悦城控股,,CNY
2.9,2.94,2.87,2.89,19587685.0,000031.SZ,2026-04-23,大悦城控股,,CNY
2.89,2.91,2.87,2.89,21643088.0,000031.SZ,2026-04-24,大悦城控股,,CNY
2.9,2.92,2.83,2.9,24796246.0,000031.SZ,2026-04-27,大悦城控股,,CNY
2.91,2.93,2.85,2.87,19628780.0,000031.SZ,2026-04-28,大悦城控股,,CNY
2.87,2.98,2.86,2.97,28361241.0,000031.SZ,2026-04-29,大悦城控股,,CNY
2.98,3.13,2.95,3.06,41025682.0,000031.SZ,2026-04-30,大悦城控股,,CNY
6.22,6.23,6.03,6.07,18162063.0,000788.SZ,2026-03-02,北大医药,,CNY
6.16,6.28,6.06,6.07,18144700.0,000788.SZ,2026-03-03,北大医药,,CNY
6.03,6.09,5.97,6.04,11575954.0,000788.SZ,2026-03-04,北大医药,,CNY
6.12,6.19,6.09,6.13,10814896.0,000788.SZ,2026-03-05,北大医药,,CNY
6.13,6.3,6.1,6.29,13966983.0,000788.SZ,2026-03-06,北大医药,,CNY
6.28,6.32,6.21,6.31,15349275.0,000788.SZ,2026-03-09,北大医药,,CNY
6.14,6.2,6.1,6.19,13068749.0,000788.SZ,2026-03-10,北大医药,,CNY
6.19,6.19,6.1,6.13,10738900.0,000788.SZ,2026-03-11,北大医药,,CNY
6.13,6.14,6.07,6.1,8820351.0,000788.SZ,2026-03-12,北大医药,,CNY
6.09,6.17,6.07,6.08,11648370.0,000788.SZ,2026-03-13,北大医药,,CNY
6.08,6.13,6.02,6.06,10293500.0,000788.SZ,2026-03-16,北大医药,,CNY
6.06,6.14,5.98,5.99,11815270.0,000788.SZ,2026-03-17,北大医药,,CNY
6.01,6.08,5.93,6.07,8696673.0,000788.SZ,2026-03-18,北大医药,,CNY
6.02,6.06,5.88,5.9,10719100.0,000788.SZ,2026-03-19,北大医药,,CNY
5.94,5.95,5.71,5.72,11886100.0,000788.SZ,2026-03-20,北大医药,,CNY
5.65,5.66,5.32,5.36,15937219.0,000788.SZ,2026-03-23,北大医药,,CNY
5.47,5.63,5.4,5.62,14289000.0,000788.SZ,2026-03-24,北大医药,,CNY
5.64,5.7,5.59,5.64,10128107.0,000788.SZ,2026-03-25,北大医药,,CNY
5.64,5.74,5.6,5.65,9492263.0,000788.SZ,2026-03-26,北大医药,,CNY
5.61,5.92,5.58,5.91,17890208.0,000788.SZ,2026-03-27,北大医药,,CNY
5.87,6.01,5.83,6.0,15167500.0,000788.SZ,2026-03-30,北大医药,,CNY
5.98,6.07,5.95,5.96,12143640.0,000788.SZ,2026-03-31,北大医药,,CNY
6.0,6.56,6.0,6.56,66242269.0,000788.SZ,2026-04-01,北大医药,,CNY
7.15,7.22,6.92,7.22,137907307.0,000788.SZ,2026-04-02,北大医药,,CNY
7.4,7.85,7.13,7.13,215777786.0,000788.SZ,2026-04-03,北大医药,,CNY
7.08,7.19,6.66,6.91,148097231.0,000788.SZ,2026-04-07,北大医药,,CNY
6.91,6.97,6.5,6.53,118280958.0,000788.SZ,2026-04-08,北大医药,,CNY
6.45,7.15,6.41,6.74,143159384.0,000788.SZ,2026-04-09,北大医药,,CNY
6.5,6.6,6.26,6.34,103499485.0,000788.SZ,2026-04-10,北大医药,,CNY
6.33,6.35,6.07,6.14,70594983.0,000788.SZ,2026-04-13,北大医药,,CNY
6.13,6.17,6.02,6.15,50892619.0,000788.SZ,2026-04-14,北大医药,,CNY
6.21,6.77,6.09,6.77,115594311.0,000788.SZ,2026-04-15,北大医药,,CNY
6.9,6.99,6.6,6.66,134172813.0,000788.SZ,2026-04-16,北大医药,,CNY
6.64,6.68,6.47,6.54,68355619.0,000788.SZ,2026-04-17,北大医药,,CNY
6.54,6.62,6.46,6.6,58032150.0,000788.SZ,2026-04-20,北大医药,,CNY
6.52,6.75,6.43,6.53,59392669.0,000788.SZ,2026-04-21,北大医药,,CNY
6.43,6.51,6.35,6.51,42473600.0,000788.SZ,2026-04-22,北大医药,,CNY
6.43,6.46,6.31,6.31,35477431.0,000788.SZ,2026-04-23,北大医药,,CNY
6.26,6.49,6.18,6.36,40839600.0,000788.SZ,2026-04-24,北大医药,,CNY
6.27,6.29,6.11,6.21,34822600.0,000788.SZ,2026-04-27,北大医药,,CNY
6.18,6.48,6.16,6.28,40766100.0,000788.SZ,2026-04-28,北大医药,,CNY
6.2,6.3,6.11,6.25,27294200.0,000788.SZ,2026-04-29,北大医药,,CNY
6.21,6.25,6.12,6.12,25246000.0,000788.SZ,2026-04-30,北大医药,,CNY
7.66,8.34,7.61,8.21,160586058.0,000791.SZ,2026-03-02,甘肃能源,,CNY
8.1,8.29,7.91,7.96,105661300.0,000791.SZ,2026-03-03,甘肃能源,,CNY
7.84,8.17,7.82,8.0,67400546.0,000791.SZ,2026-03-04,甘肃能源,,CNY
8.2,8.32,8.07,8.12,57476949.0,000791.SZ,2026-03-05,甘肃能源,,CNY
8.08,8.55,8.0,8.5,82644528.0,000791.SZ,2026-03-06,甘肃能源,,CNY
8.62,8.8,8.38,8.45,97461215.0,000791.SZ,2026-03-09,甘肃能源,,CNY
8.37,8.51,8.23,8.29,69576722.0,000791.SZ,2026-03-10,甘肃能源,,CNY
8.35,8.51,8.12,8.47,74223754.0,000791.SZ,2026-03-11,甘肃能源,,CNY
8.48,9.08,8.31,8.89,133676556.0,000791.SZ,2026-03-12,甘肃能源,,CNY
8.77,8.8,8.32,8.35,108753238.0,000791.SZ,2026-03-13,甘肃能源,,CNY
8.31,8.41,8.02,8.07,73787199.0,000791.SZ,2026-03-16,甘肃能源,,CNY
8.07,8.2,7.96,7.98,46449781.0,000791.SZ,2026-03-17,甘肃能源,,CNY
8.05,8.25,8.03,8.1,40895672.0,000791.SZ,2026-03-18,甘肃能源,,CNY
8.05,8.28,7.98,8.21,51540034.0,000791.SZ,2026-03-19,甘肃能源,,CNY
8.25,9.03,8.19,8.5,143771372.0,000791.SZ,2026-03-20,甘肃能源,,CNY
8.35,8.58,8.03,8.12,118472006.0,000791.SZ,2026-03-23,甘肃能源,,CNY
8.08,8.42,8.0,8.41,91991597.0,000791.SZ,2026-03-24,甘肃能源,,CNY
8.47,9.25,8.39,9.25,162249580.0,000791.SZ,2026-03-25,甘肃能源,,CNY
9.25,9.33,8.73,8.96,178237155.0,000791.SZ,2026-03-26,甘肃能源,,CNY
8.83,8.95,8.48,8.61,107647506.0,000791.SZ,2026-03-27,甘肃能源,,CNY
8.51,8.69,7.76,7.96,107588469.0,000791.SZ,2026-03-30,甘肃能源,,CNY
7.82,7.96,7.6,7.66,76411570.0,000791.SZ,2026-03-31,甘肃能源,,CNY
7.78,7.84,7.4,7.47,75074308.0,000791.SZ,2026-04-01,甘肃能源,,CNY
7.47,7.54,7.2,7.27,56396157.0,000791.SZ,2026-04-02,甘肃能源,,CNY
7.29,7.5,7.16,7.18,53760670.0,000791.SZ,2026-04-03,甘肃能源,,CNY
7.26,7.29,7.11,7.16,33821938.0,000791.SZ,2026-04-07,甘肃能源,,CNY
7.25,7.38,7.21,7.36,49785494.0,000791.SZ,2026-04-08,甘肃能源,,CNY
7.29,7.29,7.17,7.21,35160903.0,000791.SZ,2026-04-09,甘肃能源,,CNY
7.23,7.34,7.21,7.27,29569160.0,000791.SZ,2026-04-10,甘肃能源,,CNY
7.97,8.0,7.97,8.0,39738096.0,000791.SZ,2026-04-13,甘肃能源,,CNY
8.06,8.34,7.84,8.15,151107829.0,000791.SZ,2026-04-14,甘肃能源,,CNY
8.06,8.13,7.82,8.02,87498438.0,000791.SZ,2026-04-15,甘肃能源,,CNY
8.0,8.29,7.88,8.13,68788743.0,000791.SZ,2026-04-16,甘肃能源,,CNY
8.08,8.35,8.04,8.27,69871566.0,000791.SZ,2026-04-17,甘肃能源,,CNY
8.31,8.43,8.16,8.22,68997025.0,000791.SZ,2026-04-20,甘肃能源,,CNY
8.29,8.78,8.0,8.37,89190226.0,000791.SZ,2026-04-21,甘肃能源,,CNY
8.2,8.39,8.14,8.24,54423304.0,000791.SZ,2026-04-22,甘肃能源,,CNY
8.25,8.64,8.09,8.53,91274432.0,000791.SZ,2026-04-23,甘肃能源,,CNY
8.29,8.52,8.23,8.23,56525260.0,000791.SZ,2026-04-24,甘肃能源,,CNY
8.2,8.47,8.16,8.27,55499890.0,000791.SZ,2026-04-27,甘肃能源,,CNY
8.2,8.36,8.1,8.23,52046033.0,000791.SZ,2026-04-28,甘肃能源,,CNY
8.2,8.48,8.15,8.36,56490213.0,000791.SZ,2026-04-29,甘肃能源,,CNY
8.32,8.34,8.02,8.06,61837733.0,000791.SZ,2026-04-30,甘肃能源,,CNY
4.1,4.11,3.95,4.02,17454125.0,000790.SZ,2026-03-02,华神科技,,CNY
4.01,4.08,3.97,3.98,20254136.0,000790.SZ,2026-03-03,华神科技,,CNY
3.95,4.03,3.9,3.96,19684745.0,000790.SZ,2026-03-04,华神科技,,CNY
4.0,4.07,3.99,4.02,10921606.0,000790.SZ,2026-03-05,华神科技,,CNY
3.99,4.17,3.96,4.16,20915388.0,000790.SZ,2026-03-06,华神科技,,CNY
4.13,4.19,4.09,4.16,16968646.0,000790.SZ,2026-03-09,华神科技,,CNY
4.18,4.25,4.14,4.22,14488819.0,000790.SZ,2026-03-10,华神科技,,CNY
4.24,4.24,4.15,4.19,11973017.0,000790.SZ,2026-03-11,华神科技,,CNY
4.19,4.22,4.14,4.16,12382392.0,000790.SZ,2026-03-12,华神科技,,CNY
4.16,4.24,4.13,4.17,13951136.0,000790.SZ,2026-03-13,华神科技,,CNY
4.18,4.27,4.17,4.22,13469686.0,000790.SZ,2026-03-16,华神科技,,CNY
4.21,4.26,4.14,4.16,14617249.0,000790.SZ,2026-03-17,华神科技,,CNY
4.17,4.2,4.12,4.19,11808054.0,000790.SZ,2026-03-18,华神科技,,CNY
4.17,4.2,4.05,4.07,12707291.0,000790.SZ,2026-03-19,华神科技,,CNY
4.08,4.13,3.9,3.94,19537032.0,000790.SZ,2026-03-20,华神科技,,CNY
3.91,3.92,3.55,3.58,27693883.0,000790.SZ,2026-03-23,华神科技,,CNY
3.74,3.91,3.62,3.88,29802118.0,000790.SZ,2026-03-24,华神科技,,CNY
3.97,3.98,3.9,3.94,18052873.0,000790.SZ,2026-03-25,华神科技,,CNY
3.94,4.05,3.87,3.9,17785410.0,000790.SZ,2026-03-26,华神科技,,CNY
3.9,4.07,3.85,4.07,20146088.0,000790.SZ,2026-03-27,华神科技,,CNY
4.06,4.17,4.03,4.16,18347734.0,000790.SZ,2026-03-30,华神科技,,CNY
4.16,4.25,4.12,4.13,21864882.0,000790.SZ,2026-03-31,华神科技,,CNY
4.18,4.23,4.1,4.21,20652852.0,000790.SZ,2026-04-01,华神科技,,CNY
4.19,4.3,4.18,4.24,22914822.0,000790.SZ,2026-04-02,华神科技,,CNY
4.22,4.24,4.02,4.03,24536900.0,000790.SZ,2026-04-03,华神科技,,CNY
4.06,4.29,3.95,4.27,34214777.0,000790.SZ,2026-04-07,华神科技,,CNY
4.33,4.33,4.17,4.2,27714344.0,000790.SZ,2026-04-08,华神科技,,CNY
4.21,4.28,4.06,4.08,27022055.0,000790.SZ,2026-04-09,华神科技,,CNY
4.08,4.16,4.04,4.09,18362800.0,000790.SZ,2026-04-10,华神科技,,CNY
4.08,4.09,3.97,4.03,18378058.0,000790.SZ,2026-04-13,华神科技,,CNY
4.05,4.06,3.89,3.99,22179900.0,000790.SZ,2026-04-14,华神科技,,CNY
4.01,4.33,3.97,4.19,41759928.0,000790.SZ,2026-04-15,华神科技,,CNY
4.21,4.22,4.09,4.17,26255574.0,000790.SZ,2026-04-16,华神科技,,CNY
4.18,4.18,3.96,4.02,28844168.0,000790.SZ,2026-04-17,华神科技,,CNY
4.01,4.06,3.94,4.04,20179149.0,000790.SZ,2026-04-20,华神科技,,CNY
4.04,4.07,3.97,4.01,14713133.0,000790.SZ,2026-04-21,华神科技,,CNY
3.98,4.0,3.9,3.94,17788701.0,000790.SZ,2026-04-22,华神科技,,CNY
3.93,3.94,3.82,3.85,15442800.0,000790.SZ,2026-04-23,华神科技,,CNY
3.86,3.91,3.79,3.89,13508166.0,000790.SZ,2026-04-24,华神科技,,CNY
3.87,4.02,3.79,3.99,18964204.0,000790.SZ,2026-04-27,华神科技,,CNY
4.01,4.1,3.95,4.0,15043937.0,000790.SZ,2026-04-28,华神科技,,CNY
4.0,4.17,3.97,4.15,20538776.0,000790.SZ,2026-04-29,华神科技,,CNY
4.25,4.57,4.25,4.57,46629403.0,000790.SZ,2026-04-30,华神科技,,CNY
10.84,10.91,10.6,10.76,28324400.0,000795.SZ,2026-03-02,英洛华,,CNY
10.65,10.74,10.25,10.28,30949300.0,000795.SZ,2026-03-03,英洛华,,CNY
10.2,10.53,10.19,10.26,20886304.0,000795.SZ,2026-03-04,英洛华,,CNY
10.44,10.46,10.06,10.13,22472600.0,000795.SZ,2026-03-05,英洛华,,CNY
10.06,10.28,10.01,10.17,15480651.0,000795.SZ,2026-03-06,英洛华,,CNY
10.0,10.08,9.62,9.98,31523853.0,000795.SZ,2026-03-09,英洛华,,CNY
10.08,10.19,10.0,10.18,16576122.0,000795.SZ,2026-03-10,英洛华,,CNY
10.13,10.23,10.02,10.05,13773012.0,000795.SZ,2026-03-11,英洛华,,CNY
10.02,10.07,9.85,9.95,15756027.0,000795.SZ,2026-03-12,英洛华,,CNY
9.9,10.1,9.84,9.87,19039602.0,000795.SZ,2026-03-13,英洛华,,CNY
9.85,9.86,9.56,9.7,23516102.0,000795.SZ,2026-03-16,英洛华,,CNY
9.73,9.75,9.5,9.53,18213684.0,000795.SZ,2026-03-17,英洛华,,CNY
9.51,9.56,9.38,9.55,16285077.0,000795.SZ,2026-03-18,英洛华,,CNY
9.43,9.44,9.02,9.09,23977800.0,000795.SZ,2026-03-19,英洛华,,CNY
9.1,9.15,8.71,8.72,22722213.0,000795.SZ,2026-03-20,英洛华,,CNY
8.6,8.66,8.18,8.22,23584999.0,000795.SZ,2026-03-23,英洛华,,CNY
8.43,8.46,8.21,8.44,14966700.0,000795.SZ,2026-03-24,英洛华,,CNY
8.53,8.71,8.51,8.7,16295900.0,000795.SZ,2026-03-25,英洛华,,CNY
8.68,8.74,8.56,8.59,11511165.0,000795.SZ,2026-03-26,英洛华,,CNY
8.46,8.78,8.45,8.76,13292680.0,000795.SZ,2026-03-27,英洛华,,CNY
8.67,8.8,8.62,8.77,10783200.0,000795.SZ,2026-03-30,英洛华,,CNY
8.77,8.85,8.72,8.75,9326183.0,000795.SZ,2026-03-31,英洛华,,CNY
8.85,8.88,8.76,8.86,9179600.0,000795.SZ,2026-04-01,英洛华,,CNY
8.81,8.86,8.66,8.73,8589000.0,000795.SZ,2026-04-02,英洛华,,CNY
8.73,8.77,8.54,8.56,6555100.0,000795.SZ,2026-04-03,英洛华,,CNY
8.58,8.79,8.57,8.75,8479900.0,000795.SZ,2026-04-07,英洛华,,CNY
8.9,9.04,8.88,9.03,13834700.0,000795.SZ,2026-04-08,英洛华,,CNY
9.0,9.93,8.92,9.6,65615000.0,000795.SZ,2026-04-09,英洛华,,CNY
9.6,9.67,9.36,9.41,47427870.0,000795.SZ,2026-04-10,英洛华,,CNY
9.52,9.53,9.29,9.33,25443740.0,000795.SZ,2026-04-13,英洛华,,CNY
9.38,9.39,9.21,9.34,18488200.0,000795.SZ,2026-04-14,英洛华,,CNY
9.35,9.43,9.23,9.26,16396700.0,000795.SZ,2026-04-15,英洛华,,CNY
9.25,9.36,9.2,9.33,14072848.0,000795.SZ,2026-04-16,英洛华,,CNY
9.27,9.41,9.24,9.33,15452954.0,000795.SZ,2026-04-17,英洛华,,CNY
9.3,9.47,9.3,9.43,19001403.0,000795.SZ,2026-04-20,英洛华,,CNY
9.4,9.49,9.36,9.4,14699125.0,000795.SZ,2026-04-21,英洛华,,CNY
9.32,9.41,9.28,9.38,13765421.0,000795.SZ,2026-04-22,英洛华,,CNY
9.36,9.38,9.16,9.18,16629174.0,000795.SZ,2026-04-23,英洛华,,CNY
9.16,9.21,9.03,9.18,12452000.0,000795.SZ,2026-04-24,英洛华,,CNY
9.19,9.2,9.03,9.11,8752602.0,000795.SZ,2026-04-27,英洛华,,CNY
9.07,9.1,8.88,8.92,11578400.0,000795.SZ,2026-04-28,英洛华,,CNY
8.91,9.25,8.91,9.23,17415802.0,000795.SZ,2026-04-29,英洛华,,CNY
9.19,9.27,9.15,9.23,11561071.0,000795.SZ,2026-04-30,英洛华,,CNY
11.77,11.86,11.45,11.64,23183000.0,000798.SZ,2026-03-02,中水渔业,,CNY
11.8,12.23,11.49,11.83,47511681.0,000798.SZ,2026-03-03,中水渔业,,CNY
11.93,12.8,11.88,12.48,65489974.0,000798.SZ,2026-03-04,中水渔业,,CNY
12.3,12.35,11.53,11.73,45180529.0,000798.SZ,2026-03-05,中水渔业,,CNY
11.5,11.5,10.56,11.36,38026330.0,000798.SZ,2026-03-06,中水渔业,,CNY
11.17,11.49,10.95,11.11,26579900.0,000798.SZ,2026-03-09,中水渔业,,CNY
11.15,11.37,10.95,11.06,23381001.0,000798.SZ,2026-03-10,中水渔业,,CNY
10.96,11.08,10.81,10.94,18254100.0,000798.SZ,2026-03-11,中水渔业,,CNY
10.91,10.92,10.62,10.64,18709000.0,000798.SZ,2026-03-12,中水渔业,,CNY
10.58,11.03,10.56,10.73,19573500.0,000798.SZ,2026-03-13,中水渔业,,CNY
11.3,11.8,11.3,11.51,63432557.0,000798.SZ,2026-03-16,中水渔业,,CNY
11.31,11.48,10.81,10.84,47969658.0,000798.SZ,2026-03-17,中水渔业,,CNY
10.84,11.0,10.42,10.56,25976357.0,000798.SZ,2026-03-18,中水渔业,,CNY
10.41,10.55,10.16,10.22,18880100.0,000798.SZ,2026-03-19,中水渔业,,CNY
10.26,10.5,9.97,9.98,18263500.0,000798.SZ,2026-03-20,中水渔业,,CNY
9.8,9.84,9.35,9.42,18862726.0,000798.SZ,2026-03-23,中水渔业,,CNY
9.61,9.95,9.54,9.92,20524277.0,000798.SZ,2026-03-24,中水渔业,,CNY
10.35,10.35,10.01,10.19,19317500.0,000798.SZ,2026-03-25,中水渔业,,CNY
10.12,10.21,9.96,10.08,14403300.0,000798.SZ,2026-03-26,中水渔业,,CNY
10.05,10.19,9.95,10.12,15059300.0,000798.SZ,2026-03-27,中水渔业,,CNY
9.97,10.32,9.96,10.31,14160800.0,000798.SZ,2026-03-30,中水渔业,,CNY
10.25,10.42,10.09,10.11,10640300.0,000798.SZ,2026-03-31,中水渔业,,CNY
10.24,10.27,10.1,10.24,8986600.0,000798.SZ,2026-04-01,中水渔业,,CNY
10.2,10.3,10.12,10.28,9229400.0,000798.SZ,2026-04-02,中水渔业,,CNY
10.25,10.25,9.89,9.92,10469300.0,000798.SZ,2026-04-03,中水渔业,,CNY
9.86,10.22,9.86,10.16,9555700.0,000798.SZ,2026-04-07,中水渔业,,CNY
10.23,10.41,10.16,10.41,12829800.0,000798.SZ,2026-04-08,中水渔业,,CNY
10.3,10.38,10.18,10.24,8001600.0,000798.SZ,2026-04-09,中水渔业,,CNY
10.27,10.39,10.21,10.32,8513913.0,000798.SZ,2026-04-10,中水渔业,,CNY
10.3,10.4,10.19,10.4,8813956.0,000798.SZ,2026-04-13,中水渔业,,CNY
10.42,10.45,10.2,10.38,8564900.0,000798.SZ,2026-04-14,中水渔业,,CNY
10.47,10.47,10.23,10.32,6277201.0,000798.SZ,2026-04-15,中水渔业,,CNY
10.31,10.4,10.2,10.38,8133600.0,000798.SZ,2026-04-16,中水渔业,,CNY
10.37,10.37,10.17,10.24,6598100.0,000798.SZ,2026-04-17,中水渔业,,CNY
10.36,10.45,10.28,10.44,9727143.0,000798.SZ,2026-04-20,中水渔业,,CNY
10.67,10.89,10.21,10.32,17664357.0,000798.SZ,2026-04-21,中水渔业,,CNY
10.2,10.27,10.0,10.05,13594000.0,000798.SZ,2026-04-22,中水渔业,,CNY
10.02,10.05,9.78,9.86,10437001.0,000798.SZ,2026-04-23,中水渔业,,CNY
9.6,9.61,9.02,9.23,20787827.0,000798.SZ,2026-04-24,中水渔业,,CNY
9.14,9.21,8.92,9.18,11775400.0,000798.SZ,2026-04-27,中水渔业,,CNY
9.12,9.26,9.11,9.23,9192600.0,000798.SZ,2026-04-28,中水渔业,,CNY
9.24,9.37,9.17,9.26,8505301.0,000798.SZ,2026-04-29,中水渔业,,CNY
9.25,9.45,9.23,9.31,7304600.0,000798.SZ,2026-04-30,中水渔业,,CNY
50.43,50.43,48.78,48.87,11242291.0,000799.SZ,2026-03-02,酒鬼酒,,CNY
48.88,50.62,47.27,49.28,15286396.0,000799.SZ,2026-03-03,酒鬼酒,,CNY
48.25,48.3,46.37,46.39,11388477.0,000799.SZ,2026-03-04,酒鬼酒,,CNY
47.0,47.14,46.33,46.4,5426017.0,000799.SZ,2026-03-05,酒鬼酒,,CNY
46.45,47.19,46.15,47.1,5351391.0,000799.SZ,2026-03-06,酒鬼酒,,CNY
46.27,46.84,46.04,46.56,5581269.0,000799.SZ,2026-03-09,酒鬼酒,,CNY
46.7,47.2,46.6,47.19,5211462.0,000799.SZ,2026-03-10,酒鬼酒,,CNY
46.88,47.29,46.72,47.09,4506457.0,000799.SZ,2026-03-11,酒鬼酒,,CNY
47.0,47.58,46.47,47.12,6158083.0,000799.SZ,2026-03-12,酒鬼酒,,CNY
46.8,48.34,46.7,47.33,8660856.0,000799.SZ,2026-03-13,酒鬼酒,,CNY
47.0,49.49,46.92,48.89,13935407.0,000799.SZ,2026-03-16,酒鬼酒,,CNY
48.26,48.75,47.68,47.69,8675874.0,000799.SZ,2026-03-17,酒鬼酒,,CNY
47.41,47.58,46.19,46.42,6827271.0,000799.SZ,2026-03-18,酒鬼酒,,CNY
46.0,46.0,44.7,44.87,7450182.0,000799.SZ,2026-03-19,酒鬼酒,,CNY
44.87,45.1,43.62,43.65,5940559.0,000799.SZ,2026-03-20,酒鬼酒,,CNY
43.0,43.57,41.89,42.15,6492206.0,000799.SZ,2026-03-23,酒鬼酒,,CNY
42.69,42.93,41.94,42.93,4385788.0,000799.SZ,2026-03-24,酒鬼酒,,CNY
42.98,43.43,42.7,43.36,4258391.0,000799.SZ,2026-03-25,酒鬼酒,,CNY
42.97,43.71,42.31,42.37,5079038.0,000799.SZ,2026-03-26,酒鬼酒,,CNY
41.9,43.74,41.88,43.3,5243735.0,000799.SZ,2026-03-27,酒鬼酒,,CNY
42.96,43.5,42.63,43.19,4112013.0,000799.SZ,2026-03-30,酒鬼酒,,CNY
44.68,45.24,42.78,42.78,10182067.0,000799.SZ,2026-03-31,酒鬼酒,,CNY
43.63,44.17,42.48,43.46,7208777.0,000799.SZ,2026-04-01,酒鬼酒,,CNY
43.1,43.86,42.95,43.12,5452732.0,000799.SZ,2026-04-02,酒鬼酒,,CNY
42.98,43.22,41.3,41.41,6253600.0,000799.SZ,2026-04-03,酒鬼酒,,CNY
41.41,41.89,41.37,41.89,3684838.0,000799.SZ,2026-04-07,酒鬼酒,,CNY
42.39,43.3,42.11,43.28,5894741.0,000799.SZ,2026-04-08,酒鬼酒,,CNY
42.9,43.16,42.31,42.45,4069802.0,000799.SZ,2026-04-09,酒鬼酒,,CNY
42.77,43.5,42.58,43.15,5027686.0,000799.SZ,2026-04-10,酒鬼酒,,CNY
42.86,43.35,42.74,43.31,3805455.0,000799.SZ,2026-04-13,酒鬼酒,,CNY
43.5,44.06,43.1,43.98,6763676.0,000799.SZ,2026-04-14,酒鬼酒,,CNY
43.9,44.42,43.55,43.76,5214228.0,000799.SZ,2026-04-15,酒鬼酒,,CNY
43.78,44.29,43.46,43.89,5240916.0,000799.SZ,2026-04-16,酒鬼酒,,CNY
43.09,43.32,42.69,43.11,5388680.0,000799.SZ,2026-04-17,酒鬼酒,,CNY
42.95,43.72,42.8,43.52,4237719.0,000799.SZ,2026-04-20,酒鬼酒,,CNY
43.32,43.88,42.84,43.03,4121416.0,000799.SZ,2026-04-21,酒鬼酒,,CNY
42.68,42.99,42.58,42.98,3085097.0,000799.SZ,2026-04-22,酒鬼酒,,CNY
43.27,45.13,43.27,44.25,13694988.0,000799.SZ,2026-04-23,酒鬼酒,,CNY
43.36,43.79,42.63,42.9,8506884.0,000799.SZ,2026-04-24,酒鬼酒,,CNY
42.5,42.54,41.74,42.06,5991209.0,000799.SZ,2026-04-27,酒鬼酒,,CNY
42.02,42.18,41.04,41.18,5948615.0,000799.SZ,2026-04-28,酒鬼酒,,CNY
42.0,42.86,41.6,42.55,7837789.0,000799.SZ,2026-04-29,酒鬼酒,,CNY
42.2,43.55,42.08,42.7,6711858.0,000799.SZ,2026-04-30,酒鬼酒,,CNY
17.31,17.5,16.97,17.06,26716778.0,000801.SZ,2026-03-02,四川九洲,,CNY
17.02,17.21,16.25,16.3,27569959.0,000801.SZ,2026-03-03,四川九洲,,CNY
16.08,16.55,16.06,16.18,25048669.0,000801.SZ,2026-03-04,四川九洲,,CNY
16.38,16.47,16.14,16.27,16387202.0,000801.SZ,2026-03-05,四川九洲,,CNY
16.22,16.72,16.18,16.49,16752414.0,000801.SZ,2026-03-06,四川九洲,,CNY
16.21,16.26,15.65,15.91,24019255.0,000801.SZ,2026-03-09,四川九洲,,CNY
16.05,16.14,15.87,15.94,15192262.0,000801.SZ,2026-03-10,四川九洲,,CNY
15.93,15.99,15.77,15.9,14724007.0,000801.SZ,2026-03-11,四川九洲,,CNY
15.81,15.87,15.31,15.35,27841000.0,000801.SZ,2026-03-12,四川九洲,,CNY
15.33,15.34,15.05,15.09,17144640.0,000801.SZ,2026-03-13,四川九洲,,CNY
15.06,15.18,14.89,15.13,13648021.0,000801.SZ,2026-03-16,四川九洲,,CNY
15.13,15.21,15.0,15.14,12440459.0,000801.SZ,2026-03-17,四川九洲,,CNY
15.19,15.2,14.92,15.1,11820588.0,000801.SZ,2026-03-18,四川九洲,,CNY
14.9,14.98,14.65,14.68,13066806.0,000801.SZ,2026-03-19,四川九洲,,CNY
14.75,14.9,14.47,14.66,13571455.0,000801.SZ,2026-03-20,四川九洲,,CNY
14.45,14.45,13.45,13.75,19633911.0,000801.SZ,2026-03-23,四川九洲,,CNY
14.02,14.25,13.78,14.11,18513110.0,000801.SZ,2026-03-24,四川九洲,,CNY
14.12,14.22,13.76,13.96,25515804.0,000801.SZ,2026-03-25,四川九洲,,CNY
13.93,13.97,13.59,13.62,12872473.0,000801.SZ,2026-03-26,四川九洲,,CNY
13.48,13.55,13.21,13.41,19278987.0,000801.SZ,2026-03-27,四川九洲,,CNY
13.21,13.32,13.0,13.2,16079465.0,000801.SZ,2026-03-30,四川九洲,,CNY
13.22,13.95,13.2,13.6,21747986.0,000801.SZ,2026-03-31,四川九洲,,CNY
13.94,14.1,13.88,14.04,18761675.0,000801.SZ,2026-04-01,四川九洲,,CNY
13.98,13.98,13.53,13.59,15002916.0,000801.SZ,2026-04-02,四川九洲,,CNY
13.6,13.64,13.2,13.2,11814748.0,000801.SZ,2026-04-03,四川九洲,,CNY
13.23,13.55,13.23,13.31,9120739.0,000801.SZ,2026-04-07,四川九洲,,CNY
13.61,13.93,13.61,13.92,15321700.0,000801.SZ,2026-04-08,四川九洲,,CNY
13.8,13.83,13.68,13.7,10726034.0,000801.SZ,2026-04-09,四川九洲,,CNY
13.78,14.01,13.78,13.78,10030800.0,000801.SZ,2026-04-10,四川九洲,,CNY
13.7,13.88,13.63,13.77,8340400.0,000801.SZ,2026-04-13,四川九洲,,CNY
13.98,14.03,13.84,14.01,10502788.0,000801.SZ,2026-04-14,四川九洲,,CNY
14.05,14.25,13.93,13.94,15049886.0,000801.SZ,2026-04-15,四川九洲,,CNY
13.93,14.3,13.89,14.08,13942200.0,000801.SZ,2026-04-16,四川九洲,,CNY
14.02,14.22,13.97,14.19,10922058.0,000801.SZ,2026-04-17,四川九洲,,CNY
14.25,14.55,14.22,14.47,13943448.0,000801.SZ,2026-04-20,四川九洲,,CNY
14.47,14.57,14.31,14.41,10780223.0,000801.SZ,2026-04-21,四川九洲,,CNY
14.37,14.48,14.24,14.3,13975200.0,000801.SZ,2026-04-22,四川九洲,,CNY
14.29,14.31,14.0,14.05,14227821.0,000801.SZ,2026-04-23,四川九洲,,CNY
13.98,14.03,13.82,13.93,11291974.0,000801.SZ,2026-04-24,四川九洲,,CNY
13.9,14.15,13.62,13.77,15432810.0,000801.SZ,2026-04-27,四川九洲,,CNY
13.58,13.58,12.8,12.99,30041760.0,000801.SZ,2026-04-28,四川九洲,,CNY
12.9,13.06,12.69,12.93,23846404.0,000801.SZ,2026-04-29,四川九洲,,CNY
12.85,12.93,12.68,12.78,16005200.0,000801.SZ,2026-04-30,四川九洲,,CNY
4.4,4.4,4.26,4.29,23604130.0,000802.SZ,2026-03-02,北京文化,,CNY
4.29,4.31,4.16,4.16,19880336.0,000802.SZ,2026-03-03,北京文化,,CNY
4.11,4.17,4.09,4.15,13492332.0,000802.SZ,2026-03-04,北京文化,,CNY
4.2,4.23,4.16,4.2,10777304.0,000802.SZ,2026-03-05,北京文化,,CNY
4.18,4.26,4.15,4.25,9674682.0,000802.SZ,2026-03-06,北京文化,,CNY
4.23,4.24,4.15,4.21,9815092.0,000802.SZ,2026-03-09,北京文化,,CNY
4.24,4.25,4.21,4.24,8402262.0,000802.SZ,2026-03-10,北京文化,,CNY
4.23,4.24,4.19,4.21,9425300.0,000802.SZ,2026-03-11,北京文化,,CNY
4.2,4.23,4.15,4.17,10584200.0,000802.SZ,2026-03-12,北京文化,,CNY
4.17,4.19,4.15,4.16,10448502.0,000802.SZ,2026-03-13,北京文化,,CNY
4.17,4.17,4.13,4.16,8027604.0,000802.SZ,2026-03-16,北京文化,,CNY
4.16,4.21,4.13,4.14,11661204.0,000802.SZ,2026-03-17,北京文化,,CNY
4.14,4.16,4.05,4.11,13331304.0,000802.SZ,2026-03-18,北京文化,,CNY
4.07,4.09,4.01,4.01,11491300.0,000802.SZ,2026-03-19,北京文化,,CNY
4.02,4.04,3.93,3.93,11701773.0,000802.SZ,2026-03-20,北京文化,,CNY
3.87,3.89,3.78,3.8,13936700.0,000802.SZ,2026-03-23,北京文化,,CNY
3.85,3.9,3.77,3.9,11223630.0,000802.SZ,2026-03-24,北京文化,,CNY
3.9,3.99,3.89,3.98,8290716.0,000802.SZ,2026-03-25,北京文化,,CNY
3.97,4.03,3.92,3.95,8835300.0,000802.SZ,2026-03-26,北京文化,,CNY
3.91,4.02,3.9,4.02,7995500.0,000802.SZ,2026-03-27,北京文化,,CNY
3.98,4.04,3.97,4.01,6654308.0,000802.SZ,2026-03-30,北京文化,,CNY
4.0,4.08,3.94,3.94,9527758.0,000802.SZ,2026-03-31,北京文化,,CNY
4.02,4.03,3.94,3.98,10050401.0,000802.SZ,2026-04-01,北京文化,,CNY
3.96,3.97,3.86,3.88,8768903.0,000802.SZ,2026-04-02,北京文化,,CNY
3.91,3.91,3.76,3.78,8970230.0,000802.SZ,2026-04-03,北京文化,,CNY
3.79,3.88,3.76,3.88,8452401.0,000802.SZ,2026-04-07,北京文化,,CNY
3.91,3.98,3.91,3.98,8889200.0,000802.SZ,2026-04-08,北京文化,,CNY
3.95,3.98,3.89,3.9,7744500.0,000802.SZ,2026-04-09,北京文化,,CNY
3.93,3.98,3.92,3.94,8418900.0,000802.SZ,2026-04-10,北京文化,,CNY
3.94,3.94,3.88,3.9,7934700.0,000802.SZ,2026-04-13,北京文化,,CNY
3.93,3.94,3.86,3.92,8261752.0,000802.SZ,2026-04-14,北京文化,,CNY
3.92,3.92,3.84,3.85,7639200.0,000802.SZ,2026-04-15,北京文化,,CNY
3.88,3.97,3.87,3.95,12484800.0,000802.SZ,2026-04-16,北京文化,,CNY
3.93,4.0,3.89,3.96,12016000.0,000802.SZ,2026-04-17,北京文化,,CNY
3.98,4.13,3.97,4.05,14271830.0,000802.SZ,2026-04-20,北京文化,,CNY
4.35,4.46,4.35,4.46,32932901.0,000802.SZ,2026-04-21,北京文化,,CNY
4.53,4.7,4.15,4.24,75586835.0,000802.SZ,2026-04-22,北京文化,,CNY
4.17,4.24,4.08,4.14,30741918.0,000802.SZ,2026-04-23,北京文化,,CNY
4.08,4.11,4.0,4.08,25467535.0,000802.SZ,2026-04-24,北京文化,,CNY
4.09,4.3,4.09,4.3,38067596.0,000802.SZ,2026-04-27,北京文化,,CNY
4.21,4.35,4.21,4.3,27273900.0,000802.SZ,2026-04-28,北京文化,,CNY
4.32,4.38,4.26,4.29,22342000.0,000802.SZ,2026-04-29,北京文化,,CNY
4.28,4.33,4.25,4.31,17729415.0,000802.SZ,2026-04-30,北京文化,,CNY
9.43,10.05,9.43,9.91,40199632.0,000803.SZ,2026-03-02,山高环能,,CNY
9.92,10.29,9.68,9.73,34803500.0,000803.SZ,2026-03-03,山高环能,,CNY
9.64,10.25,9.49,10.0,36219204.0,000803.SZ,2026-03-04,山高环能,,CNY
10.02,10.5,9.81,10.4,40026042.0,000803.SZ,2026-03-05,山高环能,,CNY
10.11,10.65,9.97,10.4,31646513.0,000803.SZ,2026-03-06,山高环能,,CNY
10.76,11.27,10.47,10.51,52314578.0,000803.SZ,2026-03-09,山高环能,,CNY
10.11,10.44,10.01,10.15,35546616.0,000803.SZ,2026-03-10,山高环能,,CNY
10.13,10.29,9.83,9.96,33343232.0,000803.SZ,2026-03-11,山高环能,,CNY
10.09,10.09,9.68,9.74,21327072.0,000803.SZ,2026-03-12,山高环能,,CNY
9.7,10.25,9.61,9.77,22116844.0,000803.SZ,2026-03-13,山高环能,,CNY
9.93,10.38,9.66,9.72,23866220.0,000803.SZ,2026-03-16,山高环能,,CNY
9.72,9.82,9.49,9.56,15325900.0,000803.SZ,2026-03-17,山高环能,,CNY
9.71,9.84,9.25,9.53,20738480.0,000803.SZ,2026-03-18,山高环能,,CNY
9.66,9.78,9.12,9.19,17556289.0,000803.SZ,2026-03-19,山高环能,,CNY
9.18,9.25,8.88,8.89,14178848.0,000803.SZ,2026-03-20,山高环能,,CNY
8.78,8.88,8.2,8.25,20387108.0,000803.SZ,2026-03-23,山高环能,,CNY
8.51,8.96,8.46,8.92,23131441.0,000803.SZ,2026-03-24,山高环能,,CNY
8.92,9.14,8.76,8.96,18355456.0,000803.SZ,2026-03-25,山高环能,,CNY
8.96,9.32,8.91,8.99,25089632.0,000803.SZ,2026-03-26,山高环能,,CNY
8.94,9.2,8.75,8.97,22243208.0,000803.SZ,2026-03-27,山高环能,,CNY
9.0,9.01,8.47,8.69,21042061.0,000803.SZ,2026-03-30,山高环能,,CNY
8.66,8.77,8.39,8.42,12771680.0,000803.SZ,2026-03-31,山高环能,,CNY
8.48,8.7,8.4,8.51,12015260.0,000803.SZ,2026-04-01,山高环能,,CNY
8.55,8.69,8.43,8.51,9397612.0,000803.SZ,2026-04-02,山高环能,,CNY
8.51,8.6,8.1,8.25,12619900.0,000803.SZ,2026-04-03,山高环能,,CNY
8.26,8.72,8.14,8.55,13062840.0,000803.SZ,2026-04-07,山高环能,,CNY
8.72,8.92,8.46,8.88,12860200.0,000803.SZ,2026-04-08,山高环能,,CNY
8.95,8.95,8.08,8.29,27010500.0,000803.SZ,2026-04-09,山高环能,,CNY
8.29,8.69,8.17,8.41,20634574.0,000803.SZ,2026-04-10,山高环能,,CNY
8.41,8.41,8.05,8.26,17057720.0,000803.SZ,2026-04-13,山高环能,,CNY
8.31,8.31,8.06,8.25,12442154.0,000803.SZ,2026-04-14,山高环能,,CNY
8.35,8.47,8.13,8.2,11801100.0,000803.SZ,2026-04-15,山高环能,,CNY
8.21,8.33,8.13,8.29,10293036.0,000803.SZ,2026-04-16,山高环能,,CNY
8.28,8.28,8.06,8.18,14501520.0,000803.SZ,2026-04-17,山高环能,,CNY
8.17,8.9,8.14,8.71,49179650.0,000803.SZ,2026-04-20,山高环能,,CNY
8.67,8.71,7.84,7.85,41259048.0,000803.SZ,2026-04-21,山高环能,,CNY
7.81,7.9,7.7,7.76,21826984.0,000803.SZ,2026-04-22,山高环能,,CNY
7.8,7.9,7.64,7.83,14886003.0,000803.SZ,2026-04-23,山高环能,,CNY
7.83,8.25,7.71,8.19,24815076.0,000803.SZ,2026-04-24,山高环能,,CNY
8.2,8.23,7.97,8.2,14172482.0,000803.SZ,2026-04-27,山高环能,,CNY
8.1,8.24,8.06,8.23,11166460.0,000803.SZ,2026-04-28,山高环能,,CNY
8.31,8.69,8.15,8.46,22180981.0,000803.SZ,2026-04-29,山高环能,,CNY
8.47,8.82,8.35,8.79,24087883.0,000803.SZ,2026-04-30,山高环能,,CNY
11.72,11.86,11.3,11.39,18719389.0,000810.SZ,2026-03-02,创维数字,,CNY
11.43,11.49,10.88,10.9,20576581.0,000810.SZ,2026-03-03,创维数字,,CNY
10.81,10.87,10.63,10.67,14012859.0,000810.SZ,2026-03-04,创维数字,,CNY
10.89,11.2,10.83,11.03,16161971.0,000810.SZ,2026-03-05,创维数字,,CNY
11.0,11.11,10.98,11.07,8973400.0,000810.SZ,2026-03-06,创维数字,,CNY
10.89,11.07,10.7,11.0,12330355.0,000810.SZ,2026-03-09,创维数字,,CNY
11.1,11.22,11.04,11.18,9926353.0,000810.SZ,2026-03-10,创维数字,,CNY
11.19,11.4,11.17,11.28,12104900.0,000810.SZ,2026-03-11,创维数字,,CNY
11.23,11.31,11.09,11.12,8623467.0,000810.SZ,2026-03-12,创维数字,,CNY
11.1,11.28,11.03,11.07,8559135.0,000810.SZ,2026-03-13,创维数字,,CNY
11.05,11.16,10.96,11.15,8025793.0,000810.SZ,2026-03-16,创维数字,,CNY
11.19,11.4,11.1,11.13,14409995.0,000810.SZ,2026-03-17,创维数字,,CNY
11.2,11.32,11.08,11.28,9174607.0,000810.SZ,2026-03-18,创维数字,,CNY
11.17,11.21,11.01,11.08,10270162.0,000810.SZ,2026-03-19,创维数字,,CNY
11.19,11.22,10.8,10.8,11705611.0,000810.SZ,2026-03-20,创维数字,,CNY
10.6,10.63,10.11,10.24,16863800.0,000810.SZ,2026-03-23,创维数字,,CNY
10.4,10.55,10.23,10.55,11410756.0,000810.SZ,2026-03-24,创维数字,,CNY
10.56,10.82,10.56,10.77,8631605.0,000810.SZ,2026-03-25,创维数字,,CNY
10.76,10.87,10.64,10.7,7671300.0,000810.SZ,2026-03-26,创维数字,,CNY
10.62,11.1,10.57,11.08,15855259.0,000810.SZ,2026-03-27,创维数字,,CNY
10.7,11.04,10.15,10.99,36531890.0,000810.SZ,2026-03-30,创维数字,,CNY
10.95,11.2,10.89,10.93,16106762.0,000810.SZ,2026-03-31,创维数字,,CNY
11.11,11.12,10.84,10.91,9795900.0,000810.SZ,2026-04-01,创维数字,,CNY
10.86,10.9,10.51,10.59,10171200.0,000810.SZ,2026-04-02,创维数字,,CNY
10.66,10.72,10.51,10.6,8978302.0,000810.SZ,2026-04-03,创维数字,,CNY
10.6,10.98,10.6,10.88,8929400.0,000810.SZ,2026-04-07,创维数字,,CNY
11.0,11.67,10.95,11.54,23667139.0,000810.SZ,2026-04-08,创维数字,,CNY
11.6,12.28,11.54,11.98,38768676.0,000810.SZ,2026-04-09,创维数字,,CNY
12.02,12.27,12.0,12.0,23408384.0,000810.SZ,2026-04-10,创维数字,,CNY
11.92,12.08,11.81,11.86,13551175.0,000810.SZ,2026-04-13,创维数字,,CNY
11.9,12.05,11.84,11.93,11238200.0,000810.SZ,2026-04-14,创维数字,,CNY
11.97,12.07,11.78,11.92,11014668.0,000810.SZ,2026-04-15,创维数字,,CNY
11.91,12.01,11.72,11.93,16055200.0,000810.SZ,2026-04-16,创维数字,,CNY
11.86,12.25,11.82,12.19,16286466.0,000810.SZ,2026-04-17,创维数字,,CNY
12.18,12.3,12.05,12.16,17726845.0,000810.SZ,2026-04-20,创维数字,,CNY
12.75,12.93,12.36,12.37,48606657.0,000810.SZ,2026-04-21,创维数字,,CNY
12.31,12.87,12.28,12.84,40501371.0,000810.SZ,2026-04-22,创维数字,,CNY
12.78,13.03,12.55,12.66,22615550.0,000810.SZ,2026-04-23,创维数字,,CNY
12.62,12.84,12.51,12.62,19081424.0,000810.SZ,2026-04-24,创维数字,,CNY
12.62,13.08,12.52,13.01,31490461.0,000810.SZ,2026-04-27,创维数字,,CNY
12.91,13.01,12.68,12.77,19142465.0,000810.SZ,2026-04-28,创维数字,,CNY
12.69,12.81,12.58,12.68,14079117.0,000810.SZ,2026-04-29,创维数字,,CNY
12.68,12.76,12.58,12.69,14244378.0,000810.SZ,2026-04-30,创维数字,,CNY
21.4,21.58,20.91,21.0,2009360.0,001222.SZ,2026-03-02,源飞宠物,,CNY
21.08,21.34,20.72,20.72,1533447.0,001222.SZ,2026-03-03,源飞宠物,,CNY
20.61,20.75,20.31,20.52,1460080.0,001222.SZ,2026-03-04,源飞宠物,,CNY
20.66,21.58,20.55,20.92,1888080.0,001222.SZ,2026-03-05,源飞宠物,,CNY
20.9,21.15,20.46,21.09,1525840.0,001222.SZ,2026-03-06,源飞宠物,,CNY
20.71,21.02,20.28,20.47,1615020.0,001222.SZ,2026-03-09,源飞宠物,,CNY
20.75,21.14,20.65,21.12,1173465.0,001222.SZ,2026-03-10,源飞宠物,,CNY
21.22,21.27,20.85,20.88,1487800.0,001222.SZ,2026-03-11,源飞宠物,,CNY
20.88,20.96,20.67,20.71,1189740.0,001222.SZ,2026-03-12,源飞宠物,,CNY
20.74,21.06,20.6,20.78,770340.0,001222.SZ,2026-03-13,源飞宠物,,CNY
20.72,20.84,20.21,20.42,1807868.0,001222.SZ,2026-03-16,源飞宠物,,CNY
20.66,20.71,20.34,20.34,898628.0,001222.SZ,2026-03-17,源飞宠物,,CNY
20.34,20.5,20.09,20.41,1130740.0,001222.SZ,2026-03-18,源飞宠物,,CNY
20.25,20.38,19.8,19.83,1118900.0,001222.SZ,2026-03-19,源飞宠物,,CNY
19.97,20.05,19.47,19.49,1099940.0,001222.SZ,2026-03-20,源飞宠物,,CNY
19.14,19.28,18.4,18.6,2363020.0,001222.SZ,2026-03-23,源飞宠物,,CNY
18.98,19.35,18.6,19.34,1766399.0,001222.SZ,2026-03-24,源飞宠物,,CNY
19.44,19.63,19.16,19.54,1275100.0,001222.SZ,2026-03-25,源飞宠物,,CNY
19.6,19.84,19.28,19.34,1124492.0,001222.SZ,2026-03-26,源飞宠物,,CNY
19.29,19.73,19.0,19.65,1100340.0,001222.SZ,2026-03-27,源飞宠物,,CNY
19.63,19.77,19.33,19.52,1447480.0,001222.SZ,2026-03-30,源飞宠物,,CNY
19.52,19.68,19.12,19.17,1196328.0,001222.SZ,2026-03-31,源飞宠物,,CNY
19.51,19.63,19.18,19.62,1825192.0,001222.SZ,2026-04-01,源飞宠物,,CNY
19.62,19.64,18.93,19.08,1521900.0,001222.SZ,2026-04-02,源飞宠物,,CNY
19.09,19.14,18.55,18.55,1099700.0,001222.SZ,2026-04-03,源飞宠物,,CNY
18.56,19.05,18.5,18.99,1271680.0,001222.SZ,2026-04-07,源飞宠物,,CNY
19.18,19.67,19.18,19.67,1347300.0,001222.SZ,2026-04-08,源飞宠物,,CNY
19.67,19.69,19.25,19.29,967000.0,001222.SZ,2026-04-09,源飞宠物,,CNY
19.29,19.67,19.29,19.59,917600.0,001222.SZ,2026-04-10,源飞宠物,,CNY
19.55,19.64,19.44,19.55,979300.0,001222.SZ,2026-04-13,源飞宠物,,CNY
19.84,19.84,19.22,19.54,1001300.0,001222.SZ,2026-04-14,源飞宠物,,CNY
19.51,20.25,19.43,20.03,2753300.0,001222.SZ,2026-04-15,源飞宠物,,CNY
20.09,20.15,19.65,20.14,2177200.0,001222.SZ,2026-04-16,源飞宠物,,CNY
20.05,20.13,19.82,19.88,1664100.0,001222.SZ,2026-04-17,源飞宠物,,CNY
19.89,20.04,19.7,19.95,1369998.0,001222.SZ,2026-04-20,源飞宠物,,CNY
19.92,20.13,19.87,20.03,1359800.0,001222.SZ,2026-04-21,源飞宠物,,CNY
19.93,19.99,19.5,19.6,1572607.0,001222.SZ,2026-04-22,源飞宠物,,CNY
19.55,19.55,19.05,19.28,1345880.0,001222.SZ,2026-04-23,源飞宠物,,CNY
19.31,19.31,18.63,19.02,1829378.0,001222.SZ,2026-04-24,源飞宠物,,CNY
19.07,19.36,18.53,19.18,2367260.0,001222.SZ,2026-04-27,源飞宠物,,CNY
19.09,19.17,18.11,18.45,3202047.0,001222.SZ,2026-04-28,源飞宠物,,CNY
18.39,18.86,18.35,18.78,1844920.0,001222.SZ,2026-04-29,源飞宠物,,CNY
18.81,19.08,18.76,18.84,1391899.0,001222.SZ,2026-04-30,源飞宠物,,CNY
45.6,45.68,44.1,45.11,1138400.0,001226.SZ,2026-03-02,拓山重工,,CNY
45.0,45.43,42.74,42.93,1102502.0,001226.SZ,2026-03-03,拓山重工,,CNY
42.3,43.69,42.0,43.37,1038300.0,001226.SZ,2026-03-04,拓山重工,,CNY
44.25,45.38,43.2,44.42,1194500.0,001226.SZ,2026-03-05,拓山重工,,CNY
44.7,46.66,44.7,46.61,1491900.0,001226.SZ,2026-03-06,拓山重工,,CNY
45.93,46.03,44.4,45.3,1295700.0,001226.SZ,2026-03-09,拓山重工,,CNY
45.58,47.0,45.4,45.65,675500.0,001226.SZ,2026-03-10,拓山重工,,CNY
45.64,46.01,44.88,45.08,726600.0,001226.SZ,2026-03-11,拓山重工,,CNY
45.3,49.11,45.0,47.45,2823031.0,001226.SZ,2026-03-12,拓山重工,,CNY
47.85,48.1,45.48,45.62,1433800.0,001226.SZ,2026-03-13,拓山重工,,CNY
45.56,46.55,44.52,44.87,1008700.0,001226.SZ,2026-03-16,拓山重工,,CNY
44.88,45.39,43.73,43.73,713000.0,001226.SZ,2026-03-17,拓山重工,,CNY
44.11,44.45,43.27,44.4,714300.0,001226.SZ,2026-03-18,拓山重工,,CNY
43.95,44.06,43.1,43.22,710800.0,001226.SZ,2026-03-19,拓山重工,,CNY
43.33,44.41,42.36,42.67,702900.0,001226.SZ,2026-03-20,拓山重工,,CNY
42.33,43.29,40.13,40.49,1125600.0,001226.SZ,2026-03-23,拓山重工,,CNY
41.28,41.76,40.39,41.61,734200.0,001226.SZ,2026-03-24,拓山重工,,CNY
41.81,43.9,41.61,43.59,1200900.0,001226.SZ,2026-03-25,拓山重工,,CNY
44.69,44.99,41.98,43.5,1706459.0,001226.SZ,2026-03-26,拓山重工,,CNY
43.45,43.78,42.58,43.31,735400.0,001226.SZ,2026-03-27,拓山重工,,CNY
42.88,43.2,41.8,42.46,826400.0,001226.SZ,2026-03-30,拓山重工,,CNY
42.46,42.76,40.89,41.09,674900.0,001226.SZ,2026-03-31,拓山重工,,CNY
41.87,42.96,41.21,41.67,597200.0,001226.SZ,2026-04-01,拓山重工,,CNY
41.92,43.77,40.5,43.74,2159659.0,001226.SZ,2026-04-02,拓山重工,,CNY
43.67,43.67,40.65,41.65,1842577.0,001226.SZ,2026-04-03,拓山重工,,CNY
41.64,44.65,41.62,44.45,2621810.0,001226.SZ,2026-04-07,拓山重工,,CNY
45.34,45.88,43.43,44.84,1969800.0,001226.SZ,2026-04-08,拓山重工,,CNY
44.73,45.07,43.91,44.4,1153600.0,001226.SZ,2026-04-09,拓山重工,,CNY
44.39,45.5,43.04,44.14,1264759.0,001226.SZ,2026-04-10,拓山重工,,CNY
44.13,44.13,42.8,43.02,1008400.0,001226.SZ,2026-04-13,拓山重工,,CNY
43.56,44.17,43.11,43.98,909200.0,001226.SZ,2026-04-14,拓山重工,,CNY
44.21,44.37,43.26,43.55,528140.0,001226.SZ,2026-04-15,拓山重工,,CNY
43.38,45.97,43.38,45.5,1398900.0,001226.SZ,2026-04-16,拓山重工,,CNY
45.5,46.17,44.9,44.98,846182.0,001226.SZ,2026-04-17,拓山重工,,CNY
44.98,45.83,44.63,45.34,1152300.0,001226.SZ,2026-04-20,拓山重工,,CNY
45.39,46.12,44.87,45.97,1061129.0,001226.SZ,2026-04-21,拓山重工,,CNY
45.97,46.23,45.0,45.52,1062500.0,001226.SZ,2026-04-22,拓山重工,,CNY
45.39,45.65,44.57,44.63,757900.0,001226.SZ,2026-04-23,拓山重工,,CNY
44.63,45.76,43.88,44.85,973100.0,001226.SZ,2026-04-24,拓山重工,,CNY
44.85,46.97,44.04,46.47,1965400.0,001226.SZ,2026-04-27,拓山重工,,CNY
46.16,46.89,45.8,46.34,1048600.0,001226.SZ,2026-04-28,拓山重工,,CNY
45.92,47.58,45.82,47.14,1024800.0,001226.SZ,2026-04-29,拓山重工,,CNY
47.18,48.08,47.08,47.84,1390100.0,001226.SZ,2026-04-30,拓山重工,,CNY
36.71,36.97,35.7,36.07,1829400.0,001229.SZ,2026-03-02,魅视科技,,CNY
36.07,36.38,35.03,35.31,1667400.0,001229.SZ,2026-03-03,魅视科技,,CNY
34.95,35.8,34.76,35.56,1230557.0,001229.SZ,2026-03-04,魅视科技,,CNY
35.99,36.76,35.83,36.24,1031000.0,001229.SZ,2026-03-05,魅视科技,,CNY
35.99,37.6,35.96,37.47,1593600.0,001229.SZ,2026-03-06,魅视科技,,CNY
36.9,37.14,36.38,37.02,1314957.0,001229.SZ,2026-03-09,魅视科技,,CNY
37.65,38.35,37.32,38.13,1400888.0,001229.SZ,2026-03-10,魅视科技,,CNY
38.26,41.94,37.78,38.97,3968121.0,001229.SZ,2026-03-11,魅视科技,,CNY
38.5,38.95,37.67,38.49,2926100.0,001229.SZ,2026-03-12,魅视科技,,CNY
37.8,40.29,37.75,38.58,4624905.0,001229.SZ,2026-03-13,魅视科技,,CNY
38.1,39.18,37.29,39.17,2659888.0,001229.SZ,2026-03-16,魅视科技,,CNY
39.1,39.82,38.51,39.18,2341296.0,001229.SZ,2026-03-17,魅视科技,,CNY
38.86,41.25,38.84,41.2,4533793.0,001229.SZ,2026-03-18,魅视科技,,CNY
40.0,40.82,39.51,40.3,3192008.0,001229.SZ,2026-03-19,魅视科技,,CNY
39.95,40.45,39.3,39.68,1882800.0,001229.SZ,2026-03-20,魅视科技,,CNY
39.03,39.7,38.25,39.49,2158900.0,001229.SZ,2026-03-23,魅视科技,,CNY
39.88,41.2,39.61,40.6,2921500.0,001229.SZ,2026-03-24,魅视科技,,CNY
40.6,41.7,40.1,41.36,3737700.0,001229.SZ,2026-03-25,魅视科技,,CNY
41.2,41.2,37.99,37.99,4261400.0,001229.SZ,2026-03-26,魅视科技,,CNY
37.0,37.57,36.0,36.08,3403292.0,001229.SZ,2026-03-27,魅视科技,,CNY
35.44,37.19,35.03,36.98,2848600.0,001229.SZ,2026-03-30,魅视科技,,CNY
36.75,37.6,35.8,36.06,2493134.0,001229.SZ,2026-03-31,魅视科技,,CNY
36.6,37.01,35.57,35.65,1978629.0,001229.SZ,2026-04-01,魅视科技,,CNY
35.65,35.97,34.83,35.21,1636248.0,001229.SZ,2026-04-02,魅视科技,,CNY
35.5,35.85,35.0,35.5,1395302.0,001229.SZ,2026-04-03,魅视科技,,CNY
35.65,35.65,34.77,35.06,1302400.0,001229.SZ,2026-04-07,魅视科技,,CNY
35.73,36.46,35.5,36.2,1682200.0,001229.SZ,2026-04-08,魅视科技,,CNY
35.79,36.0,35.28,35.8,1401200.0,001229.SZ,2026-04-09,魅视科技,,CNY
36.0,36.98,35.66,35.67,1441934.0,001229.SZ,2026-04-10,魅视科技,,CNY
35.67,36.27,34.88,35.06,2196700.0,001229.SZ,2026-04-13,魅视科技,,CNY
35.28,37.5,35.28,36.62,2928400.0,001229.SZ,2026-04-14,魅视科技,,CNY
36.99,37.25,36.16,36.71,1392900.0,001229.SZ,2026-04-15,魅视科技,,CNY
36.71,37.19,36.29,36.9,1495902.0,001229.SZ,2026-04-16,魅视科技,,CNY
36.89,36.99,36.01,36.43,1240168.0,001229.SZ,2026-04-17,魅视科技,,CNY
36.43,40.07,36.43,40.07,3139999.0,001229.SZ,2026-04-20,魅视科技,,CNY
40.06,40.28,38.93,39.37,4361416.0,001229.SZ,2026-04-21,魅视科技,,CNY
39.3,39.69,38.35,39.38,3065600.0,001229.SZ,2026-04-22,魅视科技,,CNY
39.38,39.4,38.16,38.22,1809300.0,001229.SZ,2026-04-23,魅视科技,,CNY
38.1,38.86,37.81,38.25,2134400.0,001229.SZ,2026-04-24,魅视科技,,CNY
37.81,38.41,37.11,38.02,1863300.0,001229.SZ,2026-04-27,魅视科技,,CNY
38.02,38.02,36.6,36.98,1766300.0,001229.SZ,2026-04-28,魅视科技,,CNY
36.76,37.72,36.66,36.98,1539900.0,001229.SZ,2026-04-29,魅视科技,,CNY
36.99,37.46,36.87,37.01,1129600.0,001229.SZ,2026-04-30,魅视科技,,CNY
26.8,27.69,26.21,26.5,3520620.0,001230.SZ,2026-03-02,劲旅环境,,CNY
26.8,27.24,26.22,26.64,4710175.0,001230.SZ,2026-03-03,劲旅环境,,CNY
26.89,26.89,26.26,26.54,2442473.0,001230.SZ,2026-03-04,劲旅环境,,CNY
26.97,27.06,26.27,26.4,1799063.0,001230.SZ,2026-03-05,劲旅环境,,CNY
26.53,28.2,26.37,27.84,5436087.0,001230.SZ,2026-03-06,劲旅环境,,CNY
27.46,27.81,26.65,26.93,3669627.0,001230.SZ,2026-03-09,劲旅环境,,CNY
27.05,27.22,26.67,26.83,2284967.0,001230.SZ,2026-03-10,劲旅环境,,CNY
26.89,26.93,25.78,25.87,3305239.0,001230.SZ,2026-03-11,劲旅环境,,CNY
25.92,25.97,25.2,25.29,3400420.0,001230.SZ,2026-03-12,劲旅环境,,CNY
25.61,25.69,24.78,24.86,2776940.0,001230.SZ,2026-03-13,劲旅环境,,CNY
24.76,24.96,24.38,24.86,2638480.0,001230.SZ,2026-03-16,劲旅环境,,CNY
24.87,24.97,24.1,24.13,2517220.0,001230.SZ,2026-03-17,劲旅环境,,CNY
24.14,24.37,23.94,24.31,2441300.0,001230.SZ,2026-03-18,劲旅环境,,CNY
24.21,24.45,23.89,23.97,2032500.0,001230.SZ,2026-03-19,劲旅环境,,CNY
23.97,24.44,23.51,23.55,2139169.0,001230.SZ,2026-03-20,劲旅环境,,CNY
23.12,23.29,21.7,21.8,3709000.0,001230.SZ,2026-03-23,劲旅环境,,CNY
22.24,23.25,22.24,23.19,3495860.0,001230.SZ,2026-03-24,劲旅环境,,CNY
23.26,23.71,23.2,23.51,1970500.0,001230.SZ,2026-03-25,劲旅环境,,CNY
23.55,23.75,23.0,23.2,2265418.0,001230.SZ,2026-03-26,劲旅环境,,CNY
22.87,23.69,22.87,23.55,1780720.0,001230.SZ,2026-03-27,劲旅环境,,CNY
24.08,25.1,23.24,25.08,4071741.0,001230.SZ,2026-03-30,劲旅环境,,CNY
25.02,25.43,24.87,25.17,4158661.0,001230.SZ,2026-03-31,劲旅环境,,CNY
25.43,25.67,25.18,25.62,2938381.0,001230.SZ,2026-04-01,劲旅环境,,CNY
25.6,26.15,25.18,25.38,3244250.0,001230.SZ,2026-04-02,劲旅环境,,CNY
26.08,26.08,24.65,24.88,2123800.0,001230.SZ,2026-04-03,劲旅环境,,CNY
24.9,25.84,24.75,25.17,3394924.0,001230.SZ,2026-04-07,劲旅环境,,CNY
25.29,25.93,25.29,25.68,2515497.0,001230.SZ,2026-04-08,劲旅环境,,CNY
25.51,25.84,25.0,25.1,2087440.0,001230.SZ,2026-04-09,劲旅环境,,CNY
25.11,25.77,25.1,25.26,2516820.0,001230.SZ,2026-04-10,劲旅环境,,CNY
25.12,25.19,24.65,24.83,1711180.0,001230.SZ,2026-04-13,劲旅环境,,CNY
24.99,25.44,24.85,25.35,2335720.0,001230.SZ,2026-04-14,劲旅环境,,CNY
25.4,25.9,25.16,25.2,1597400.0,001230.SZ,2026-04-15,劲旅环境,,CNY
25.19,27.72,25.02,27.72,5251977.0,001230.SZ,2026-04-16,劲旅环境,,CNY
28.02,28.33,27.41,27.99,7341930.0,001230.SZ,2026-04-17,劲旅环境,,CNY
28.26,28.76,27.88,28.41,5496900.0,001230.SZ,2026-04-20,劲旅环境,,CNY
28.68,28.68,27.41,27.73,4331037.0,001230.SZ,2026-04-21,劲旅环境,,CNY
27.49,28.29,27.49,28.03,3340130.0,001230.SZ,2026-04-22,劲旅环境,,CNY
28.03,28.6,27.75,27.92,2486957.0,001230.SZ,2026-04-23,劲旅环境,,CNY
28.3,28.38,27.18,27.44,3379360.0,001230.SZ,2026-04-24,劲旅环境,,CNY
27.6,28.5,27.37,27.74,2799693.0,001230.SZ,2026-04-27,劲旅环境,,CNY
27.74,27.74,26.8,26.9,2430537.0,001230.SZ,2026-04-28,劲旅环境,,CNY
26.82,27.27,26.63,26.98,2281460.0,001230.SZ,2026-04-29,劲旅环境,,CNY
26.91,27.28,26.75,26.9,1762000.0,001230.SZ,2026-04-30,劲旅环境,,CNY
25.53,25.93,24.71,25.2,3808730.0,001231.SZ,2026-03-02,农心科技,,CNY
25.32,25.4,24.31,24.4,2889960.0,001231.SZ,2026-03-03,农心科技,,CNY
24.23,24.66,23.9,24.44,2394660.0,001231.SZ,2026-03-04,农心科技,,CNY
24.86,24.89,24.23,24.43,2156580.0,001231.SZ,2026-03-05,农心科技,,CNY
24.3,25.72,24.18,25.56,3809200.0,001231.SZ,2026-03-06,农心科技,,CNY
25.55,25.84,24.96,25.27,2778371.0,001231.SZ,2026-03-09,农心科技,,CNY
25.38,25.84,25.21,25.81,1972900.0,001231.SZ,2026-03-10,农心科技,,CNY
25.96,25.98,25.38,25.56,1937100.0,001231.SZ,2026-03-11,农心科技,,CNY
25.57,25.71,24.9,24.98,2121200.0,001231.SZ,2026-03-12,农心科技,,CNY
25.0,25.75,24.86,25.38,2557600.0,001231.SZ,2026-03-13,农心科技,,CNY
25.53,25.97,25.05,25.35,2413500.0,001231.SZ,2026-03-16,农心科技,,CNY
25.35,25.59,24.65,24.67,1848600.0,001231.SZ,2026-03-17,农心科技,,CNY
24.85,24.85,24.27,24.75,1681100.0,001231.SZ,2026-03-18,农心科技,,CNY
24.72,24.72,23.61,23.77,2103400.0,001231.SZ,2026-03-19,农心科技,,CNY
23.85,23.99,22.82,22.82,2082400.0,001231.SZ,2026-03-20,农心科技,,CNY
22.6,22.88,21.52,21.6,2568600.0,001231.SZ,2026-03-23,农心科技,,CNY
22.05,22.79,21.63,22.72,2600800.0,001231.SZ,2026-03-24,农心科技,,CNY
22.88,23.35,22.74,23.14,1665900.0,001231.SZ,2026-03-25,农心科技,,CNY
23.2,23.44,22.58,22.83,1490100.0,001231.SZ,2026-03-26,农心科技,,CNY
22.72,23.5,22.4,23.39,1329748.0,001231.SZ,2026-03-27,农心科技,,CNY
23.28,24.04,23.15,23.97,1964615.0,001231.SZ,2026-03-30,农心科技,,CNY
23.97,24.18,23.48,23.53,1708500.0,001231.SZ,2026-03-31,农心科技,,CNY
23.88,24.08,23.55,23.99,1558508.0,001231.SZ,2026-04-01,农心科技,,CNY
23.92,24.15,23.15,23.31,1495645.0,001231.SZ,2026-04-02,农心科技,,CNY
23.31,23.43,22.37,22.46,1974633.0,001231.SZ,2026-04-03,农心科技,,CNY
22.61,23.5,22.33,23.39,2141400.0,001231.SZ,2026-04-07,农心科技,,CNY
23.69,24.11,23.43,24.07,1497708.0,001231.SZ,2026-04-08,农心科技,,CNY
24.06,24.12,23.4,23.57,1201487.0,001231.SZ,2026-04-09,农心科技,,CNY
23.68,23.93,23.46,23.56,1205800.0,001231.SZ,2026-04-10,农心科技,,CNY
23.56,25.25,23.04,24.68,5411468.0,001231.SZ,2026-04-13,农心科技,,CNY
24.51,25.6,24.04,25.48,5333400.0,001231.SZ,2026-04-14,农心科技,,CNY
25.4,25.49,24.06,24.5,6394743.0,001231.SZ,2026-04-15,农心科技,,CNY
24.33,24.94,23.71,24.53,5150388.0,001231.SZ,2026-04-16,农心科技,,CNY
24.48,25.15,24.04,24.93,3817145.0,001231.SZ,2026-04-17,农心科技,,CNY
24.93,25.0,24.15,24.21,3951500.0,001231.SZ,2026-04-20,农心科技,,CNY
24.16,24.21,23.49,23.76,3451192.0,001231.SZ,2026-04-21,农心科技,,CNY
23.72,23.94,23.25,23.83,2093155.0,001231.SZ,2026-04-22,农心科技,,CNY
23.71,23.81,23.26,23.34,1607700.0,001231.SZ,2026-04-23,农心科技,,CNY
23.33,23.99,23.1,23.82,1549255.0,001231.SZ,2026-04-24,农心科技,,CNY
24.06,25.55,23.85,25.17,3845800.0,001231.SZ,2026-04-27,农心科技,,CNY
25.18,25.26,24.85,25.19,2179800.0,001231.SZ,2026-04-28,农心科技,,CNY
25.33,25.58,24.94,25.32,2731500.0,001231.SZ,2026-04-29,农心科技,,CNY
25.46,25.7,25.2,25.49,1957100.0,001231.SZ,2026-04-30,农心科技,,CNY
29.18,29.52,28.61,29.04,2232400.0,001234.SZ,2026-03-02,泰慕士,,CNY
28.97,29.5,28.72,28.88,2102600.0,001234.SZ,2026-03-03,泰慕士,,CNY
28.58,29.24,28.51,28.89,2054000.0,001234.SZ,2026-03-04,泰慕士,,CNY
29.25,29.33,28.75,29.3,2208800.0,001234.SZ,2026-03-05,泰慕士,,CNY
29.17,29.75,29.11,29.66,2547200.0,001234.SZ,2026-03-06,泰慕士,,CNY
29.27,29.94,29.17,29.93,2438900.0,001234.SZ,2026-03-09,泰慕士,,CNY
30.03,30.19,29.7,29.98,1851400.0,001234.SZ,2026-03-10,泰慕士,,CNY
30.01,30.6,29.78,30.45,3506600.0,001234.SZ,2026-03-11,泰慕士,,CNY
30.47,30.57,28.2,28.81,4424000.0,001234.SZ,2026-03-12,泰慕士,,CNY
28.7,29.64,28.2,28.29,3611090.0,001234.SZ,2026-03-13,泰慕士,,CNY
28.14,28.41,27.65,27.93,1698390.0,001234.SZ,2026-03-16,泰慕士,,CNY
28.1,28.3,27.38,27.6,1429500.0,001234.SZ,2026-03-17,泰慕士,,CNY
27.81,28.35,27.38,28.31,1512300.0,001234.SZ,2026-03-18,泰慕士,,CNY
28.17,28.4,27.92,28.1,1295900.0,001234.SZ,2026-03-19,泰慕士,,CNY
28.32,28.32,27.02,27.3,1298300.0,001234.SZ,2026-03-20,泰慕士,,CNY
26.66,26.94,24.98,25.04,2963990.0,001234.SZ,2026-03-23,泰慕士,,CNY
25.68,26.05,25.05,26.02,2103600.0,001234.SZ,2026-03-24,泰慕士,,CNY
26.16,26.87,26.06,26.48,1651300.0,001234.SZ,2026-03-25,泰慕士,,CNY
26.48,26.6,25.75,26.08,1024900.0,001234.SZ,2026-03-26,泰慕士,,CNY
25.65,26.3,25.5,25.9,1481400.0,001234.SZ,2026-03-27,泰慕士,,CNY
25.88,26.19,25.23,25.38,1969400.0,001234.SZ,2026-03-30,泰慕士,,CNY
25.51,26.07,25.27,25.27,1845300.0,001234.SZ,2026-03-31,泰慕士,,CNY
25.73,25.74,25.15,25.54,1419030.0,001234.SZ,2026-04-01,泰慕士,,CNY
25.48,25.57,24.57,24.89,1350541.0,001234.SZ,2026-04-02,泰慕士,,CNY
24.89,25.03,23.98,24.04,1336459.0,001234.SZ,2026-04-03,泰慕士,,CNY
24.28,24.79,24.01,24.56,1410000.0,001234.SZ,2026-04-07,泰慕士,,CNY
25.2,25.43,24.78,25.4,1478731.0,001234.SZ,2026-04-08,泰慕士,,CNY
25.37,25.79,25.17,25.58,1608800.0,001234.SZ,2026-04-09,泰慕士,,CNY
25.7,26.12,25.32,25.77,1693200.0,001234.SZ,2026-04-10,泰慕士,,CNY
25.95,27.56,25.46,26.65,4275600.0,001234.SZ,2026-04-13,泰慕士,,CNY
26.87,27.01,26.01,26.35,3015000.0,001234.SZ,2026-04-14,泰慕士,,CNY
26.34,27.98,26.18,26.88,3526700.0,001234.SZ,2026-04-15,泰慕士,,CNY
27.27,28.69,27.27,28.35,3906400.0,001234.SZ,2026-04-16,泰慕士,,CNY
28.49,28.49,27.12,27.79,3947100.0,001234.SZ,2026-04-17,泰慕士,,CNY
27.79,27.79,27.21,27.48,1928500.0,001234.SZ,2026-04-20,泰慕士,,CNY
27.34,27.48,26.6,26.87,1888100.0,001234.SZ,2026-04-21,泰慕士,,CNY
26.79,29.56,26.36,29.56,6792600.0,001234.SZ,2026-04-22,泰慕士,,CNY
29.82,32.52,29.8,32.52,9922400.0,001234.SZ,2026-04-23,泰慕士,,CNY
32.22,35.77,31.59,35.77,13129660.0,001234.SZ,2026-04-24,泰慕士,,CNY
36.85,38.3,32.19,32.19,12409400.0,001234.SZ,2026-04-27,泰慕士,,CNY
28.97,33.41,28.97,31.07,17641893.0,001234.SZ,2026-04-28,泰慕士,,CNY
30.51,32.5,29.04,30.15,18048108.0,001234.SZ,2026-04-29,泰慕士,,CNY
29.86,31.99,29.4,31.2,17152498.0,001234.SZ,2026-04-30,泰慕士,,CNY
40.9,41.4,39.8,40.26,3223720.0,001255.SZ,2026-03-02,博菲电气,,CNY
40.46,40.74,38.43,38.48,3010440.0,001255.SZ,2026-03-03,博菲电气,,CNY
38.39,39.35,37.99,38.95,1876950.0,001255.SZ,2026-03-04,博菲电气,,CNY
39.42,40.13,39.35,39.79,2027100.0,001255.SZ,2026-03-05,博菲电气,,CNY
39.5,41.89,39.5,41.07,3726300.0,001255.SZ,2026-03-06,博菲电气,,CNY
40.51,40.97,39.66,40.83,2648700.0,001255.SZ,2026-03-09,博菲电气,,CNY
40.99,41.79,40.8,41.56,2561900.0,001255.SZ,2026-03-10,博菲电气,,CNY
41.56,41.7,41.0,41.31,1996500.0,001255.SZ,2026-03-11,博菲电气,,CNY
41.36,41.78,40.56,40.78,2073500.0,001255.SZ,2026-03-12,博菲电气,,CNY
40.58,41.97,40.05,41.57,3762500.0,001255.SZ,2026-03-13,博菲电气,,CNY
41.0,41.59,40.55,40.83,2367200.0,001255.SZ,2026-03-16,博菲电气,,CNY
40.91,41.56,39.52,39.59,2286800.0,001255.SZ,2026-03-17,博菲电气,,CNY
39.88,40.38,39.55,40.31,1459338.0,001255.SZ,2026-03-18,博菲电气,,CNY
40.0,40.55,38.46,38.69,1952850.0,001255.SZ,2026-03-19,博菲电气,,CNY
39.07,39.2,36.5,36.5,2428138.0,001255.SZ,2026-03-20,博菲电气,,CNY
35.85,36.68,34.34,34.76,2142500.0,001255.SZ,2026-03-23,博菲电气,,CNY
35.5,36.18,34.55,36.04,1791300.0,001255.SZ,2026-03-24,博菲电气,,CNY
36.37,36.93,36.37,36.74,1320438.0,001255.SZ,2026-03-25,博菲电气,,CNY
36.74,36.98,35.7,35.95,1176138.0,001255.SZ,2026-03-26,博菲电气,,CNY
35.68,36.73,35.4,36.55,1133400.0,001255.SZ,2026-03-27,博菲电气,,CNY
36.3,37.16,35.94,37.16,1188400.0,001255.SZ,2026-03-30,博菲电气,,CNY
37.53,37.8,36.38,36.59,1380000.0,001255.SZ,2026-03-31,博菲电气,,CNY
37.29,37.58,36.6,36.88,1307173.0,001255.SZ,2026-04-01,博菲电气,,CNY
36.92,37.38,35.68,35.99,1569800.0,001255.SZ,2026-04-02,博菲电气,,CNY
36.16,36.16,34.68,34.91,1092100.0,001255.SZ,2026-04-03,博菲电气,,CNY
35.29,36.49,35.12,36.19,1680700.0,001255.SZ,2026-04-07,博菲电气,,CNY
36.91,37.3,36.63,37.23,1334600.0,001255.SZ,2026-04-08,博菲电气,,CNY
37.0,37.05,36.41,36.81,1160200.0,001255.SZ,2026-04-09,博菲电气,,CNY
36.93,37.31,36.77,36.82,975000.0,001255.SZ,2026-04-10,博菲电气,,CNY
36.83,37.0,36.26,36.82,1062000.0,001255.SZ,2026-04-13,博菲电气,,CNY
37.01,37.25,36.42,36.86,1144100.0,001255.SZ,2026-04-14,博菲电气,,CNY
37.0,37.34,36.72,36.8,1159000.0,001255.SZ,2026-04-15,博菲电气,,CNY
36.81,37.68,36.4,37.48,1319600.0,001255.SZ,2026-04-16,博菲电气,,CNY
38.0,38.0,37.01,37.27,1023700.0,001255.SZ,2026-04-17,博菲电气,,CNY
37.28,37.88,37.06,37.54,1306100.0,001255.SZ,2026-04-20,博菲电气,,CNY
37.49,37.5,36.89,37.25,999400.0,001255.SZ,2026-04-21,博菲电气,,CNY
37.2,37.25,36.67,36.78,967213.0,001255.SZ,2026-04-22,博菲电气,,CNY
36.79,37.02,35.64,35.82,1537900.0,001255.SZ,2026-04-23,博菲电气,,CNY
35.76,36.25,35.07,35.63,1249216.0,001255.SZ,2026-04-24,博菲电气,,CNY
36.02,36.22,35.11,36.13,1166500.0,001255.SZ,2026-04-27,博菲电气,,CNY
35.9,36.23,35.14,35.34,923000.0,001255.SZ,2026-04-28,博菲电气,,CNY
34.99,34.99,32.91,34.22,2436600.0,001255.SZ,2026-04-29,博菲电气,,CNY
34.24,34.83,33.9,34.82,1680600.0,001255.SZ,2026-04-30,博菲电气,,CNY
34.7,35.1,33.35,33.47,4856761.0,001266.SZ,2026-03-02,宏英智能,,CNY
33.73,34.17,31.81,31.99,3667180.0,001266.SZ,2026-03-03,宏英智能,,CNY
31.29,35.17,31.28,33.95,6570461.0,001266.SZ,2026-03-04,宏英智能,,CNY
35.02,35.85,33.6,35.25,7203000.0,001266.SZ,2026-03-05,宏英智能,,CNY
34.98,36.63,34.73,36.12,7834920.0,001266.SZ,2026-03-06,宏英智能,,CNY
35.45,36.83,35.41,36.41,4754900.0,001266.SZ,2026-03-09,宏英智能,,CNY
36.7,37.29,36.41,36.95,3999350.0,001266.SZ,2026-03-10,宏英智能,,CNY
36.95,38.05,36.53,36.69,6370839.0,001266.SZ,2026-03-11,宏英智能,,CNY
36.5,36.86,35.89,36.02,3348957.0,001266.SZ,2026-03-12,宏英智能,,CNY
36.22,36.38,34.92,35.06,2812981.0,001266.SZ,2026-03-13,宏英智能,,CNY
35.07,35.98,34.74,35.81,3183700.0,001266.SZ,2026-03-16,宏英智能,,CNY
35.91,35.94,34.31,34.7,2955940.0,001266.SZ,2026-03-17,宏英智能,,CNY
34.97,36.69,34.61,36.07,4963679.0,001266.SZ,2026-03-18,宏英智能,,CNY
35.72,36.26,35.31,35.53,2860857.0,001266.SZ,2026-03-19,宏英智能,,CNY
35.54,37.05,34.79,34.97,5556740.0,001266.SZ,2026-03-20,宏英智能,,CNY
34.38,34.9,31.47,31.47,5988901.0,001266.SZ,2026-03-23,宏英智能,,CNY
32.04,32.49,30.7,32.38,3516839.0,001266.SZ,2026-03-24,宏英智能,,CNY
32.38,33.2,32.03,32.26,2753100.0,001266.SZ,2026-03-25,宏英智能,,CNY
32.18,32.29,30.87,31.33,2115540.0,001266.SZ,2026-03-26,宏英智能,,CNY
30.9,31.4,30.73,31.04,1796320.0,001266.SZ,2026-03-27,宏英智能,,CNY
30.63,31.56,30.42,31.44,1735094.0,001266.SZ,2026-03-30,宏英智能,,CNY
31.6,31.96,30.75,30.75,1440000.0,001266.SZ,2026-03-31,宏英智能,,CNY
31.38,31.54,30.85,31.38,1353100.0,001266.SZ,2026-04-01,宏英智能,,CNY
31.3,31.48,30.24,30.54,1489540.0,001266.SZ,2026-04-02,宏英智能,,CNY
30.55,31.0,29.82,29.93,1342000.0,001266.SZ,2026-04-03,宏英智能,,CNY
30.13,31.69,30.02,30.98,1883300.0,001266.SZ,2026-04-07,宏英智能,,CNY
31.7,32.41,31.6,32.38,1860643.0,001266.SZ,2026-04-08,宏英智能,,CNY
32.13,32.78,32.0,32.29,1469800.0,001266.SZ,2026-04-09,宏英智能,,CNY
32.6,33.55,32.44,33.18,1814444.0,001266.SZ,2026-04-10,宏英智能,,CNY
33.17,34.16,32.95,33.81,1584000.0,001266.SZ,2026-04-13,宏英智能,,CNY
34.0,34.01,33.1,33.79,1708800.0,001266.SZ,2026-04-14,宏英智能,,CNY
33.8,33.98,32.95,33.02,1188000.0,001266.SZ,2026-04-15,宏英智能,,CNY
33.01,33.5,32.93,33.2,1021600.0,001266.SZ,2026-04-16,宏英智能,,CNY
33.06,33.29,32.76,32.98,1402000.0,001266.SZ,2026-04-17,宏英智能,,CNY
33.3,33.57,32.66,33.29,1868260.0,001266.SZ,2026-04-20,宏英智能,,CNY
33.61,33.61,32.87,33.1,1201500.0,001266.SZ,2026-04-21,宏英智能,,CNY
33.0,33.03,32.41,32.86,1411520.0,001266.SZ,2026-04-22,宏英智能,,CNY
32.83,33.31,32.0,32.08,1462700.0,001266.SZ,2026-04-23,宏英智能,,CNY
32.0,32.19,31.33,31.85,1531440.0,001266.SZ,2026-04-24,宏英智能,,CNY
32.06,32.93,31.15,32.66,1989700.0,001266.SZ,2026-04-27,宏英智能,,CNY
35.93,35.93,35.93,35.93,790340.0,001266.SZ,2026-04-28,宏英智能,,CNY
39.52,39.52,39.52,39.52,3002720.0,001266.SZ,2026-04-29,宏英智能,,CNY
41.9,43.45,40.35,40.59,16806961.0,001266.SZ,2026-04-30,宏英智能,,CNY
35.76,36.18,33.98,34.17,2416300.0,001259.SZ,2026-03-02,利仁科技,,CNY
34.78,34.78,31.38,31.42,4327400.0,001259.SZ,2026-03-03,利仁科技,,CNY
31.11,33.73,30.62,32.46,2835100.0,001259.SZ,2026-03-04,利仁科技,,CNY
33.11,33.88,32.6,33.67,1652300.0,001259.SZ,2026-03-05,利仁科技,,CNY
33.34,34.81,33.32,34.81,1682800.0,001259.SZ,2026-03-06,利仁科技,,CNY
34.73,34.87,33.81,34.58,1179400.0,001259.SZ,2026-03-09,利仁科技,,CNY
34.75,35.52,34.66,35.5,882500.0,001259.SZ,2026-03-10,利仁科技,,CNY
35.5,35.96,34.36,34.57,1687700.0,001259.SZ,2026-03-11,利仁科技,,CNY
35.26,35.55,34.01,34.28,1271300.0,001259.SZ,2026-03-12,利仁科技,,CNY
34.6,35.47,33.99,34.53,1456067.0,001259.SZ,2026-03-13,利仁科技,,CNY
34.78,35.19,34.44,34.6,974400.0,001259.SZ,2026-03-16,利仁科技,,CNY
34.67,35.4,33.61,33.69,1249700.0,001259.SZ,2026-03-17,利仁科技,,CNY
33.83,34.76,33.7,34.55,1115700.0,001259.SZ,2026-03-18,利仁科技,,CNY
34.36,34.54,33.36,33.5,988800.0,001259.SZ,2026-03-19,利仁科技,,CNY
33.49,33.92,32.4,32.58,1060700.0,001259.SZ,2026-03-20,利仁科技,,CNY
32.13,32.28,30.78,30.86,1679700.0,001259.SZ,2026-03-23,利仁科技,,CNY
31.8,32.4,30.82,32.34,1109900.0,001259.SZ,2026-03-24,利仁科技,,CNY
32.97,32.97,32.28,32.75,1011400.0,001259.SZ,2026-03-25,利仁科技,,CNY
32.97,33.07,31.6,31.97,921300.0,001259.SZ,2026-03-26,利仁科技,,CNY
30.96,32.39,30.96,31.93,1208600.0,001259.SZ,2026-03-27,利仁科技,,CNY
32.2,32.61,31.43,31.97,1274000.0,001259.SZ,2026-03-30,利仁科技,,CNY
32.5,32.5,31.01,31.16,1230100.0,001259.SZ,2026-03-31,利仁科技,,CNY
31.98,32.21,31.4,31.94,1189500.0,001259.SZ,2026-04-01,利仁科技,,CNY
31.94,32.24,30.8,31.13,936100.0,001259.SZ,2026-04-02,利仁科技,,CNY
32.1,32.1,29.66,30.0,1224000.0,001259.SZ,2026-04-03,利仁科技,,CNY
30.15,31.39,29.64,31.06,1027500.0,001259.SZ,2026-04-07,利仁科技,,CNY
31.68,32.1,31.43,31.81,1082800.0,001259.SZ,2026-04-08,利仁科技,,CNY
32.06,32.06,30.75,30.97,865200.0,001259.SZ,2026-04-09,利仁科技,,CNY
30.98,31.53,30.82,31.16,906800.0,001259.SZ,2026-04-10,利仁科技,,CNY
30.72,31.12,30.38,31.04,818400.0,001259.SZ,2026-04-13,利仁科技,,CNY
31.2,31.45,30.4,30.8,1170200.0,001259.SZ,2026-04-14,利仁科技,,CNY
30.81,31.16,30.58,30.77,747800.0,001259.SZ,2026-04-15,利仁科技,,CNY
30.78,31.8,30.49,31.59,814800.0,001259.SZ,2026-04-16,利仁科技,,CNY
31.46,31.73,31.08,31.54,851728.0,001259.SZ,2026-04-17,利仁科技,,CNY
31.56,31.98,30.55,31.79,818300.0,001259.SZ,2026-04-20,利仁科技,,CNY
31.76,32.28,31.26,31.57,835600.0,001259.SZ,2026-04-21,利仁科技,,CNY
31.4,32.38,31.4,31.74,850000.0,001259.SZ,2026-04-22,利仁科技,,CNY
31.66,31.81,31.18,31.34,735700.0,001259.SZ,2026-04-23,利仁科技,,CNY
31.32,32.36,30.98,32.14,1408527.0,001259.SZ,2026-04-24,利仁科技,,CNY
32.45,32.5,30.82,32.4,2090560.0,001259.SZ,2026-04-27,利仁科技,,CNY
32.34,33.55,31.96,33.35,2712800.0,001259.SZ,2026-04-28,利仁科技,,CNY
33.12,34.19,33.02,34.04,1817600.0,001259.SZ,2026-04-29,利仁科技,,CNY
34.3,34.67,33.7,34.34,1297500.0,001259.SZ,2026-04-30,利仁科技,,CNY
33.02,34.92,32.95,33.71,1726000.0,001268.SZ,2026-03-02,联合精密,,CNY
33.71,33.99,31.92,32.21,1204000.0,001268.SZ,2026-03-03,联合精密,,CNY
31.61,32.69,29.11,32.19,1534859.0,001268.SZ,2026-03-04,联合精密,,CNY
33.0,33.0,31.85,31.98,1153059.0,001268.SZ,2026-03-05,联合精密,,CNY
31.98,32.48,31.72,32.17,1048519.0,001268.SZ,2026-03-06,联合精密,,CNY
32.0,32.0,30.99,31.35,1097000.0,001268.SZ,2026-03-09,联合精密,,CNY
31.5,32.43,31.35,32.22,1095964.0,001268.SZ,2026-03-10,联合精密,,CNY
32.22,32.37,31.33,31.47,1063278.0,001268.SZ,2026-03-11,联合精密,,CNY
31.48,32.2,30.51,31.06,1511478.0,001268.SZ,2026-03-12,联合精密,,CNY
31.07,31.66,30.59,31.1,1216878.0,001268.SZ,2026-03-13,联合精密,,CNY
31.08,32.45,30.91,32.42,1535550.0,001268.SZ,2026-03-16,联合精密,,CNY
32.49,33.88,32.0,33.58,3469476.0,001268.SZ,2026-03-17,联合精密,,CNY
33.53,33.57,32.07,32.98,2114637.0,001268.SZ,2026-03-18,联合精密,,CNY
32.56,33.1,32.13,32.51,990200.0,001268.SZ,2026-03-19,联合精密,,CNY
32.48,33.66,30.9,30.92,1550099.0,001268.SZ,2026-03-20,联合精密,,CNY
30.61,30.91,28.31,28.62,2186100.0,001268.SZ,2026-03-23,联合精密,,CNY
29.2,29.78,28.38,29.04,1699200.0,001268.SZ,2026-03-24,联合精密,,CNY
28.73,30.18,28.73,29.92,1283400.0,001268.SZ,2026-03-25,联合精密,,CNY
30.35,30.35,28.86,29.29,1061100.0,001268.SZ,2026-03-26,联合精密,,CNY
29.2,29.77,28.89,29.54,739400.0,001268.SZ,2026-03-27,联合精密,,CNY
29.68,29.72,28.85,29.4,854300.0,001268.SZ,2026-03-30,联合精密,,CNY
29.3,29.69,28.72,28.8,902900.0,001268.SZ,2026-03-31,联合精密,,CNY
29.0,29.8,29.0,29.65,1042200.0,001268.SZ,2026-04-01,联合精密,,CNY
29.65,30.58,29.4,30.06,1425300.0,001268.SZ,2026-04-02,联合精密,,CNY
30.06,30.5,28.9,29.16,889900.0,001268.SZ,2026-04-03,联合精密,,CNY
29.16,29.5,28.81,29.14,714300.0,001268.SZ,2026-04-07,联合精密,,CNY
29.71,30.34,29.42,30.24,811500.0,001268.SZ,2026-04-08,联合精密,,CNY
30.24,30.24,29.23,29.29,902200.0,001268.SZ,2026-04-09,联合精密,,CNY
29.39,29.82,29.1,29.48,847900.0,001268.SZ,2026-04-10,联合精密,,CNY
29.48,29.5,28.5,28.9,1316100.0,001268.SZ,2026-04-13,联合精密,,CNY
29.1,29.16,28.47,28.8,951900.0,001268.SZ,2026-04-14,联合精密,,CNY
28.81,29.05,28.45,28.49,983400.0,001268.SZ,2026-04-15,联合精密,,CNY
28.68,31.34,28.64,31.34,2800964.0,001268.SZ,2026-04-16,联合精密,,CNY
31.9,33.4,30.7,33.0,5438911.0,001268.SZ,2026-04-17,联合精密,,CNY
32.66,33.93,31.86,33.81,4434760.0,001268.SZ,2026-04-20,联合精密,,CNY
33.92,37.19,33.75,37.19,9613749.0,001268.SZ,2026-04-21,联合精密,,CNY
37.37,38.75,36.1,37.54,11600029.0,001268.SZ,2026-04-22,联合精密,,CNY
37.97,38.36,36.8,37.71,6199500.0,001268.SZ,2026-04-23,联合精密,,CNY
37.04,38.28,35.4,35.71,5939400.0,001268.SZ,2026-04-24,联合精密,,CNY
36.2,36.2,34.88,35.19,3158500.0,001268.SZ,2026-04-27,联合精密,,CNY
35.0,35.2,33.96,34.65,2339000.0,001268.SZ,2026-04-28,联合精密,,CNY
34.99,35.48,34.66,34.92,2446400.0,001268.SZ,2026-04-29,联合精密,,CNY
34.92,38.41,34.92,38.41,4771700.0,001268.SZ,2026-04-30,联合精密,,CNY
2.92,2.93,2.82,2.82,79460900.0,002421.SZ,2026-03-02,达实智能,,CNY
2.84,2.85,2.74,2.75,56926234.0,002421.SZ,2026-03-03,达实智能,,CNY
2.71,2.89,2.68,2.82,81372021.0,002421.SZ,2026-03-04,达实智能,,CNY
2.87,2.92,2.83,2.85,81933350.0,002421.SZ,2026-03-05,达实智能,,CNY
2.82,2.89,2.8,2.89,54198740.0,002421.SZ,2026-03-06,达实智能,,CNY
2.86,2.89,2.82,2.88,53998800.0,002421.SZ,2026-03-09,达实智能,,CNY
2.89,2.94,2.85,2.89,51313112.0,002421.SZ,2026-03-10,达实智能,,CNY
2.89,2.9,2.86,2.87,38619600.0,002421.SZ,2026-03-11,达实智能,,CNY
2.86,2.9,2.85,2.86,35403890.0,002421.SZ,2026-03-12,达实智能,,CNY
2.85,2.86,2.81,2.82,48106800.0,002421.SZ,2026-03-13,达实智能,,CNY
2.81,2.85,2.8,2.83,34042900.0,002421.SZ,2026-03-16,达实智能,,CNY
2.83,2.91,2.82,2.83,72316988.0,002421.SZ,2026-03-17,达实智能,,CNY
2.85,2.88,2.82,2.86,48740412.0,002421.SZ,2026-03-18,达实智能,,CNY
2.84,2.87,2.79,2.8,56597800.0,002421.SZ,2026-03-19,达实智能,,CNY
2.81,2.82,2.69,2.69,67030160.0,002421.SZ,2026-03-20,达实智能,,CNY
2.65,2.65,2.51,2.53,66578100.0,002421.SZ,2026-03-23,达实智能,,CNY
2.59,2.64,2.53,2.64,55236170.0,002421.SZ,2026-03-24,达实智能,,CNY
2.64,2.71,2.63,2.68,40633160.0,002421.SZ,2026-03-25,达实智能,,CNY
2.67,2.72,2.59,2.61,39377100.0,002421.SZ,2026-03-26,达实智能,,CNY
2.57,2.65,2.57,2.64,28775400.0,002421.SZ,2026-03-27,达实智能,,CNY
2.6,2.66,2.57,2.65,33007500.0,002421.SZ,2026-03-30,达实智能,,CNY
2.65,2.7,2.59,2.59,35675494.0,002421.SZ,2026-03-31,达实智能,,CNY
2.65,2.65,2.59,2.61,29099621.0,002421.SZ,2026-04-01,达实智能,,CNY
2.61,2.61,2.53,2.55,35608435.0,002421.SZ,2026-04-02,达实智能,,CNY
2.56,2.57,2.44,2.45,41028064.0,002421.SZ,2026-04-03,达实智能,,CNY
2.44,2.49,2.43,2.48,32491245.0,002421.SZ,2026-04-07,达实智能,,CNY
2.54,2.73,2.54,2.73,62777016.0,002421.SZ,2026-04-08,达实智能,,CNY
2.79,2.8,2.7,2.74,151047600.0,002421.SZ,2026-04-09,达实智能,,CNY
2.72,2.74,2.67,2.69,78527302.0,002421.SZ,2026-04-10,达实智能,,CNY
2.68,2.74,2.67,2.72,59390902.0,002421.SZ,2026-04-13,达实智能,,CNY
2.73,2.76,2.67,2.71,51933000.0,002421.SZ,2026-04-14,达实智能,,CNY
2.72,2.72,2.64,2.64,38276901.0,002421.SZ,2026-04-15,达实智能,,CNY
2.65,2.9,2.64,2.9,124851415.0,002421.SZ,2026-04-16,达实智能,,CNY
2.87,2.97,2.81,2.87,180863780.0,002421.SZ,2026-04-17,达实智能,,CNY
2.84,2.98,2.84,2.9,122934653.0,002421.SZ,2026-04-20,达实智能,,CNY
2.9,2.91,2.83,2.85,72420607.0,002421.SZ,2026-04-21,达实智能,,CNY
2.84,2.85,2.78,2.81,61519259.0,002421.SZ,2026-04-22,达实智能,,CNY
2.83,2.84,2.76,2.8,51518931.0,002421.SZ,2026-04-23,达实智能,,CNY
2.78,2.79,2.72,2.76,48615700.0,002421.SZ,2026-04-24,达实智能,,CNY
2.74,2.84,2.65,2.82,73271674.0,002421.SZ,2026-04-27,达实智能,,CNY
2.81,2.81,2.73,2.74,46650185.0,002421.SZ,2026-04-28,达实智能,,CNY
2.71,2.83,2.7,2.79,52638015.0,002421.SZ,2026-04-29,达实智能,,CNY
2.82,2.94,2.8,2.9,115506078.0,002421.SZ,2026-04-30,达实智能,,CNY
48.26,48.36,43.91,45.68,139542619.0,002428.SZ,2026-03-02,云南锗业,,CNY
47.81,48.83,43.41,43.9,127208581.0,002428.SZ,2026-03-03,云南锗业,,CNY
42.63,46.25,41.74,44.45,82672393.0,002428.SZ,2026-03-04,云南锗业,,CNY
45.3,45.88,43.61,44.19,67316767.0,002428.SZ,2026-03-05,云南锗业,,CNY
44.43,44.96,42.9,43.19,45340394.0,002428.SZ,2026-03-06,云南锗业,,CNY
41.46,43.0,39.41,42.72,54896011.0,002428.SZ,2026-03-09,云南锗业,,CNY
43.46,45.2,42.51,44.62,51609658.0,002428.SZ,2026-03-10,云南锗业,,CNY
46.3,49.0,45.5,46.0,84479548.0,002428.SZ,2026-03-11,云南锗业,,CNY
46.01,47.3,44.05,45.17,52058884.0,002428.SZ,2026-03-12,云南锗业,,CNY
44.78,46.3,43.15,43.36,45982588.0,002428.SZ,2026-03-13,云南锗业,,CNY
43.77,44.97,41.68,42.95,46593214.0,002428.SZ,2026-03-16,云南锗业,,CNY
42.8,42.85,40.0,40.14,43184586.0,002428.SZ,2026-03-17,云南锗业,,CNY
40.11,41.36,39.84,40.75,28881622.0,002428.SZ,2026-03-18,云南锗业,,CNY
39.99,40.73,38.86,39.51,34532352.0,002428.SZ,2026-03-19,云南锗业,,CNY
43.45,43.46,43.45,43.46,19341747.0,002428.SZ,2026-03-20,云南锗业,,CNY
43.0,44.5,40.06,40.6,82113761.0,002428.SZ,2026-03-23,云南锗业,,CNY
43.7,44.66,41.21,44.66,83743876.0,002428.SZ,2026-03-24,云南锗业,,CNY
48.0,49.13,46.81,48.43,128135334.0,002428.SZ,2026-03-25,云南锗业,,CNY
48.2,48.64,46.09,46.69,76485001.0,002428.SZ,2026-03-26,云南锗业,,CNY
44.88,51.36,44.88,51.36,79509068.0,002428.SZ,2026-03-27,云南锗业,,CNY
51.36,54.3,50.2,52.35,107266703.0,002428.SZ,2026-03-30,云南锗业,,CNY
52.0,52.8,48.01,48.91,92306711.0,002428.SZ,2026-03-31,云南锗业,,CNY
51.21,51.51,48.11,49.9,75146516.0,002428.SZ,2026-04-01,云南锗业,,CNY
48.01,49.61,46.11,47.5,69862773.0,002428.SZ,2026-04-02,云南锗业,,CNY
49.06,52.25,49.06,51.71,108697015.0,002428.SZ,2026-04-03,云南锗业,,CNY
51.91,54.75,51.08,52.76,88366469.0,002428.SZ,2026-04-07,云南锗业,,CNY
54.0,55.03,52.03,54.25,106748924.0,002428.SZ,2026-04-08,云南锗业,,CNY
53.8,56.7,53.35,55.59,92594215.0,002428.SZ,2026-04-09,云南锗业,,CNY
58.29,59.5,53.65,56.79,119213151.0,002428.SZ,2026-04-10,云南锗业,,CNY
57.11,57.39,54.16,55.13,81103791.0,002428.SZ,2026-04-13,云南锗业,,CNY
56.0,60.64,54.56,58.88,116559828.0,002428.SZ,2026-04-14,云南锗业,,CNY
59.71,59.85,56.7,57.15,79362996.0,002428.SZ,2026-04-15,云南锗业,,CNY
56.27,57.4,55.51,56.36,64670396.0,002428.SZ,2026-04-16,云南锗业,,CNY
60.53,62.0,59.07,62.0,100529253.0,002428.SZ,2026-04-17,云南锗业,,CNY
63.86,68.2,63.68,68.2,115781784.0,002428.SZ,2026-04-20,云南锗业,,CNY
68.32,70.48,66.74,68.4,118093698.0,002428.SZ,2026-04-21,云南锗业,,CNY
68.53,75.24,68.53,75.24,71457072.0,002428.SZ,2026-04-22,云南锗业,,CNY
76.29,82.76,74.7,76.88,166752280.0,002428.SZ,2026-04-23,云南锗业,,CNY
76.07,81.3,73.4,77.12,137149663.0,002428.SZ,2026-04-24,云南锗业,,CNY
76.93,77.95,72.52,72.8,116971001.0,002428.SZ,2026-04-27,云南锗业,,CNY
72.6,73.0,68.89,69.68,88270950.0,002428.SZ,2026-04-28,云南锗业,,CNY
68.61,70.33,68.12,69.22,73722518.0,002428.SZ,2026-04-29,云南锗业,,CNY
68.72,72.12,68.72,70.01,103124032.0,002428.SZ,2026-04-30,云南锗业,,CNY
9.34,9.48,9.14,9.23,26290590.0,002434.SZ,2026-03-02,万里扬,,CNY
9.23,9.27,8.66,8.7,32357483.0,002434.SZ,2026-03-03,万里扬,,CNY
8.6,8.77,8.55,8.66,17179697.0,002434.SZ,2026-03-04,万里扬,,CNY
8.81,8.86,8.73,8.79,16802277.0,002434.SZ,2026-03-05,万里扬,,CNY
8.73,8.98,8.71,8.94,16319536.0,002434.SZ,2026-03-06,万里扬,,CNY
8.8,8.82,8.55,8.74,16837605.0,002434.SZ,2026-03-09,万里扬,,CNY
8.85,8.97,8.84,8.93,15066078.0,002434.SZ,2026-03-10,万里扬,,CNY
8.94,9.05,8.84,8.88,14125400.0,002434.SZ,2026-03-11,万里扬,,CNY
8.91,8.97,8.74,8.76,15454700.0,002434.SZ,2026-03-12,万里扬,,CNY
8.72,8.92,8.69,8.73,15942200.0,002434.SZ,2026-03-13,万里扬,,CNY
8.73,8.74,8.41,8.44,22891301.0,002434.SZ,2026-03-16,万里扬,,CNY
8.47,8.5,8.26,8.27,15648700.0,002434.SZ,2026-03-17,万里扬,,CNY
8.29,8.39,8.21,8.35,12751300.0,002434.SZ,2026-03-18,万里扬,,CNY
8.25,8.29,8.05,8.1,17392188.0,002434.SZ,2026-03-19,万里扬,,CNY
8.12,8.18,8.0,8.0,14413099.0,002434.SZ,2026-03-20,万里扬,,CNY
7.9,8.0,7.53,7.6,20276589.0,002434.SZ,2026-03-23,万里扬,,CNY
7.75,7.79,7.56,7.79,15926675.0,002434.SZ,2026-03-24,万里扬,,CNY
7.8,8.07,7.79,8.04,19045061.0,002434.SZ,2026-03-25,万里扬,,CNY
8.0,8.1,7.89,7.94,13341909.0,002434.SZ,2026-03-26,万里扬,,CNY
7.82,8.01,7.8,7.95,10182586.0,002434.SZ,2026-03-27,万里扬,,CNY
7.83,7.95,7.76,7.93,8834870.0,002434.SZ,2026-03-30,万里扬,,CNY
7.91,8.01,7.86,7.87,10502600.0,002434.SZ,2026-03-31,万里扬,,CNY
8.02,8.23,7.94,8.1,17568000.0,002434.SZ,2026-04-01,万里扬,,CNY
8.04,8.09,7.77,7.84,16387961.0,002434.SZ,2026-04-02,万里扬,,CNY
7.84,7.88,7.7,7.71,7764400.0,002434.SZ,2026-04-03,万里扬,,CNY
7.75,7.84,7.7,7.76,9535192.0,002434.SZ,2026-04-07,万里扬,,CNY
7.94,8.1,7.94,8.08,17951070.0,002434.SZ,2026-04-08,万里扬,,CNY
8.02,8.16,7.98,8.01,14195727.0,002434.SZ,2026-04-09,万里扬,,CNY
8.07,8.2,8.07,8.09,15068700.0,002434.SZ,2026-04-10,万里扬,,CNY
8.05,8.18,8.01,8.12,11180913.0,002434.SZ,2026-04-13,万里扬,,CNY
8.18,8.22,8.11,8.2,14005305.0,002434.SZ,2026-04-14,万里扬,,CNY
8.25,8.37,8.19,8.28,17394830.0,002434.SZ,2026-04-15,万里扬,,CNY
8.3,8.35,8.22,8.28,13229130.0,002434.SZ,2026-04-16,万里扬,,CNY
8.25,8.3,8.19,8.26,11889500.0,002434.SZ,2026-04-17,万里扬,,CNY
8.26,8.27,8.13,8.14,15683493.0,002434.SZ,2026-04-20,万里扬,,CNY
7.96,7.97,7.58,7.67,36989521.0,002434.SZ,2026-04-21,万里扬,,CNY
7.63,7.66,7.33,7.43,33279400.0,002434.SZ,2026-04-22,万里扬,,CNY
7.39,7.39,7.16,7.2,24544400.0,002434.SZ,2026-04-23,万里扬,,CNY
7.16,7.34,7.16,7.25,18559135.0,002434.SZ,2026-04-24,万里扬,,CNY
7.2,7.27,7.12,7.2,14715900.0,002434.SZ,2026-04-27,万里扬,,CNY
7.13,7.42,7.08,7.22,20749411.0,002434.SZ,2026-04-28,万里扬,,CNY
7.19,7.28,7.16,7.2,15637279.0,002434.SZ,2026-04-29,万里扬,,CNY
7.17,7.19,7.06,7.1,16744700.0,002434.SZ,2026-04-30,万里扬,,CNY
14.61,14.95,13.46,14.88,133262026.0,002440.SZ,2026-03-02,闰土股份,,CNY
14.98,14.98,13.4,13.43,89529265.0,002440.SZ,2026-03-03,闰土股份,,CNY
13.3,14.77,13.3,14.56,151676373.0,002440.SZ,2026-03-04,闰土股份,,CNY
15.25,15.25,14.09,14.28,98696345.0,002440.SZ,2026-03-05,闰土股份,,CNY
14.02,14.44,13.81,14.03,64157375.0,002440.SZ,2026-03-06,闰土股份,,CNY
14.03,14.14,12.92,13.92,79448042.0,002440.SZ,2026-03-09,闰土股份,,CNY
14.26,14.47,13.61,13.95,66353692.0,002440.SZ,2026-03-10,闰土股份,,CNY
14.42,15.11,13.92,14.79,113175384.0,002440.SZ,2026-03-11,闰土股份,,CNY
14.96,15.2,13.63,13.86,122371223.0,002440.SZ,2026-03-12,闰土股份,,CNY
14.0,14.19,13.28,13.39,78234466.0,002440.SZ,2026-03-13,闰土股份,,CNY
13.18,13.5,12.67,12.85,75439216.0,002440.SZ,2026-03-16,闰土股份,,CNY
12.72,12.88,12.34,12.37,42660249.0,002440.SZ,2026-03-17,闰土股份,,CNY
12.38,12.49,12.22,12.42,33344915.0,002440.SZ,2026-03-18,闰土股份,,CNY
12.18,12.22,11.58,11.7,49677370.0,002440.SZ,2026-03-19,闰土股份,,CNY
11.96,12.08,11.21,11.25,39433705.0,002440.SZ,2026-03-20,闰土股份,,CNY
11.0,11.36,10.7,10.81,47947445.0,002440.SZ,2026-03-23,闰土股份,,CNY
11.12,11.12,10.6,11.02,35519168.0,002440.SZ,2026-03-24,闰土股份,,CNY
11.14,11.48,11.05,11.27,30252160.0,002440.SZ,2026-03-25,闰土股份,,CNY
11.25,11.39,11.05,11.14,21745685.0,002440.SZ,2026-03-26,闰土股份,,CNY
10.96,11.53,10.94,11.35,29173977.0,002440.SZ,2026-03-27,闰土股份,,CNY
11.2,11.58,11.15,11.51,30276059.0,002440.SZ,2026-03-30,闰土股份,,CNY
11.4,11.64,11.23,11.27,22668250.0,002440.SZ,2026-03-31,闰土股份,,CNY
11.43,11.88,11.31,11.53,32612517.0,002440.SZ,2026-04-01,闰土股份,,CNY
11.45,11.55,11.16,11.24,24289568.0,002440.SZ,2026-04-02,闰土股份,,CNY
11.25,11.32,10.89,10.95,16419116.0,002440.SZ,2026-04-03,闰土股份,,CNY
10.94,11.67,10.92,11.57,33631156.0,002440.SZ,2026-04-07,闰土股份,,CNY
11.73,11.85,11.25,11.81,30178843.0,002440.SZ,2026-04-08,闰土股份,,CNY
11.89,12.35,11.85,12.09,52457869.0,002440.SZ,2026-04-09,闰土股份,,CNY
12.09,12.84,11.95,12.25,52728653.0,002440.SZ,2026-04-10,闰土股份,,CNY
12.11,12.2,11.63,11.98,38637884.0,002440.SZ,2026-04-13,闰土股份,,CNY
12.06,12.1,11.48,11.87,33878446.0,002440.SZ,2026-04-14,闰土股份,,CNY
11.88,11.92,11.68,11.71,22139164.0,002440.SZ,2026-04-15,闰土股份,,CNY
11.7,11.93,11.65,11.87,23516705.0,002440.SZ,2026-04-16,闰土股份,,CNY
11.8,12.11,11.75,11.9,25098949.0,002440.SZ,2026-04-17,闰土股份,,CNY
11.8,11.87,11.55,11.77,19166553.0,002440.SZ,2026-04-20,闰土股份,,CNY
11.77,11.78,11.43,11.59,19883094.0,002440.SZ,2026-04-21,闰土股份,,CNY
11.57,11.87,11.5,11.73,19910090.0,002440.SZ,2026-04-22,闰土股份,,CNY
11.83,11.85,11.51,11.66,17681754.0,002440.SZ,2026-04-23,闰土股份,,CNY
11.61,12.65,11.57,12.5,68940190.0,002440.SZ,2026-04-24,闰土股份,,CNY
12.3,12.35,11.59,11.76,79255008.0,002440.SZ,2026-04-27,闰土股份,,CNY
11.78,12.42,11.66,11.85,56445401.0,002440.SZ,2026-04-28,闰土股份,,CNY
11.7,11.7,10.9,11.29,64108399.0,002440.SZ,2026-04-29,闰土股份,,CNY
11.43,11.54,10.77,10.86,70629968.0,002440.SZ,2026-04-30,闰土股份,,CNY
9.88,9.99,9.51,9.93,27004437.0,002443.SZ,2026-03-02,金洲管道,,CNY
10.0,10.18,9.66,9.73,30873546.0,002443.SZ,2026-03-03,金洲管道,,CNY
9.65,9.8,9.57,9.66,20121641.0,002443.SZ,2026-03-04,金洲管道,,CNY
9.84,9.95,9.67,9.86,18764709.0,002443.SZ,2026-03-05,金洲管道,,CNY
9.77,10.02,9.7,9.84,15235991.0,002443.SZ,2026-03-06,金洲管道,,CNY
9.72,9.85,9.48,9.55,19282040.0,002443.SZ,2026-03-09,金洲管道,,CNY
9.54,9.88,9.45,9.81,20534640.0,002443.SZ,2026-03-10,金洲管道,,CNY
9.9,9.95,9.58,9.71,17603267.0,002443.SZ,2026-03-11,金洲管道,,CNY
9.75,9.85,9.57,9.71,14479860.0,002443.SZ,2026-03-12,金洲管道,,CNY
9.71,9.87,9.54,9.57,14953200.0,002443.SZ,2026-03-13,金洲管道,,CNY
9.48,9.66,9.47,9.55,12497450.0,002443.SZ,2026-03-16,金洲管道,,CNY
9.66,9.73,9.21,9.27,20216837.0,002443.SZ,2026-03-17,金洲管道,,CNY
9.25,9.46,9.09,9.39,13710718.0,002443.SZ,2026-03-18,金洲管道,,CNY
9.3,9.39,9.11,9.17,11352702.0,002443.SZ,2026-03-19,金洲管道,,CNY
9.17,9.27,8.87,8.89,14201937.0,002443.SZ,2026-03-20,金洲管道,,CNY
8.7,8.79,8.19,8.28,22725316.0,002443.SZ,2026-03-23,金洲管道,,CNY
8.49,8.7,8.23,8.68,15033100.0,002443.SZ,2026-03-24,金洲管道,,CNY
8.74,8.95,8.7,8.74,14340695.0,002443.SZ,2026-03-25,金洲管道,,CNY
8.78,8.85,8.5,8.58,9758300.0,002443.SZ,2026-03-26,金洲管道,,CNY
8.48,8.68,8.39,8.64,8680600.0,002443.SZ,2026-03-27,金洲管道,,CNY
8.58,8.65,8.46,8.63,9246900.0,002443.SZ,2026-03-30,金洲管道,,CNY
8.66,8.77,8.35,8.37,11196891.0,002443.SZ,2026-03-31,金洲管道,,CNY
8.52,9.03,8.52,9.03,20887521.0,002443.SZ,2026-04-01,金洲管道,,CNY
8.94,8.94,8.46,8.54,31135900.0,002443.SZ,2026-04-02,金洲管道,,CNY
8.44,8.51,8.08,8.09,21691500.0,002443.SZ,2026-04-03,金洲管道,,CNY
8.15,8.26,8.01,8.15,11065700.0,002443.SZ,2026-04-07,金洲管道,,CNY
8.31,8.55,8.29,8.37,15151725.0,002443.SZ,2026-04-08,金洲管道,,CNY
8.33,8.52,8.28,8.48,12124900.0,002443.SZ,2026-04-09,金洲管道,,CNY
8.49,8.63,8.37,8.48,16276712.0,002443.SZ,2026-04-10,金洲管道,,CNY
8.36,9.13,8.33,9.07,35171965.0,002443.SZ,2026-04-13,金洲管道,,CNY
9.12,9.68,9.04,9.33,41417891.0,002443.SZ,2026-04-14,金洲管道,,CNY
9.33,9.41,9.0,9.09,27844900.0,002443.SZ,2026-04-15,金洲管道,,CNY
9.2,9.56,9.06,9.39,25367991.0,002443.SZ,2026-04-16,金洲管道,,CNY
9.45,9.67,9.28,9.43,23103100.0,002443.SZ,2026-04-17,金洲管道,,CNY
9.64,9.86,9.28,9.64,34798497.0,002443.SZ,2026-04-20,金洲管道,,CNY
9.71,9.71,9.3,9.53,20994511.0,002443.SZ,2026-04-21,金洲管道,,CNY
9.53,10.48,9.49,10.48,38724262.0,002443.SZ,2026-04-22,金洲管道,,CNY
10.43,11.37,10.33,11.14,86884269.0,002443.SZ,2026-04-23,金洲管道,,CNY
11.26,11.4,11.02,11.3,50908059.0,002443.SZ,2026-04-24,金洲管道,,CNY
11.5,12.11,11.4,11.8,59134820.0,002443.SZ,2026-04-27,金洲管道,,CNY
12.05,12.11,11.5,11.83,41305688.0,002443.SZ,2026-04-28,金洲管道,,CNY
11.9,11.99,11.57,11.83,33583260.0,002443.SZ,2026-04-29,金洲管道,,CNY
11.81,11.98,11.67,11.84,27846611.0,002443.SZ,2026-04-30,金洲管道,,CNY
6.74,6.74,6.48,6.52,12471464.0,002442.SZ,2026-03-02,龙星科技,,CNY
6.54,6.59,6.32,6.34,11700501.0,002442.SZ,2026-03-03,龙星科技,,CNY
6.33,6.58,6.27,6.36,11678100.0,002442.SZ,2026-03-04,龙星科技,,CNY
6.48,6.6,6.37,6.43,10994901.0,002442.SZ,2026-03-05,龙星科技,,CNY
6.41,6.68,6.39,6.67,11630700.0,002442.SZ,2026-03-06,龙星科技,,CNY
6.67,6.83,6.6,6.7,17134500.0,002442.SZ,2026-03-09,龙星科技,,CNY
6.67,6.71,6.58,6.62,12584500.0,002442.SZ,2026-03-10,龙星科技,,CNY
6.63,6.68,6.56,6.67,9713572.0,002442.SZ,2026-03-11,龙星科技,,CNY
6.68,6.88,6.68,6.74,16829200.0,002442.SZ,2026-03-12,龙星科技,,CNY
6.74,6.93,6.72,6.91,23655547.0,002442.SZ,2026-03-13,龙星科技,,CNY
6.83,6.93,6.64,6.72,19600568.0,002442.SZ,2026-03-16,龙星科技,,CNY
6.73,6.86,6.56,6.57,12153739.0,002442.SZ,2026-03-17,龙星科技,,CNY
6.6,6.61,6.5,6.55,8742300.0,002442.SZ,2026-03-18,龙星科技,,CNY
6.56,6.57,6.23,6.26,13632500.0,002442.SZ,2026-03-19,龙星科技,,CNY
6.31,6.33,5.72,5.73,27992717.0,002442.SZ,2026-03-20,龙星科技,,CNY
5.65,5.83,5.42,5.57,18939613.0,002442.SZ,2026-03-23,龙星科技,,CNY
5.69,5.87,5.45,5.85,15516411.0,002442.SZ,2026-03-24,龙星科技,,CNY
5.81,5.91,5.79,5.83,8458519.0,002442.SZ,2026-03-25,龙星科技,,CNY
5.83,5.95,5.75,5.81,6796169.0,002442.SZ,2026-03-26,龙星科技,,CNY
5.75,5.98,5.73,5.97,9437051.0,002442.SZ,2026-03-27,龙星科技,,CNY
5.9,6.06,5.83,5.96,8213500.0,002442.SZ,2026-03-30,龙星科技,,CNY
5.93,6.02,5.82,5.83,8729300.0,002442.SZ,2026-03-31,龙星科技,,CNY
5.9,5.97,5.82,5.91,10964142.0,002442.SZ,2026-04-01,龙星科技,,CNY
5.91,5.93,5.71,5.81,8968215.0,002442.SZ,2026-04-02,龙星科技,,CNY
5.81,5.81,5.43,5.47,13169040.0,002442.SZ,2026-04-03,龙星科技,,CNY
5.51,6.02,5.47,6.02,15425000.0,002442.SZ,2026-04-07,龙星科技,,CNY
6.17,6.3,6.07,6.22,40098226.0,002442.SZ,2026-04-08,龙星科技,,CNY
6.08,6.16,5.92,6.05,23984014.0,002442.SZ,2026-04-09,龙星科技,,CNY
6.05,6.06,5.87,5.91,17517564.0,002442.SZ,2026-04-10,龙星科技,,CNY
5.94,6.03,5.85,5.89,11155564.0,002442.SZ,2026-04-13,龙星科技,,CNY
5.95,5.95,5.76,5.86,13874800.0,002442.SZ,2026-04-14,龙星科技,,CNY
5.86,5.86,5.74,5.78,9280400.0,002442.SZ,2026-04-15,龙星科技,,CNY
5.8,5.86,5.73,5.84,9367595.0,002442.SZ,2026-04-16,龙星科技,,CNY
5.83,5.84,5.65,5.68,12566900.0,002442.SZ,2026-04-17,龙星科技,,CNY
5.66,5.73,5.66,5.72,7513000.0,002442.SZ,2026-04-20,龙星科技,,CNY
5.68,5.75,5.58,5.73,9810165.0,002442.SZ,2026-04-21,龙星科技,,CNY
5.7,5.83,5.67,5.79,10836000.0,002442.SZ,2026-04-22,龙星科技,,CNY
5.76,5.9,5.7,5.79,10319872.0,002442.SZ,2026-04-23,龙星科技,,CNY
5.75,5.85,5.67,5.84,10459200.0,002442.SZ,2026-04-24,龙星科技,,CNY
5.84,6.42,5.7,6.2,38186872.0,002442.SZ,2026-04-27,龙星科技,,CNY
6.18,6.23,6.04,6.09,23122407.0,002442.SZ,2026-04-28,龙星科技,,CNY
6.03,6.55,5.97,6.37,32159243.0,002442.SZ,2026-04-29,龙星科技,,CNY
6.24,6.4,6.18,6.24,23213152.0,002442.SZ,2026-04-30,龙星科技,,CNY
10.52,10.8,10.48,10.64,17373401.0,002451.SZ,2026-03-02,摩恩电气,,CNY
10.64,10.83,10.32,10.38,32424244.0,002451.SZ,2026-03-03,摩恩电气,,CNY
10.15,10.76,10.13,10.69,26151379.0,002451.SZ,2026-03-04,摩恩电气,,CNY
10.78,11.11,10.78,11.01,40596914.0,002451.SZ,2026-03-05,摩恩电气,,CNY
10.9,11.13,10.9,11.04,32891965.0,002451.SZ,2026-03-06,摩恩电气,,CNY
10.94,11.58,10.91,11.57,64173135.0,002451.SZ,2026-03-09,摩恩电气,,CNY
11.46,11.47,11.16,11.41,42709014.0,002451.SZ,2026-03-10,摩恩电气,,CNY
11.35,12.0,11.06,11.65,54691876.0,002451.SZ,2026-03-11,摩恩电气,,CNY
11.45,11.45,11.18,11.22,31971718.0,002451.SZ,2026-03-12,摩恩电气,,CNY
11.1,11.45,10.83,11.05,26600186.0,002451.SZ,2026-03-13,摩恩电气,,CNY
10.86,10.95,10.64,10.93,18935934.0,002451.SZ,2026-03-16,摩恩电气,,CNY
10.94,11.11,10.4,10.42,23081749.0,002451.SZ,2026-03-17,摩恩电气,,CNY
10.44,10.65,10.31,10.54,13969913.0,002451.SZ,2026-03-18,摩恩电气,,CNY
10.34,10.46,10.13,10.16,14647160.0,002451.SZ,2026-03-19,摩恩电气,,CNY
10.17,10.34,9.95,9.96,15738896.0,002451.SZ,2026-03-20,摩恩电气,,CNY
9.67,9.92,9.19,9.29,20425502.0,002451.SZ,2026-03-23,摩恩电气,,CNY
9.59,9.86,9.4,9.86,23203869.0,002451.SZ,2026-03-24,摩恩电气,,CNY
9.87,10.05,9.78,10.01,12456442.0,002451.SZ,2026-03-25,摩恩电气,,CNY
9.98,10.04,9.68,9.72,12898700.0,002451.SZ,2026-03-26,摩恩电气,,CNY
9.67,9.83,9.59,9.72,11450700.0,002451.SZ,2026-03-27,摩恩电气,,CNY
9.55,9.8,9.38,9.78,13259500.0,002451.SZ,2026-03-30,摩恩电气,,CNY
9.75,9.93,9.55,9.55,10786760.0,002451.SZ,2026-03-31,摩恩电气,,CNY
9.7,9.88,9.59,9.73,12494382.0,002451.SZ,2026-04-01,摩恩电气,,CNY
9.7,9.93,9.44,9.49,15571137.0,002451.SZ,2026-04-02,摩恩电气,,CNY
9.58,9.6,9.19,9.22,11054481.0,002451.SZ,2026-04-03,摩恩电气,,CNY
9.28,9.45,9.24,9.38,9026201.0,002451.SZ,2026-04-07,摩恩电气,,CNY
9.58,9.81,9.5,9.78,13174103.0,002451.SZ,2026-04-08,摩恩电气,,CNY
9.69,9.75,9.52,9.6,10498300.0,002451.SZ,2026-04-09,摩恩电气,,CNY
9.73,9.74,9.6,9.67,10125200.0,002451.SZ,2026-04-10,摩恩电气,,CNY
9.63,9.75,9.55,9.72,8956451.0,002451.SZ,2026-04-13,摩恩电气,,CNY
9.79,9.85,9.65,9.77,9857722.0,002451.SZ,2026-04-14,摩恩电气,,CNY
9.84,9.98,9.74,9.83,19989583.0,002451.SZ,2026-04-15,摩恩电气,,CNY
9.81,9.87,9.58,9.87,13623952.0,002451.SZ,2026-04-16,摩恩电气,,CNY
9.85,9.9,9.61,9.69,14760021.0,002451.SZ,2026-04-17,摩恩电气,,CNY
9.69,9.86,9.59,9.85,13433675.0,002451.SZ,2026-04-20,摩恩电气,,CNY
9.88,9.91,9.56,9.72,14443146.0,002451.SZ,2026-04-21,摩恩电气,,CNY
9.66,9.79,9.63,9.72,10394604.0,002451.SZ,2026-04-22,摩恩电气,,CNY
9.7,9.8,9.4,9.48,14028000.0,002451.SZ,2026-04-23,摩恩电气,,CNY
9.4,9.48,9.28,9.4,9718447.0,002451.SZ,2026-04-24,摩恩电气,,CNY
9.29,9.48,9.13,9.45,11314000.0,002451.SZ,2026-04-27,摩恩电气,,CNY
9.44,9.69,9.38,9.5,13616308.0,002451.SZ,2026-04-28,摩恩电气,,CNY
9.55,9.69,9.44,9.67,12982502.0,002451.SZ,2026-04-29,摩恩电气,,CNY
9.67,9.71,9.5,9.53,10683036.0,002451.SZ,2026-04-30,摩恩电气,,CNY
11.03,11.55,11.01,11.32,48864768.0,002452.SZ,2026-03-02,长高电新,,CNY
11.33,11.38,10.75,10.8,36789701.0,002452.SZ,2026-03-03,长高电新,,CNY
10.65,11.18,10.63,10.98,31583645.0,002452.SZ,2026-03-04,长高电新,,CNY
11.2,11.41,11.14,11.28,57485048.0,002452.SZ,2026-03-05,长高电新,,CNY
11.2,12.1,11.16,12.08,82282269.0,002452.SZ,2026-03-06,长高电新,,CNY
11.4,11.82,11.21,11.81,81835319.0,002452.SZ,2026-03-09,长高电新,,CNY
11.7,12.12,11.5,11.9,65553398.0,002452.SZ,2026-03-10,长高电新,,CNY
11.86,13.09,11.64,12.88,100557916.0,002452.SZ,2026-03-11,长高电新,,CNY
12.5,12.6,12.12,12.58,68854229.0,002452.SZ,2026-03-12,长高电新,,CNY
12.35,12.43,12.01,12.41,38281561.0,002452.SZ,2026-03-13,长高电新,,CNY
12.43,12.44,11.93,12.2,34091032.0,002452.SZ,2026-03-16,长高电新,,CNY
12.12,12.14,11.37,11.62,45270650.0,002452.SZ,2026-03-17,长高电新,,CNY
11.41,11.59,11.26,11.52,29621712.0,002452.SZ,2026-03-18,长高电新,,CNY
11.3,11.3,10.96,11.2,30023341.0,002452.SZ,2026-03-19,长高电新,,CNY
11.23,11.27,10.92,11.03,24450262.0,002452.SZ,2026-03-20,长高电新,,CNY
10.76,10.98,10.48,10.64,23363918.0,002452.SZ,2026-03-23,长高电新,,CNY
10.81,10.87,10.29,10.69,24300144.0,002452.SZ,2026-03-24,长高电新,,CNY
10.81,11.03,10.7,10.84,26955791.0,002452.SZ,2026-03-25,长高电新,,CNY
10.82,10.82,10.46,10.62,19542052.0,002452.SZ,2026-03-26,长高电新,,CNY
10.38,11.68,10.35,11.3,71370226.0,002452.SZ,2026-03-27,长高电新,,CNY
11.12,11.16,10.6,10.99,45769120.0,002452.SZ,2026-03-30,长高电新,,CNY
10.82,10.9,10.19,10.21,39003773.0,002452.SZ,2026-03-31,长高电新,,CNY
10.49,10.7,10.35,10.5,26795597.0,002452.SZ,2026-04-01,长高电新,,CNY
10.45,10.66,10.2,10.21,18693568.0,002452.SZ,2026-04-02,长高电新,,CNY
10.21,10.29,9.94,9.97,15521337.0,002452.SZ,2026-04-03,长高电新,,CNY
9.93,10.03,9.85,9.9,12046637.0,002452.SZ,2026-04-07,长高电新,,CNY
10.12,10.55,10.11,10.5,26255968.0,002452.SZ,2026-04-08,长高电新,,CNY
10.36,10.47,10.3,10.35,12095300.0,002452.SZ,2026-04-09,长高电新,,CNY
10.47,10.59,10.41,10.44,13366240.0,002452.SZ,2026-04-10,长高电新,,CNY
10.35,10.42,10.17,10.29,16109310.0,002452.SZ,2026-04-13,长高电新,,CNY
10.33,10.83,10.33,10.75,24968124.0,002452.SZ,2026-04-14,长高电新,,CNY
10.76,11.3,10.71,10.97,30243578.0,002452.SZ,2026-04-15,长高电新,,CNY
10.97,10.98,10.65,10.88,20364200.0,002452.SZ,2026-04-16,长高电新,,CNY
10.82,10.98,10.74,10.84,16687720.0,002452.SZ,2026-04-17,长高电新,,CNY
10.92,11.3,10.79,11.15,28393485.0,002452.SZ,2026-04-20,长高电新,,CNY
11.06,11.16,10.78,10.96,18062686.0,002452.SZ,2026-04-21,长高电新,,CNY
10.95,11.32,10.9,11.3,22182786.0,002452.SZ,2026-04-22,长高电新,,CNY
11.39,11.5,11.04,11.21,18978245.0,002452.SZ,2026-04-23,长高电新,,CNY
11.1,11.2,10.91,11.02,15954600.0,002452.SZ,2026-04-24,长高电新,,CNY
10.95,11.03,10.74,10.93,16084906.0,002452.SZ,2026-04-27,长高电新,,CNY
11.02,11.3,10.93,10.98,24103649.0,002452.SZ,2026-04-28,长高电新,,CNY
10.99,11.11,10.85,10.92,16013651.0,002452.SZ,2026-04-29,长高电新,,CNY
11.29,11.6,10.82,10.96,27066457.0,002452.SZ,2026-04-30,长高电新,,CNY
9.69,9.72,9.33,9.43,107179561.0,002456.SZ,2026-03-02,欧菲光,,CNY
9.43,9.51,8.98,8.99,110906382.0,002456.SZ,2026-03-03,欧菲光,,CNY
8.88,9.05,8.83,8.89,57882188.0,002456.SZ,2026-03-04,欧菲光,,CNY
9.04,9.78,9.03,9.78,155574314.0,002456.SZ,2026-03-05,欧菲光,,CNY
9.59,9.6,9.39,9.54,140282159.0,002456.SZ,2026-03-06,欧菲光,,CNY
9.35,9.56,9.31,9.48,82119207.0,002456.SZ,2026-03-09,欧菲光,,CNY
9.58,9.7,9.48,9.59,73326453.0,002456.SZ,2026-03-10,欧菲光,,CNY
9.59,9.65,9.5,9.54,59741305.0,002456.SZ,2026-03-11,欧菲光,,CNY
9.5,9.96,9.46,9.79,136910337.0,002456.SZ,2026-03-12,欧菲光,,CNY
9.7,9.88,9.63,9.68,81087160.0,002456.SZ,2026-03-13,欧菲光,,CNY
9.65,9.67,9.46,9.57,54253667.0,002456.SZ,2026-03-16,欧菲光,,CNY
9.57,9.74,9.49,9.53,61669879.0,002456.SZ,2026-03-17,欧菲光,,CNY
9.49,9.55,9.34,9.45,54631159.0,002456.SZ,2026-03-18,欧菲光,,CNY
9.27,9.34,9.2,9.23,53697873.0,002456.SZ,2026-03-19,欧菲光,,CNY
9.3,9.48,9.01,9.03,85666638.0,002456.SZ,2026-03-20,欧菲光,,CNY
8.88,8.9,8.4,8.46,96547847.0,002456.SZ,2026-03-23,欧菲光,,CNY
8.63,8.71,8.42,8.7,60815047.0,002456.SZ,2026-03-24,欧菲光,,CNY
8.72,8.97,8.71,8.89,56314011.0,002456.SZ,2026-03-25,欧菲光,,CNY
8.9,8.91,8.56,8.59,56990110.0,002456.SZ,2026-03-26,欧菲光,,CNY
8.5,8.67,8.48,8.63,39276855.0,002456.SZ,2026-03-27,欧菲光,,CNY
8.5,8.65,8.36,8.64,51527705.0,002456.SZ,2026-03-30,欧菲光,,CNY
8.61,8.77,8.59,8.64,41517347.0,002456.SZ,2026-03-31,欧菲光,,CNY
8.77,8.88,8.69,8.83,56074269.0,002456.SZ,2026-04-01,欧菲光,,CNY
8.94,9.18,8.72,8.8,83997618.0,002456.SZ,2026-04-02,欧菲光,,CNY
8.88,8.89,8.53,8.55,44565835.0,002456.SZ,2026-04-03,欧菲光,,CNY
8.55,8.71,8.55,8.65,33856072.0,002456.SZ,2026-04-07,欧菲光,,CNY
8.81,9.04,8.81,9.03,76480972.0,002456.SZ,2026-04-08,欧菲光,,CNY
8.91,9.12,8.89,9.0,54577374.0,002456.SZ,2026-04-09,欧菲光,,CNY
9.05,9.81,9.03,9.35,185993399.0,002456.SZ,2026-04-10,欧菲光,,CNY
9.16,9.56,9.13,9.41,105801459.0,002456.SZ,2026-04-13,欧菲光,,CNY
9.47,9.59,9.36,9.47,74019956.0,002456.SZ,2026-04-14,欧菲光,,CNY
9.5,9.62,9.33,9.35,79882207.0,002456.SZ,2026-04-15,欧菲光,,CNY
9.34,9.45,9.31,9.4,56160344.0,002456.SZ,2026-04-16,欧菲光,,CNY
9.35,9.48,9.34,9.44,54257077.0,002456.SZ,2026-04-17,欧菲光,,CNY
9.4,9.65,9.39,9.5,74186833.0,002456.SZ,2026-04-20,欧菲光,,CNY
9.46,9.62,9.25,9.43,102195189.0,002456.SZ,2026-04-21,欧菲光,,CNY
9.37,9.51,9.35,9.4,58244263.0,002456.SZ,2026-04-22,欧菲光,,CNY
9.36,9.42,9.15,9.17,62816432.0,002456.SZ,2026-04-23,欧菲光,,CNY
9.12,9.2,8.99,9.08,48903950.0,002456.SZ,2026-04-24,欧菲光,,CNY
8.51,9.0,8.36,8.9,164640479.0,002456.SZ,2026-04-27,欧菲光,,CNY
8.86,8.87,8.6,8.65,71190517.0,002456.SZ,2026-04-28,欧菲光,,CNY
8.64,8.85,8.61,8.73,52709729.0,002456.SZ,2026-04-29,欧菲光,,CNY
8.72,8.76,8.62,8.71,42197723.0,002456.SZ,2026-04-30,欧菲光,,CNY
14.62,14.65,13.7,13.96,32227009.0,002457.SZ,2026-03-02,青龙管业,,CNY
14.07,14.29,13.3,13.35,25806134.0,002457.SZ,2026-03-03,青龙管业,,CNY
13.21,14.04,13.12,13.82,22716007.0,002457.SZ,2026-03-04,青龙管业,,CNY
13.9,13.95,13.56,13.64,12638593.0,002457.SZ,2026-03-05,青龙管业,,CNY
13.55,13.71,13.43,13.58,11331400.0,002457.SZ,2026-03-06,青龙管业,,CNY
13.46,13.9,13.41,13.63,14799300.0,002457.SZ,2026-03-09,青龙管业,,CNY
13.63,13.71,13.29,13.46,21530000.0,002457.SZ,2026-03-10,青龙管业,,CNY
13.52,13.64,12.78,12.89,27003838.0,002457.SZ,2026-03-11,青龙管业,,CNY
12.87,12.9,12.08,12.13,31375951.0,002457.SZ,2026-03-12,青龙管业,,CNY
12.08,12.57,12.08,12.24,23557515.0,002457.SZ,2026-03-13,青龙管业,,CNY
12.23,12.35,11.84,11.91,17314349.0,002457.SZ,2026-03-16,青龙管业,,CNY
11.94,12.23,11.9,11.92,14581300.0,002457.SZ,2026-03-17,青龙管业,,CNY
11.92,12.44,11.92,12.13,17826200.0,002457.SZ,2026-03-18,青龙管业,,CNY
12.01,12.02,11.48,11.54,16496801.0,002457.SZ,2026-03-19,青龙管业,,CNY
11.6,11.68,11.29,11.31,11634600.0,002457.SZ,2026-03-20,青龙管业,,CNY
11.05,11.05,10.53,10.61,18845300.0,002457.SZ,2026-03-23,青龙管业,,CNY
10.84,11.07,10.62,11.02,15018700.0,002457.SZ,2026-03-24,青龙管业,,CNY
11.01,11.19,11.0,11.09,12967598.0,002457.SZ,2026-03-25,青龙管业,,CNY
11.11,11.21,10.87,10.92,8970000.0,002457.SZ,2026-03-26,青龙管业,,CNY
10.8,11.02,10.75,11.0,7401200.0,002457.SZ,2026-03-27,青龙管业,,CNY
10.82,11.07,10.77,11.07,7243400.0,002457.SZ,2026-03-30,青龙管业,,CNY
11.09,11.13,10.84,10.85,7257200.0,002457.SZ,2026-03-31,青龙管业,,CNY
11.05,11.12,10.91,10.99,6146800.0,002457.SZ,2026-04-01,青龙管业,,CNY
10.99,10.99,10.76,10.84,5438603.0,002457.SZ,2026-04-02,青龙管业,,CNY
10.84,10.85,10.44,10.48,8576200.0,002457.SZ,2026-04-03,青龙管业,,CNY
10.48,10.76,10.48,10.72,6904100.0,002457.SZ,2026-04-07,青龙管业,,CNY
10.88,11.01,10.85,11.01,7257300.0,002457.SZ,2026-04-08,青龙管业,,CNY
10.91,10.98,10.79,10.87,6374499.0,002457.SZ,2026-04-09,青龙管业,,CNY
10.99,11.25,10.98,11.03,10577702.0,002457.SZ,2026-04-10,青龙管业,,CNY
10.92,11.03,10.88,11.01,7004700.0,002457.SZ,2026-04-13,青龙管业,,CNY
11.09,11.11,10.75,10.9,13085606.0,002457.SZ,2026-04-14,青龙管业,,CNY
10.91,11.12,10.78,11.01,16505402.0,002457.SZ,2026-04-15,青龙管业,,CNY
11.01,11.2,10.91,11.2,14641191.0,002457.SZ,2026-04-16,青龙管业,,CNY
11.31,11.4,11.05,11.17,13376700.0,002457.SZ,2026-04-17,青龙管业,,CNY
11.3,11.82,11.3,11.52,32206700.0,002457.SZ,2026-04-20,青龙管业,,CNY
11.52,11.52,11.32,11.36,17129414.0,002457.SZ,2026-04-21,青龙管业,,CNY
11.3,11.36,11.14,11.27,14310069.0,002457.SZ,2026-04-22,青龙管业,,CNY
11.26,11.27,11.06,11.11,11036014.0,002457.SZ,2026-04-23,青龙管业,,CNY
10.91,10.98,10.53,10.7,20974000.0,002457.SZ,2026-04-24,青龙管业,,CNY
10.66,11.06,10.53,11.0,16159600.0,002457.SZ,2026-04-27,青龙管业,,CNY
10.98,11.95,10.86,11.37,30899516.0,002457.SZ,2026-04-28,青龙管业,,CNY
11.72,12.34,11.48,11.82,46503048.0,002457.SZ,2026-04-29,青龙管业,,CNY
11.79,11.87,11.51,11.54,25770837.0,002457.SZ,2026-04-30,青龙管业,,CNY
6.32,6.45,6.21,6.35,43285977.0,002386.SZ,2026-03-02,宜宾天原集团,,CNY
6.38,6.47,6.08,6.1,46738661.0,002386.SZ,2026-03-03,宜宾天原集团,,CNY
6.0,6.18,5.95,6.03,35710646.0,002386.SZ,2026-03-04,宜宾天原集团,,CNY
6.12,6.16,5.98,6.1,31326331.0,002386.SZ,2026-03-05,宜宾天原集团,,CNY
6.1,6.39,6.05,6.37,42369262.0,002386.SZ,2026-03-06,宜宾天原集团,,CNY
6.5,6.6,6.29,6.34,50106499.0,002386.SZ,2026-03-09,宜宾天原集团,,CNY
6.31,6.37,6.15,6.16,43732821.0,002386.SZ,2026-03-10,宜宾天原集团,,CNY
6.19,6.4,6.15,6.39,41633510.0,002386.SZ,2026-03-11,宜宾天原集团,,CNY
6.41,6.54,6.33,6.42,46521345.0,002386.SZ,2026-03-12,宜宾天原集团,,CNY
6.42,6.6,6.39,6.44,47017238.0,002386.SZ,2026-03-13,宜宾天原集团,,CNY
6.41,6.55,6.24,6.27,44333630.0,002386.SZ,2026-03-16,宜宾天原集团,,CNY
6.27,6.55,6.19,6.2,47260077.0,002386.SZ,2026-03-17,宜宾天原集团,,CNY
6.21,6.23,6.05,6.13,33170350.0,002386.SZ,2026-03-18,宜宾天原集团,,CNY
6.17,6.18,5.82,5.85,45620879.0,002386.SZ,2026-03-19,宜宾天原集团,,CNY
5.85,5.88,5.64,5.66,32658254.0,002386.SZ,2026-03-20,宜宾天原集团,,CNY
5.56,5.77,5.44,5.48,38993004.0,002386.SZ,2026-03-23,宜宾天原集团,,CNY
5.57,5.6,5.36,5.56,33055880.0,002386.SZ,2026-03-24,宜宾天原集团,,CNY
5.57,5.74,5.54,5.71,29654429.0,002386.SZ,2026-03-25,宜宾天原集团,,CNY
5.71,5.88,5.65,5.74,29982833.0,002386.SZ,2026-03-26,宜宾天原集团,,CNY
5.61,6.31,5.6,6.31,77334857.0,002386.SZ,2026-03-27,宜宾天原集团,,CNY
6.11,6.25,6.0,6.11,104276799.0,002386.SZ,2026-03-30,宜宾天原集团,,CNY
6.09,6.3,5.94,5.98,65061697.0,002386.SZ,2026-03-31,宜宾天原集团,,CNY
6.1,6.12,5.86,5.89,49700140.0,002386.SZ,2026-04-01,宜宾天原集团,,CNY
5.86,6.23,5.86,6.06,80044823.0,002386.SZ,2026-04-02,宜宾天原集团,,CNY
6.03,6.08,5.63,5.65,61339343.0,002386.SZ,2026-04-03,宜宾天原集团,,CNY
5.7,6.19,5.66,6.08,80142907.0,002386.SZ,2026-04-07,宜宾天原集团,,CNY
6.02,6.16,5.9,6.14,58835495.0,002386.SZ,2026-04-08,宜宾天原集团,,CNY
6.1,6.17,6.05,6.09,42719512.0,002386.SZ,2026-04-09,宜宾天原集团,,CNY
6.1,6.21,6.02,6.17,53537825.0,002386.SZ,2026-04-10,宜宾天原集团,,CNY
6.14,6.22,6.08,6.18,37121065.0,002386.SZ,2026-04-13,宜宾天原集团,,CNY
6.23,6.38,6.18,6.38,55698310.0,002386.SZ,2026-04-14,宜宾天原集团,,CNY
6.36,6.36,6.14,6.17,45596307.0,002386.SZ,2026-04-15,宜宾天原集团,,CNY
6.19,6.33,6.12,6.27,38910848.0,002386.SZ,2026-04-16,宜宾天原集团,,CNY
6.27,6.5,6.26,6.44,61536385.0,002386.SZ,2026-04-17,宜宾天原集团,,CNY
6.47,6.72,6.44,6.54,50778013.0,002386.SZ,2026-04-20,宜宾天原集团,,CNY
6.53,6.56,6.34,6.49,40397857.0,002386.SZ,2026-04-21,宜宾天原集团,,CNY
6.46,6.65,6.45,6.6,51200158.0,002386.SZ,2026-04-22,宜宾天原集团,,CNY
6.57,6.88,6.48,6.62,64789074.0,002386.SZ,2026-04-23,宜宾天原集团,,CNY
6.58,6.91,6.56,6.84,86723537.0,002386.SZ,2026-04-24,宜宾天原集团,,CNY
6.74,6.95,6.72,6.8,66291108.0,002386.SZ,2026-04-27,宜宾天原集团,,CNY
6.81,7.05,6.8,6.95,79632171.0,002386.SZ,2026-04-28,宜宾天原集团,,CNY
6.89,7.34,6.68,7.28,102789975.0,002386.SZ,2026-04-29,宜宾天原集团,,CNY
7.21,7.44,6.94,6.99,111059100.0,002386.SZ,2026-04-30,宜宾天原集团,,CNY
9.07,9.18,8.93,8.95,23444619.0,002387.SZ,2026-03-02,维信诺,,CNY
8.96,9.01,8.45,8.47,33218141.0,002387.SZ,2026-03-03,维信诺,,CNY
8.39,8.48,8.3,8.32,20698614.0,002387.SZ,2026-03-04,维信诺,,CNY
8.46,8.84,8.45,8.7,33089937.0,002387.SZ,2026-03-05,维信诺,,CNY
8.55,8.62,8.43,8.53,22298148.0,002387.SZ,2026-03-06,维信诺,,CNY
8.38,8.39,8.16,8.38,23632733.0,002387.SZ,2026-03-09,维信诺,,CNY
8.44,8.54,8.41,8.5,14335767.0,002387.SZ,2026-03-10,维信诺,,CNY
8.49,8.57,8.46,8.49,13013918.0,002387.SZ,2026-03-11,维信诺,,CNY
8.5,8.64,8.42,8.59,14034485.0,002387.SZ,2026-03-12,维信诺,,CNY
8.58,8.67,8.45,8.51,13851700.0,002387.SZ,2026-03-13,维信诺,,CNY
8.48,8.57,8.33,8.49,11284500.0,002387.SZ,2026-03-16,维信诺,,CNY
8.55,8.56,8.33,8.34,13124764.0,002387.SZ,2026-03-17,维信诺,,CNY
8.35,8.42,8.26,8.38,9614290.0,002387.SZ,2026-03-18,维信诺,,CNY
8.26,8.33,8.17,8.2,11865300.0,002387.SZ,2026-03-19,维信诺,,CNY
8.27,8.31,8.06,8.07,13591060.0,002387.SZ,2026-03-20,维信诺,,CNY
7.9,7.9,7.52,7.53,22131500.0,002387.SZ,2026-03-23,维信诺,,CNY
7.67,7.79,7.54,7.76,13381791.0,002387.SZ,2026-03-24,维信诺,,CNY
7.8,7.91,7.77,7.86,11018170.0,002387.SZ,2026-03-25,维信诺,,CNY
7.84,7.85,7.67,7.7,9125800.0,002387.SZ,2026-03-26,维信诺,,CNY
7.6,7.82,7.55,7.78,7863800.0,002387.SZ,2026-03-27,维信诺,,CNY
7.66,7.76,7.58,7.75,7256900.0,002387.SZ,2026-03-30,维信诺,,CNY
7.69,7.77,7.58,7.59,9347600.0,002387.SZ,2026-03-31,维信诺,,CNY
7.71,7.78,7.62,7.74,8185400.0,002387.SZ,2026-04-01,维信诺,,CNY
7.7,7.82,7.57,7.7,13690570.0,002387.SZ,2026-04-02,维信诺,,CNY
7.69,7.77,7.54,7.54,9862700.0,002387.SZ,2026-04-03,维信诺,,CNY
7.55,7.66,7.55,7.6,7770100.0,002387.SZ,2026-04-07,维信诺,,CNY
7.75,8.02,7.73,8.0,18056324.0,002387.SZ,2026-04-08,维信诺,,CNY
7.89,8.01,7.87,7.91,10371474.0,002387.SZ,2026-04-09,维信诺,,CNY
8.02,8.28,8.01,8.15,17383363.0,002387.SZ,2026-04-10,维信诺,,CNY
8.1,8.15,7.98,8.03,10185100.0,002387.SZ,2026-04-13,维信诺,,CNY
8.12,8.12,7.97,8.04,9357600.0,002387.SZ,2026-04-14,维信诺,,CNY
8.07,8.25,8.05,8.13,13124000.0,002387.SZ,2026-04-15,维信诺,,CNY
8.17,8.25,8.12,8.19,10203343.0,002387.SZ,2026-04-16,维信诺,,CNY
8.18,8.28,8.14,8.21,10332344.0,002387.SZ,2026-04-17,维信诺,,CNY
8.21,8.35,8.19,8.32,12339772.0,002387.SZ,2026-04-20,维信诺,,CNY
8.33,8.33,8.15,8.24,13406800.0,002387.SZ,2026-04-21,维信诺,,CNY
8.2,8.27,8.18,8.24,8351963.0,002387.SZ,2026-04-22,维信诺,,CNY
8.26,8.26,8.0,8.06,10702101.0,002387.SZ,2026-04-23,维信诺,,CNY
8.04,8.08,7.92,8.03,8481171.0,002387.SZ,2026-04-24,维信诺,,CNY
8.04,8.22,7.93,8.2,12056602.0,002387.SZ,2026-04-27,维信诺,,CNY
8.14,8.27,8.03,8.05,9925100.0,002387.SZ,2026-04-28,维信诺,,CNY
7.89,8.13,7.8,8.08,13290287.0,002387.SZ,2026-04-29,维信诺,,CNY
8.11,8.11,7.98,8.08,8392567.0,002387.SZ,2026-04-30,维信诺,,CNY
26.28,26.54,25.28,26.54,127331468.0,002389.SZ,2026-03-02,航天彩虹,,CNY
27.0,27.61,25.81,26.15,157323073.0,002389.SZ,2026-03-03,航天彩虹,,CNY
25.68,28.77,25.64,28.77,142977472.0,002389.SZ,2026-03-04,航天彩虹,,CNY
28.0,29.85,27.71,29.3,203664754.0,002389.SZ,2026-03-05,航天彩虹,,CNY
28.7,28.8,26.96,27.61,138686311.0,002389.SZ,2026-03-06,航天彩虹,,CNY
28.49,29.3,26.7,26.85,138215402.0,002389.SZ,2026-03-09,航天彩虹,,CNY
26.0,26.42,25.61,25.74,105941982.0,002389.SZ,2026-03-10,航天彩虹,,CNY
25.49,25.86,25.11,25.25,71679965.0,002389.SZ,2026-03-11,航天彩虹,,CNY
25.32,25.43,24.46,24.64,62095430.0,002389.SZ,2026-03-12,航天彩虹,,CNY
24.47,24.53,23.9,23.96,46183865.0,002389.SZ,2026-03-13,航天彩虹,,CNY
24.05,24.84,23.91,24.47,58546164.0,002389.SZ,2026-03-16,航天彩虹,,CNY
24.36,24.36,23.33,23.34,52467054.0,002389.SZ,2026-03-17,航天彩虹,,CNY
23.39,23.61,23.09,23.58,29739487.0,002389.SZ,2026-03-18,航天彩虹,,CNY
23.3,23.81,23.2,23.43,31167887.0,002389.SZ,2026-03-19,航天彩虹,,CNY
23.3,23.45,22.28,22.28,41045260.0,002389.SZ,2026-03-20,航天彩虹,,CNY
21.57,22.06,20.9,20.95,38316597.0,002389.SZ,2026-03-23,航天彩虹,,CNY
21.32,21.82,20.98,21.7,38424631.0,002389.SZ,2026-03-24,航天彩虹,,CNY
21.6,22.7,21.51,22.62,49674122.0,002389.SZ,2026-03-25,航天彩虹,,CNY
22.33,22.37,21.71,21.77,31199099.0,002389.SZ,2026-03-26,航天彩虹,,CNY
21.4,22.4,21.4,22.2,30712391.0,002389.SZ,2026-03-27,航天彩虹,,CNY
22.22,22.64,22.11,22.32,26929445.0,002389.SZ,2026-03-30,航天彩虹,,CNY
22.2,22.58,21.85,21.86,26780208.0,002389.SZ,2026-03-31,航天彩虹,,CNY
22.18,22.25,21.72,21.82,20359465.0,002389.SZ,2026-04-01,航天彩虹,,CNY
21.71,21.93,21.3,21.42,19636877.0,002389.SZ,2026-04-02,航天彩虹,,CNY
21.42,21.54,20.84,20.88,20153445.0,002389.SZ,2026-04-03,航天彩虹,,CNY
20.86,20.99,20.69,20.95,14207988.0,002389.SZ,2026-04-07,航天彩虹,,CNY
21.22,21.7,21.2,21.7,24955960.0,002389.SZ,2026-04-08,航天彩虹,,CNY
21.58,21.6,21.27,21.32,17542167.0,002389.SZ,2026-04-09,航天彩虹,,CNY
21.54,21.8,21.48,21.48,18139703.0,002389.SZ,2026-04-10,航天彩虹,,CNY
21.41,22.24,21.31,22.11,29380041.0,002389.SZ,2026-04-13,航天彩虹,,CNY
22.09,22.26,21.91,22.25,25902769.0,002389.SZ,2026-04-14,航天彩虹,,CNY
22.28,22.58,22.18,22.26,28306135.0,002389.SZ,2026-04-15,航天彩虹,,CNY
22.18,22.41,21.97,22.3,21594957.0,002389.SZ,2026-04-16,航天彩虹,,CNY
22.27,22.4,21.96,22.36,19106806.0,002389.SZ,2026-04-17,航天彩虹,,CNY
22.4,22.66,22.36,22.64,28093307.0,002389.SZ,2026-04-20,航天彩虹,,CNY
22.64,22.7,22.24,22.36,21733642.0,002389.SZ,2026-04-21,航天彩虹,,CNY
22.18,22.33,22.03,22.28,16238648.0,002389.SZ,2026-04-22,航天彩虹,,CNY
22.28,22.37,21.76,21.97,20164841.0,002389.SZ,2026-04-23,航天彩虹,,CNY
21.87,21.93,21.43,21.45,16213482.0,002389.SZ,2026-04-24,航天彩虹,,CNY
21.4,22.27,21.27,22.21,23234472.0,002389.SZ,2026-04-27,航天彩虹,,CNY
21.78,21.78,21.16,21.25,32129676.0,002389.SZ,2026-04-28,航天彩虹,,CNY
21.24,21.73,21.2,21.64,19980826.0,002389.SZ,2026-04-29,航天彩虹,,CNY
21.58,21.98,21.5,21.97,21406063.0,002389.SZ,2026-04-30,航天彩虹,,CNY
3.35,3.37,3.29,3.32,32462354.0,002390.SZ,2026-03-02,信邦制药,,CNY
3.33,3.36,3.28,3.29,36938383.0,002390.SZ,2026-03-03,信邦制药,,CNY
3.27,3.28,3.2,3.21,39002405.0,002390.SZ,2026-03-04,信邦制药,,CNY
3.25,3.27,3.22,3.23,22573517.0,002390.SZ,2026-03-05,信邦制药,,CNY
3.22,3.34,3.21,3.33,32037742.0,002390.SZ,2026-03-06,信邦制药,,CNY
3.3,3.34,3.29,3.32,25231499.0,002390.SZ,2026-03-09,信邦制药,,CNY
3.34,3.36,3.32,3.35,23394310.0,002390.SZ,2026-03-10,信邦制药,,CNY
3.35,3.36,3.31,3.35,19889040.0,002390.SZ,2026-03-11,信邦制药,,CNY
3.36,3.38,3.34,3.36,24359169.0,002390.SZ,2026-03-12,信邦制药,,CNY
3.35,3.39,3.34,3.37,32364038.0,002390.SZ,2026-03-13,信邦制药,,CNY
3.37,3.4,3.36,3.4,26922949.0,002390.SZ,2026-03-16,信邦制药,,CNY
3.4,3.43,3.37,3.38,28583131.0,002390.SZ,2026-03-17,信邦制药,,CNY
3.37,3.38,3.34,3.35,28377423.0,002390.SZ,2026-03-18,信邦制药,,CNY
3.32,3.35,3.26,3.27,31283700.0,002390.SZ,2026-03-19,信邦制药,,CNY
3.29,3.31,3.18,3.18,42225600.0,002390.SZ,2026-03-20,信邦制药,,CNY
3.13,3.13,2.96,2.98,49656846.0,002390.SZ,2026-03-23,信邦制药,,CNY
3.04,3.11,2.97,3.1,34230514.0,002390.SZ,2026-03-24,信邦制药,,CNY
3.1,3.16,3.08,3.14,27143432.0,002390.SZ,2026-03-25,信邦制药,,CNY
3.14,3.2,3.11,3.12,27034644.0,002390.SZ,2026-03-26,信邦制药,,CNY
3.1,3.23,3.08,3.23,31440335.0,002390.SZ,2026-03-27,信邦制药,,CNY
3.19,3.29,3.18,3.28,30646308.0,002390.SZ,2026-03-30,信邦制药,,CNY
3.28,3.34,3.26,3.28,30121014.0,002390.SZ,2026-03-31,信邦制药,,CNY
3.3,3.36,3.24,3.35,33562705.0,002390.SZ,2026-04-01,信邦制药,,CNY
3.37,3.4,3.33,3.39,45744500.0,002390.SZ,2026-04-02,信邦制药,,CNY
3.37,3.38,3.29,3.3,31702400.0,002390.SZ,2026-04-03,信邦制药,,CNY
3.29,3.37,3.21,3.35,29466653.0,002390.SZ,2026-04-07,信邦制药,,CNY
3.38,3.4,3.31,3.34,36651900.0,002390.SZ,2026-04-08,信邦制药,,CNY
3.33,3.38,3.25,3.25,36125579.0,002390.SZ,2026-04-09,信邦制药,,CNY
3.26,3.32,3.23,3.26,26470013.0,002390.SZ,2026-04-10,信邦制药,,CNY
3.26,3.26,3.18,3.21,33400400.0,002390.SZ,2026-04-13,信邦制药,,CNY
3.25,3.26,3.2,3.24,23036435.0,002390.SZ,2026-04-14,信邦制药,,CNY
3.26,3.37,3.24,3.33,51500998.0,002390.SZ,2026-04-15,信邦制药,,CNY
3.32,3.35,3.28,3.31,32403928.0,002390.SZ,2026-04-16,信邦制药,,CNY
3.31,3.31,3.18,3.2,42096082.0,002390.SZ,2026-04-17,信邦制药,,CNY
3.18,3.23,3.14,3.22,26189425.0,002390.SZ,2026-04-20,信邦制药,,CNY
3.22,3.28,3.19,3.21,32714487.0,002390.SZ,2026-04-21,信邦制药,,CNY
3.19,3.21,3.17,3.19,19913227.0,002390.SZ,2026-04-22,信邦制药,,CNY
3.19,3.19,3.14,3.17,24232900.0,002390.SZ,2026-04-23,信邦制药,,CNY
3.15,3.18,3.12,3.16,21281700.0,002390.SZ,2026-04-24,信邦制药,,CNY
3.15,3.19,3.11,3.17,23353950.0,002390.SZ,2026-04-27,信邦制药,,CNY
3.16,3.21,3.16,3.18,20764630.0,002390.SZ,2026-04-28,信邦制药,,CNY
3.18,3.35,3.18,3.3,52088019.0,002390.SZ,2026-04-29,信邦制药,,CNY
3.31,3.4,3.26,3.37,56322208.0,002390.SZ,2026-04-30,信邦制药,,CNY
6.63,6.7,6.52,6.59,11718700.0,002391.SZ,2026-03-02,长青股份,,CNY
6.61,6.68,6.45,6.46,11558558.0,002391.SZ,2026-03-03,长青股份,,CNY
6.47,6.54,6.37,6.44,10745084.0,002391.SZ,2026-03-04,长青股份,,CNY
6.55,6.61,6.41,6.45,9979118.0,002391.SZ,2026-03-05,长青股份,,CNY
6.45,6.7,6.41,6.66,12732025.0,002391.SZ,2026-03-06,长青股份,,CNY
6.62,6.74,6.56,6.59,12024850.0,002391.SZ,2026-03-09,长青股份,,CNY
6.59,6.67,6.47,6.54,8941828.0,002391.SZ,2026-03-10,长青股份,,CNY
6.55,6.62,6.47,6.61,8010197.0,002391.SZ,2026-03-11,长青股份,,CNY
6.62,6.8,6.57,6.72,16249778.0,002391.SZ,2026-03-12,长青股份,,CNY
6.77,6.88,6.69,6.72,15449417.0,002391.SZ,2026-03-13,长青股份,,CNY
6.69,6.87,6.59,6.66,13310601.0,002391.SZ,2026-03-16,长青股份,,CNY
6.66,6.77,6.48,6.49,10187300.0,002391.SZ,2026-03-17,长青股份,,CNY
6.52,6.53,6.36,6.41,8426400.0,002391.SZ,2026-03-18,长青股份,,CNY
6.43,6.44,6.2,6.22,11341200.0,002391.SZ,2026-03-19,长青股份,,CNY
6.2,6.24,6.01,6.04,10274500.0,002391.SZ,2026-03-20,长青股份,,CNY
5.93,6.01,5.69,5.79,14853176.0,002391.SZ,2026-03-23,长青股份,,CNY
5.9,5.92,5.68,5.9,11749752.0,002391.SZ,2026-03-24,长青股份,,CNY
5.91,6.13,5.86,6.09,9409940.0,002391.SZ,2026-03-25,长青股份,,CNY
6.09,6.19,5.98,6.02,7846411.0,002391.SZ,2026-03-26,长青股份,,CNY
6.0,6.26,5.96,6.24,9728934.0,002391.SZ,2026-03-27,长青股份,,CNY
6.19,6.49,6.19,6.4,13813550.0,002391.SZ,2026-03-30,长青股份,,CNY
6.38,6.46,6.21,6.23,11439245.0,002391.SZ,2026-03-31,长青股份,,CNY
6.31,6.34,6.2,6.33,8857600.0,002391.SZ,2026-04-01,长青股份,,CNY
6.33,6.37,6.15,6.2,5745200.0,002391.SZ,2026-04-02,长青股份,,CNY
6.22,6.23,5.84,5.91,10211200.0,002391.SZ,2026-04-03,长青股份,,CNY
5.94,6.31,5.86,6.3,15344034.0,002391.SZ,2026-04-07,长青股份,,CNY
6.33,6.36,6.15,6.28,12301234.0,002391.SZ,2026-04-08,长青股份,,CNY
6.25,6.32,6.2,6.21,7917000.0,002391.SZ,2026-04-09,长青股份,,CNY
6.22,6.33,6.19,6.23,7267350.0,002391.SZ,2026-04-10,长青股份,,CNY
6.23,6.28,6.13,6.18,7356065.0,002391.SZ,2026-04-13,长青股份,,CNY
6.25,6.25,6.04,6.19,7901600.0,002391.SZ,2026-04-14,长青股份,,CNY
6.21,6.23,6.1,6.2,7967062.0,002391.SZ,2026-04-15,长青股份,,CNY
6.24,6.25,6.14,6.22,5191791.0,002391.SZ,2026-04-16,长青股份,,CNY
6.23,6.26,6.08,6.09,8419900.0,002391.SZ,2026-04-17,长青股份,,CNY
6.1,6.26,6.03,6.21,8349556.0,002391.SZ,2026-04-20,长青股份,,CNY
6.21,6.25,6.12,6.22,8205200.0,002391.SZ,2026-04-21,长青股份,,CNY
6.43,6.78,6.43,6.52,36897131.0,002391.SZ,2026-04-22,长青股份,,CNY
6.45,6.51,6.28,6.37,18993100.0,002391.SZ,2026-04-23,长青股份,,CNY
6.37,6.56,6.32,6.49,17170052.0,002391.SZ,2026-04-24,长青股份,,CNY
6.45,6.71,6.4,6.68,23051744.0,002391.SZ,2026-04-27,长青股份,,CNY
6.68,6.74,6.57,6.63,14818250.0,002391.SZ,2026-04-28,长青股份,,CNY
6.6,6.68,6.54,6.6,11555690.0,002391.SZ,2026-04-29,长青股份,,CNY
6.62,6.7,6.57,6.64,10367802.0,002391.SZ,2026-04-30,长青股份,,CNY
15.39,15.73,15.13,15.6,25664387.0,002394.SZ,2026-03-02,江苏联发,,CNY
15.65,15.65,14.79,14.87,15842572.0,002394.SZ,2026-03-03,江苏联发,,CNY
14.75,16.05,14.7,15.38,18251799.0,002394.SZ,2026-03-04,江苏联发,,CNY
15.65,15.92,15.38,15.67,17041616.0,002394.SZ,2026-03-05,江苏联发,,CNY
15.47,15.76,15.25,15.71,11669416.0,002394.SZ,2026-03-06,江苏联发,,CNY
15.28,15.54,15.05,15.36,9873300.0,002394.SZ,2026-03-09,江苏联发,,CNY
15.55,16.77,14.85,16.49,31125173.0,002394.SZ,2026-03-10,江苏联发,,CNY
16.01,16.53,15.85,16.36,17451007.0,002394.SZ,2026-03-11,江苏联发,,CNY
16.33,17.13,16.08,17.05,20183064.0,002394.SZ,2026-03-12,江苏联发,,CNY
16.85,17.34,16.34,16.6,20670766.0,002394.SZ,2026-03-13,江苏联发,,CNY
16.5,16.51,15.8,15.89,11186900.0,002394.SZ,2026-03-16,江苏联发,,CNY
15.95,16.37,15.45,15.52,10331800.0,002394.SZ,2026-03-17,江苏联发,,CNY
15.5,15.95,15.19,15.88,10555400.0,002394.SZ,2026-03-18,江苏联发,,CNY
15.56,15.92,15.5,15.79,8257141.0,002394.SZ,2026-03-19,江苏联发,,CNY
15.95,15.95,14.23,14.26,13484635.0,002394.SZ,2026-03-20,江苏联发,,CNY
14.0,14.0,12.83,12.93,16904917.0,002394.SZ,2026-03-23,江苏联发,,CNY
13.2,13.34,12.65,13.2,7872733.0,002394.SZ,2026-03-24,江苏联发,,CNY
13.24,14.15,13.23,13.97,13833200.0,002394.SZ,2026-03-25,江苏联发,,CNY
14.1,14.21,13.58,13.68,7239607.0,002394.SZ,2026-03-26,江苏联发,,CNY
13.55,13.86,13.43,13.8,5620900.0,002394.SZ,2026-03-27,江苏联发,,CNY
13.7,13.86,13.5,13.72,4726500.0,002394.SZ,2026-03-30,江苏联发,,CNY
13.7,13.9,13.5,13.51,4056200.0,002394.SZ,2026-03-31,江苏联发,,CNY
13.73,13.92,13.64,13.86,4575200.0,002394.SZ,2026-04-01,江苏联发,,CNY
13.75,13.85,13.62,13.64,4276300.0,002394.SZ,2026-04-02,江苏联发,,CNY
13.67,13.74,13.15,13.24,4132600.0,002394.SZ,2026-04-03,江苏联发,,CNY
13.24,13.39,13.13,13.26,3512950.0,002394.SZ,2026-04-07,江苏联发,,CNY
13.45,13.83,13.4,13.83,5376300.0,002394.SZ,2026-04-08,江苏联发,,CNY
13.82,14.22,13.56,13.88,9205900.0,002394.SZ,2026-04-09,江苏联发,,CNY
14.05,14.11,13.8,14.03,6894200.0,002394.SZ,2026-04-10,江苏联发,,CNY
14.0,14.0,13.61,13.7,5463700.0,002394.SZ,2026-04-13,江苏联发,,CNY
13.8,13.8,13.56,13.68,4933700.0,002394.SZ,2026-04-14,江苏联发,,CNY
13.71,13.75,13.23,13.35,6171730.0,002394.SZ,2026-04-15,江苏联发,,CNY
13.34,13.47,13.2,13.37,6123800.0,002394.SZ,2026-04-16,江苏联发,,CNY
13.4,13.49,13.06,13.46,6297500.0,002394.SZ,2026-04-17,江苏联发,,CNY
13.5,14.48,13.43,14.16,13052800.0,002394.SZ,2026-04-20,江苏联发,,CNY
14.13,14.2,13.84,14.04,6061700.0,002394.SZ,2026-04-21,江苏联发,,CNY
13.99,14.34,13.85,14.15,7429600.0,002394.SZ,2026-04-22,江苏联发,,CNY
14.14,14.24,13.72,13.75,6759915.0,002394.SZ,2026-04-23,江苏联发,,CNY
12.38,12.38,12.38,12.38,5359400.0,002394.SZ,2026-04-24,江苏联发,,CNY
11.6,12.34,11.6,12.23,17908194.0,002394.SZ,2026-04-27,江苏联发,,CNY
12.16,12.74,11.95,12.55,9711100.0,002394.SZ,2026-04-28,江苏联发,,CNY
12.55,13.7,12.44,13.42,11079808.0,002394.SZ,2026-04-29,江苏联发,,CNY
13.55,14.17,13.31,14.11,10140600.0,002394.SZ,2026-04-30,江苏联发,,CNY
30.62,31.43,30.3,30.4,20303794.0,002396.SZ,2026-03-02,星网锐捷,,CNY
30.47,30.53,28.45,28.55,18084817.0,002396.SZ,2026-03-03,星网锐捷,,CNY
28.1,29.26,28.1,28.67,13037465.0,002396.SZ,2026-03-04,星网锐捷,,CNY
29.26,30.46,28.85,29.75,17402470.0,002396.SZ,2026-03-05,星网锐捷,,CNY
29.5,30.05,29.21,29.77,11853795.0,002396.SZ,2026-03-06,星网锐捷,,CNY
29.24,29.44,27.16,29.17,26065142.0,002396.SZ,2026-03-09,星网锐捷,,CNY
29.48,30.85,29.48,30.72,24539243.0,002396.SZ,2026-03-10,星网锐捷,,CNY
30.92,32.9,30.71,32.07,41686233.0,002396.SZ,2026-03-11,星网锐捷,,CNY
32.04,33.1,31.75,32.22,30662043.0,002396.SZ,2026-03-12,星网锐捷,,CNY
31.79,31.91,30.49,30.54,22213300.0,002396.SZ,2026-03-13,星网锐捷,,CNY
30.48,30.54,29.16,29.92,20810448.0,002396.SZ,2026-03-16,星网锐捷,,CNY
30.14,30.2,27.8,27.87,28002018.0,002396.SZ,2026-03-17,星网锐捷,,CNY
28.02,29.46,27.53,29.34,27088297.0,002396.SZ,2026-03-18,星网锐捷,,CNY
28.8,29.3,28.33,28.53,18632793.0,002396.SZ,2026-03-19,星网锐捷,,CNY
29.0,29.46,27.85,27.85,22371181.0,002396.SZ,2026-03-20,星网锐捷,,CNY
26.85,27.03,25.6,25.83,24402196.0,002396.SZ,2026-03-23,星网锐捷,,CNY
26.32,26.55,25.4,26.48,19739771.0,002396.SZ,2026-03-24,星网锐捷,,CNY
26.81,27.96,26.81,27.61,18294244.0,002396.SZ,2026-03-25,星网锐捷,,CNY
27.47,27.67,26.67,26.86,10943827.0,002396.SZ,2026-03-26,星网锐捷,,CNY
26.31,27.53,26.13,27.01,13310965.0,002396.SZ,2026-03-27,星网锐捷,,CNY
26.01,26.28,24.74,26.06,31515227.0,002396.SZ,2026-03-30,星网锐捷,,CNY
25.96,26.25,25.3,25.48,17202091.0,002396.SZ,2026-03-31,星网锐捷,,CNY
26.01,26.35,25.83,25.99,18014069.0,002396.SZ,2026-04-01,星网锐捷,,CNY
25.93,26.43,25.43,25.67,14972702.0,002396.SZ,2026-04-02,星网锐捷,,CNY
25.88,26.26,25.64,25.91,12456894.0,002396.SZ,2026-04-03,星网锐捷,,CNY
26.0,26.57,25.73,26.26,15589645.0,002396.SZ,2026-04-07,星网锐捷,,CNY
26.91,27.66,26.72,27.6,18333605.0,002396.SZ,2026-04-08,星网锐捷,,CNY
27.18,28.08,27.09,27.94,16878775.0,002396.SZ,2026-04-09,星网锐捷,,CNY
28.21,28.53,27.83,27.85,17603940.0,002396.SZ,2026-04-10,星网锐捷,,CNY
27.6,28.8,27.51,28.44,15341116.0,002396.SZ,2026-04-13,星网锐捷,,CNY
28.54,28.67,28.05,28.39,16083630.0,002396.SZ,2026-04-14,星网锐捷,,CNY
28.48,28.78,28.05,28.13,13571000.0,002396.SZ,2026-04-15,星网锐捷,,CNY
28.14,29.2,28.01,29.09,17260289.0,002396.SZ,2026-04-16,星网锐捷,,CNY
29.02,29.95,28.95,29.4,14999171.0,002396.SZ,2026-04-17,星网锐捷,,CNY
29.4,29.68,28.95,29.12,22792576.0,002396.SZ,2026-04-20,星网锐捷,,CNY
27.5,27.7,26.41,26.91,37895953.0,002396.SZ,2026-04-21,星网锐捷,,CNY
26.91,28.66,26.7,28.11,28126278.0,002396.SZ,2026-04-22,星网锐捷,,CNY
28.01,28.47,26.92,27.02,20363149.0,002396.SZ,2026-04-23,星网锐捷,,CNY
27.0,27.96,25.71,27.41,35860025.0,002396.SZ,2026-04-24,星网锐捷,,CNY
27.4,28.4,26.61,27.28,26209108.0,002396.SZ,2026-04-27,星网锐捷,,CNY
27.07,27.29,26.09,26.25,18947599.0,002396.SZ,2026-04-28,星网锐捷,,CNY
26.02,26.91,26.02,26.57,13961442.0,002396.SZ,2026-04-29,星网锐捷,,CNY
26.61,26.83,25.81,26.5,17436210.0,002396.SZ,2026-04-30,星网锐捷,,CNY
19.71,20.04,19.28,19.35,6544300.0,002395.SZ,2026-03-02,双象股份,,CNY
19.36,20.04,19.05,19.09,7057500.0,002395.SZ,2026-03-03,双象股份,,CNY
18.96,19.18,18.58,18.68,6266865.0,002395.SZ,2026-03-04,双象股份,,CNY
19.09,19.12,18.81,18.92,3381348.0,002395.SZ,2026-03-05,双象股份,,CNY
18.81,19.35,18.81,19.28,3836195.0,002395.SZ,2026-03-06,双象股份,,CNY
19.29,19.3,18.15,18.82,6928344.0,002395.SZ,2026-03-09,双象股份,,CNY
19.04,19.12,18.71,19.05,3123201.0,002395.SZ,2026-03-10,双象股份,,CNY
19.04,19.34,18.93,19.07,3144771.0,002395.SZ,2026-03-11,双象股份,,CNY
19.22,19.35,18.82,19.14,4930400.0,002395.SZ,2026-03-12,双象股份,,CNY
19.02,19.38,18.75,18.79,4306550.0,002395.SZ,2026-03-13,双象股份,,CNY
18.73,19.15,18.73,19.05,3877000.0,002395.SZ,2026-03-16,双象股份,,CNY
19.05,19.34,18.62,18.63,4526578.0,002395.SZ,2026-03-17,双象股份,,CNY
18.67,18.98,18.58,18.67,2699900.0,002395.SZ,2026-03-18,双象股份,,CNY
18.49,18.64,17.28,17.38,7400879.0,002395.SZ,2026-03-19,双象股份,,CNY
17.39,18.54,17.02,17.68,11773735.0,002395.SZ,2026-03-20,双象股份,,CNY
17.31,17.61,16.73,16.91,10882110.0,002395.SZ,2026-03-23,双象股份,,CNY
17.38,17.8,16.96,17.63,8668628.0,002395.SZ,2026-03-24,双象股份,,CNY
17.68,18.36,17.64,18.3,6441200.0,002395.SZ,2026-03-25,双象股份,,CNY
18.47,18.56,17.34,17.63,8674668.0,002395.SZ,2026-03-26,双象股份,,CNY
17.38,17.9,17.3,17.74,5724800.0,002395.SZ,2026-03-27,双象股份,,CNY
17.62,18.28,17.45,18.2,5175618.0,002395.SZ,2026-03-30,双象股份,,CNY
18.11,18.79,18.03,18.49,7044142.0,002395.SZ,2026-03-31,双象股份,,CNY
18.61,18.7,17.81,17.98,7050700.0,002395.SZ,2026-04-01,双象股份,,CNY
18.0,18.58,17.86,17.96,6195736.0,002395.SZ,2026-04-02,双象股份,,CNY
18.0,18.34,17.43,17.5,4580300.0,002395.SZ,2026-04-03,双象股份,,CNY
17.48,18.85,17.48,18.52,11204523.0,002395.SZ,2026-04-07,双象股份,,CNY
18.32,18.55,18.19,18.43,9788345.0,002395.SZ,2026-04-08,双象股份,,CNY
18.31,18.95,18.3,18.63,8553200.0,002395.SZ,2026-04-09,双象股份,,CNY
18.64,18.76,18.11,18.22,8469396.0,002395.SZ,2026-04-10,双象股份,,CNY
18.02,18.14,17.6,17.77,6749120.0,002395.SZ,2026-04-13,双象股份,,CNY
17.78,18.1,17.57,17.9,6079505.0,002395.SZ,2026-04-14,双象股份,,CNY
17.87,18.17,17.71,17.83,4349490.0,002395.SZ,2026-04-15,双象股份,,CNY
17.8,18.3,17.54,17.93,5173845.0,002395.SZ,2026-04-16,双象股份,,CNY
17.91,18.33,17.75,18.01,7865831.0,002395.SZ,2026-04-17,双象股份,,CNY
17.91,18.35,17.84,18.17,5446763.0,002395.SZ,2026-04-20,双象股份,,CNY
18.16,18.36,17.7,18.25,6174053.0,002395.SZ,2026-04-21,双象股份,,CNY
18.25,18.67,18.16,18.46,6861102.0,002395.SZ,2026-04-22,双象股份,,CNY
18.46,18.56,18.0,18.08,4842730.0,002395.SZ,2026-04-23,双象股份,,CNY
17.99,18.66,17.94,18.44,6816148.0,002395.SZ,2026-04-24,双象股份,,CNY
18.48,19.09,18.25,18.87,8012489.0,002395.SZ,2026-04-27,双象股份,,CNY
18.31,19.84,18.11,19.23,17411777.0,002395.SZ,2026-04-28,双象股份,,CNY
19.28,20.29,19.15,19.68,12635188.0,002395.SZ,2026-04-29,双象股份,,CNY
19.79,20.78,19.75,20.17,17289381.0,002395.SZ,2026-04-30,双象股份,,CNY
4.35,4.57,4.26,4.42,32579400.0,002397.SZ,2026-03-02,梦洁股份,,CNY
4.41,4.44,4.14,4.17,25762500.0,002397.SZ,2026-03-03,梦洁股份,,CNY
4.13,4.2,4.07,4.14,14986100.0,002397.SZ,2026-03-04,梦洁股份,,CNY
4.18,4.26,4.16,4.2,11674500.0,002397.SZ,2026-03-05,梦洁股份,,CNY
4.2,4.32,4.16,4.28,13552600.0,002397.SZ,2026-03-06,梦洁股份,,CNY
4.16,4.25,4.09,4.24,15852800.0,002397.SZ,2026-03-09,梦洁股份,,CNY
4.25,4.31,4.24,4.26,10387204.0,002397.SZ,2026-03-10,梦洁股份,,CNY
4.26,4.29,4.17,4.19,12756602.0,002397.SZ,2026-03-11,梦洁股份,,CNY
4.19,4.21,4.11,4.12,11689600.0,002397.SZ,2026-03-12,梦洁股份,,CNY
4.09,4.19,4.08,4.11,13400104.0,002397.SZ,2026-03-13,梦洁股份,,CNY
4.08,4.17,4.08,4.1,11599000.0,002397.SZ,2026-03-16,梦洁股份,,CNY
4.12,4.14,4.03,4.04,13467400.0,002397.SZ,2026-03-17,梦洁股份,,CNY
4.04,4.1,4.0,4.1,11780100.0,002397.SZ,2026-03-18,梦洁股份,,CNY
4.06,4.09,3.93,3.96,16179300.0,002397.SZ,2026-03-19,梦洁股份,,CNY
3.98,4.0,3.84,3.85,13659386.0,002397.SZ,2026-03-20,梦洁股份,,CNY
3.79,3.82,3.58,3.6,20233951.0,002397.SZ,2026-03-23,梦洁股份,,CNY
3.7,3.85,3.65,3.83,21626304.0,002397.SZ,2026-03-24,梦洁股份,,CNY
3.87,3.92,3.81,3.88,15026800.0,002397.SZ,2026-03-25,梦洁股份,,CNY
3.92,3.95,3.81,3.84,11182900.0,002397.SZ,2026-03-26,梦洁股份,,CNY
3.8,3.92,3.8,3.9,9785700.0,002397.SZ,2026-03-27,梦洁股份,,CNY
3.85,3.99,3.84,3.94,13212790.0,002397.SZ,2026-03-30,梦洁股份,,CNY
3.95,3.99,3.81,3.82,14789297.0,002397.SZ,2026-03-31,梦洁股份,,CNY
3.88,3.91,3.79,3.83,14376600.0,002397.SZ,2026-04-01,梦洁股份,,CNY
3.85,3.91,3.77,3.87,16687734.0,002397.SZ,2026-04-02,梦洁股份,,CNY
3.87,3.88,3.67,3.69,13405700.0,002397.SZ,2026-04-03,梦洁股份,,CNY
3.71,3.84,3.68,3.8,15965600.0,002397.SZ,2026-04-07,梦洁股份,,CNY
3.88,3.89,3.82,3.88,13359800.0,002397.SZ,2026-04-08,梦洁股份,,CNY
3.87,3.89,3.79,3.81,10507840.0,002397.SZ,2026-04-09,梦洁股份,,CNY
3.88,4.12,3.84,3.95,22372519.0,002397.SZ,2026-04-10,梦洁股份,,CNY
3.95,4.24,3.9,4.15,36473790.0,002397.SZ,2026-04-13,梦洁股份,,CNY
4.16,4.19,4.03,4.19,25050048.0,002397.SZ,2026-04-14,梦洁股份,,CNY
4.19,4.2,4.06,4.08,15706300.0,002397.SZ,2026-04-15,梦洁股份,,CNY
4.09,4.2,4.07,4.19,16416648.0,002397.SZ,2026-04-16,梦洁股份,,CNY
4.2,4.2,4.0,4.04,24969200.0,002397.SZ,2026-04-17,梦洁股份,,CNY
4.03,4.16,4.01,4.1,17164100.0,002397.SZ,2026-04-20,梦洁股份,,CNY
4.11,4.19,4.08,4.17,16273800.0,002397.SZ,2026-04-21,梦洁股份,,CNY
4.22,4.59,4.16,4.59,47398800.0,002397.SZ,2026-04-22,梦洁股份,,CNY
4.52,4.6,4.38,4.39,53928877.0,002397.SZ,2026-04-23,梦洁股份,,CNY
4.36,4.43,4.29,4.33,29263800.0,002397.SZ,2026-04-24,梦洁股份,,CNY
4.42,4.59,4.42,4.5,42917483.0,002397.SZ,2026-04-27,梦洁股份,,CNY
4.52,4.79,4.48,4.67,58430516.0,002397.SZ,2026-04-28,梦洁股份,,CNY
4.63,4.82,4.54,4.71,41242385.0,002397.SZ,2026-04-29,梦洁股份,,CNY
4.74,4.83,4.7,4.83,29911399.0,002397.SZ,2026-04-30,梦洁股份,,CNY
5.69,5.76,5.55,5.57,24947600.0,002398.SZ,2026-03-02,垒知集团,,CNY
5.62,5.65,5.4,5.41,19199154.0,002398.SZ,2026-03-03,垒知集团,,CNY
5.36,5.53,5.35,5.44,15586500.0,002398.SZ,2026-03-04,垒知集团,,CNY
5.53,5.59,5.5,5.51,12867952.0,002398.SZ,2026-03-05,垒知集团,,CNY
5.48,5.64,5.47,5.64,13390227.0,002398.SZ,2026-03-06,垒知集团,,CNY
5.58,5.66,5.5,5.62,15071254.0,002398.SZ,2026-03-09,垒知集团,,CNY
5.67,5.72,5.66,5.7,13061600.0,002398.SZ,2026-03-10,垒知集团,,CNY
5.73,5.74,5.63,5.66,11104700.0,002398.SZ,2026-03-11,垒知集团,,CNY
5.64,5.66,5.57,5.6,10724236.0,002398.SZ,2026-03-12,垒知集团,,CNY
5.57,5.66,5.53,5.56,10548800.0,002398.SZ,2026-03-13,垒知集团,,CNY
5.55,5.62,5.49,5.53,9687343.0,002398.SZ,2026-03-16,垒知集团,,CNY
5.52,5.59,5.42,5.44,11857443.0,002398.SZ,2026-03-17,垒知集团,,CNY
5.45,5.49,5.4,5.48,8735045.0,002398.SZ,2026-03-18,垒知集团,,CNY
5.43,5.47,5.28,5.3,13037221.0,002398.SZ,2026-03-19,垒知集团,,CNY
5.33,5.35,5.11,5.11,16803719.0,002398.SZ,2026-03-20,垒知集团,,CNY
4.98,5.04,4.76,4.79,21416468.0,002398.SZ,2026-03-23,垒知集团,,CNY
4.9,5.04,4.81,5.03,20343217.0,002398.SZ,2026-03-24,垒知集团,,CNY
5.07,5.17,5.06,5.15,13552548.0,002398.SZ,2026-03-25,垒知集团,,CNY
5.15,5.22,5.04,5.07,12543115.0,002398.SZ,2026-03-26,垒知集团,,CNY
5.02,5.15,5.01,5.15,9974600.0,002398.SZ,2026-03-27,垒知集团,,CNY
5.1,5.27,5.05,5.27,14516903.0,002398.SZ,2026-03-30,垒知集团,,CNY
5.25,5.36,5.21,5.23,14783507.0,002398.SZ,2026-03-31,垒知集团,,CNY
5.31,5.34,5.2,5.3,12765237.0,002398.SZ,2026-04-01,垒知集团,,CNY
5.28,5.31,5.15,5.2,10734000.0,002398.SZ,2026-04-02,垒知集团,,CNY
5.2,5.22,4.94,4.97,12988900.0,002398.SZ,2026-04-03,垒知集团,,CNY
4.97,5.14,4.97,5.12,11200877.0,002398.SZ,2026-04-07,垒知集团,,CNY
5.24,5.31,5.2,5.31,12009871.0,002398.SZ,2026-04-08,垒知集团,,CNY
5.28,5.29,5.11,5.13,12390820.0,002398.SZ,2026-04-09,垒知集团,,CNY
5.17,5.23,5.13,5.17,8854700.0,002398.SZ,2026-04-10,垒知集团,,CNY
5.17,5.21,5.1,5.14,9105400.0,002398.SZ,2026-04-13,垒知集团,,CNY
5.17,5.18,5.07,5.13,8526900.0,002398.SZ,2026-04-14,垒知集团,,CNY
5.14,5.15,5.06,5.08,8091300.0,002398.SZ,2026-04-15,垒知集团,,CNY
5.08,5.22,5.07,5.2,11807702.0,002398.SZ,2026-04-16,垒知集团,,CNY
5.18,5.18,5.05,5.09,14480358.0,002398.SZ,2026-04-17,垒知集团,,CNY
5.05,5.12,5.04,5.11,9300050.0,002398.SZ,2026-04-20,垒知集团,,CNY
5.1,5.12,5.04,5.07,9993680.0,002398.SZ,2026-04-21,垒知集团,,CNY
5.09,5.09,5.02,5.06,7196200.0,002398.SZ,2026-04-22,垒知集团,,CNY
5.07,5.07,4.95,4.99,12398304.0,002398.SZ,2026-04-23,垒知集团,,CNY
4.97,5.04,4.91,5.0,11652523.0,002398.SZ,2026-04-24,垒知集团,,CNY
5.01,5.05,4.83,5.04,17596402.0,002398.SZ,2026-04-27,垒知集团,,CNY
4.99,5.02,4.86,4.9,15032802.0,002398.SZ,2026-04-28,垒知集团,,CNY
4.88,5.11,4.87,5.08,20558800.0,002398.SZ,2026-04-29,垒知集团,,CNY
5.09,5.1,5.01,5.06,11667301.0,002398.SZ,2026-04-30,垒知集团,,CNY
11.86,12.0,11.6,11.77,5225920.0,002399.SZ,2026-03-02,海普瑞,,CNY
12.08,12.08,11.61,11.65,5661340.0,002399.SZ,2026-03-03,海普瑞,,CNY
11.57,11.68,11.18,11.22,5763300.0,002399.SZ,2026-03-04,海普瑞,,CNY
11.36,11.37,11.14,11.16,4336040.0,002399.SZ,2026-03-05,海普瑞,,CNY
11.17,11.47,11.15,11.44,4368351.0,002399.SZ,2026-03-06,海普瑞,,CNY
11.42,11.47,11.2,11.35,4404404.0,002399.SZ,2026-03-09,海普瑞,,CNY
11.41,11.53,11.33,11.43,2983780.0,002399.SZ,2026-03-10,海普瑞,,CNY
11.48,11.5,11.34,11.39,2173830.0,002399.SZ,2026-03-11,海普瑞,,CNY
11.41,11.45,11.32,11.38,3279900.0,002399.SZ,2026-03-12,海普瑞,,CNY
11.4,11.56,11.39,11.43,3551700.0,002399.SZ,2026-03-13,海普瑞,,CNY
11.47,11.55,11.35,11.37,2665512.0,002399.SZ,2026-03-16,海普瑞,,CNY
11.4,11.55,11.37,11.39,3106261.0,002399.SZ,2026-03-17,海普瑞,,CNY
11.41,11.48,11.26,11.39,3647380.0,002399.SZ,2026-03-18,海普瑞,,CNY
11.33,11.37,11.09,11.12,4720020.0,002399.SZ,2026-03-19,海普瑞,,CNY
11.19,11.29,10.99,11.0,5070880.0,002399.SZ,2026-03-20,海普瑞,,CNY
10.9,10.9,10.3,10.33,6336117.0,002399.SZ,2026-03-23,海普瑞,,CNY
10.5,10.78,10.33,10.72,4213956.0,002399.SZ,2026-03-24,海普瑞,,CNY
10.75,10.86,10.7,10.77,3717138.0,002399.SZ,2026-03-25,海普瑞,,CNY
10.74,11.01,10.71,10.79,3652787.0,002399.SZ,2026-03-26,海普瑞,,CNY
10.69,11.15,10.63,11.12,4939703.0,002399.SZ,2026-03-27,海普瑞,,CNY
11.08,11.3,11.0,11.25,4640100.0,002399.SZ,2026-03-30,海普瑞,,CNY
11.27,11.44,11.24,11.34,5398320.0,002399.SZ,2026-03-31,海普瑞,,CNY
11.43,11.59,11.22,11.55,6101964.0,002399.SZ,2026-04-01,海普瑞,,CNY
11.54,11.76,11.47,11.68,5330104.0,002399.SZ,2026-04-02,海普瑞,,CNY
11.61,11.64,11.3,11.34,4511960.0,002399.SZ,2026-04-03,海普瑞,,CNY
11.34,11.48,11.02,11.39,4957162.0,002399.SZ,2026-04-07,海普瑞,,CNY
11.53,11.73,11.36,11.68,6668079.0,002399.SZ,2026-04-08,海普瑞,,CNY
11.65,11.74,11.24,11.25,6808610.0,002399.SZ,2026-04-09,海普瑞,,CNY
11.25,11.48,11.25,11.28,3829500.0,002399.SZ,2026-04-10,海普瑞,,CNY
11.27,11.28,11.07,11.09,4045640.0,002399.SZ,2026-04-13,海普瑞,,CNY
11.19,11.34,11.03,11.34,4438497.0,002399.SZ,2026-04-14,海普瑞,,CNY
11.46,11.55,11.22,11.44,4416560.0,002399.SZ,2026-04-15,海普瑞,,CNY
11.45,11.46,11.29,11.35,3453529.0,002399.SZ,2026-04-16,海普瑞,,CNY
11.39,11.39,11.09,11.12,3360780.0,002399.SZ,2026-04-17,海普瑞,,CNY
11.18,11.18,11.0,11.11,3492620.0,002399.SZ,2026-04-20,海普瑞,,CNY
11.11,11.21,10.97,11.03,2884503.0,002399.SZ,2026-04-21,海普瑞,,CNY
11.03,11.08,10.98,11.08,2069809.0,002399.SZ,2026-04-22,海普瑞,,CNY
11.08,11.08,10.89,10.98,2894295.0,002399.SZ,2026-04-23,海普瑞,,CNY
10.92,10.99,10.81,10.93,2478550.0,002399.SZ,2026-04-24,海普瑞,,CNY
10.95,10.98,10.83,10.86,2760417.0,002399.SZ,2026-04-27,海普瑞,,CNY
10.8,10.98,10.67,10.78,3799041.0,002399.SZ,2026-04-28,海普瑞,,CNY
10.82,10.94,10.72,10.77,4258362.0,002399.SZ,2026-04-29,海普瑞,,CNY
10.82,11.04,10.82,10.87,4494618.0,002399.SZ,2026-04-30,海普瑞,,CNY
10.15,10.3,9.87,9.89,177513160.0,002400.SZ,2026-03-02,省广集团,,CNY
9.91,10.0,9.27,9.32,153090466.0,002400.SZ,2026-03-03,省广集团,,CNY
9.18,9.48,9.17,9.4,95832924.0,002400.SZ,2026-03-04,省广集团,,CNY
9.61,9.71,9.55,9.62,97350456.0,002400.SZ,2026-03-05,省广集团,,CNY
9.53,9.71,9.51,9.59,62314780.0,002400.SZ,2026-03-06,省广集团,,CNY
9.4,9.7,9.35,9.66,83332414.0,002400.SZ,2026-03-09,省广集团,,CNY
9.74,9.9,9.61,9.67,89165183.0,002400.SZ,2026-03-10,省广集团,,CNY
9.7,9.73,9.48,9.49,72565954.0,002400.SZ,2026-03-11,省广集团,,CNY
9.46,9.56,9.25,9.3,65703345.0,002400.SZ,2026-03-12,省广集团,,CNY
9.24,9.28,9.03,9.05,71914984.0,002400.SZ,2026-03-13,省广集团,,CNY
9.02,9.3,8.93,9.26,70277823.0,002400.SZ,2026-03-16,省广集团,,CNY
9.26,9.36,9.07,9.09,53264731.0,002400.SZ,2026-03-17,省广集团,,CNY
9.09,9.24,9.04,9.23,51074340.0,002400.SZ,2026-03-18,省广集团,,CNY
9.08,9.15,8.98,9.04,54935367.0,002400.SZ,2026-03-19,省广集团,,CNY
9.05,9.11,8.72,8.73,60730153.0,002400.SZ,2026-03-20,省广集团,,CNY
8.61,8.65,8.15,8.22,82163759.0,002400.SZ,2026-03-23,省广集团,,CNY
8.37,8.47,8.22,8.47,64700239.0,002400.SZ,2026-03-24,省广集团,,CNY
8.51,8.67,8.51,8.66,51358371.0,002400.SZ,2026-03-25,省广集团,,CNY
8.66,8.69,8.46,8.52,46757463.0,002400.SZ,2026-03-26,省广集团,,CNY
8.39,8.68,8.37,8.63,44592504.0,002400.SZ,2026-03-27,省广集团,,CNY
8.5,8.73,8.48,8.7,45115942.0,002400.SZ,2026-03-30,省广集团,,CNY
8.62,8.78,8.52,8.53,66200819.0,002400.SZ,2026-03-31,省广集团,,CNY
8.69,9.19,8.53,8.85,196681396.0,002400.SZ,2026-04-01,省广集团,,CNY
8.67,8.67,8.27,8.34,165942179.0,002400.SZ,2026-04-02,省广集团,,CNY
8.41,8.42,7.88,7.88,120263468.0,002400.SZ,2026-04-03,省广集团,,CNY
7.89,8.06,7.86,7.96,65173113.0,002400.SZ,2026-04-07,省广集团,,CNY
8.21,8.76,8.17,8.76,221161436.0,002400.SZ,2026-04-08,省广集团,,CNY
8.55,8.66,8.47,8.58,154187742.0,002400.SZ,2026-04-09,省广集团,,CNY
8.73,8.83,8.62,8.63,115127781.0,002400.SZ,2026-04-10,省广集团,,CNY
8.53,8.64,8.51,8.61,62667728.0,002400.SZ,2026-04-13,省广集团,,CNY
8.75,8.81,8.6,8.74,99187027.0,002400.SZ,2026-04-14,省广集团,,CNY
8.74,8.82,8.55,8.6,71770933.0,002400.SZ,2026-04-15,省广集团,,CNY
8.65,8.96,8.65,8.88,136121509.0,002400.SZ,2026-04-16,省广集团,,CNY
8.86,8.97,8.78,8.93,92372899.0,002400.SZ,2026-04-17,省广集团,,CNY
8.89,9.27,8.87,9.16,134457963.0,002400.SZ,2026-04-20,省广集团,,CNY
9.08,9.16,8.88,8.95,102277415.0,002400.SZ,2026-04-21,省广集团,,CNY
8.87,8.93,8.77,8.92,77530021.0,002400.SZ,2026-04-22,省广集团,,CNY
8.95,9.14,8.85,8.92,109924999.0,002400.SZ,2026-04-23,省广集团,,CNY
8.8,8.85,8.58,8.72,89773663.0,002400.SZ,2026-04-24,省广集团,,CNY
8.69,8.69,8.45,8.58,69321363.0,002400.SZ,2026-04-27,省广集团,,CNY
8.46,8.5,8.2,8.24,78130685.0,002400.SZ,2026-04-28,省广集团,,CNY
8.27,8.59,8.26,8.48,66651132.0,002400.SZ,2026-04-29,省广集团,,CNY
8.49,9.18,8.41,8.96,155352736.0,002400.SZ,2026-04-30,省广集团,,CNY
7.1,7.15,6.89,6.92,15361100.0,002404.SZ,2026-03-02,嘉欣丝绸,,CNY
6.89,7.01,6.81,6.82,11123400.0,002404.SZ,2026-03-03,嘉欣丝绸,,CNY
6.76,6.79,6.65,6.7,10034120.0,002404.SZ,2026-03-04,嘉欣丝绸,,CNY
6.82,7.21,6.71,6.96,16600212.0,002404.SZ,2026-03-05,嘉欣丝绸,,CNY
6.92,7.14,6.92,7.13,12855284.0,002404.SZ,2026-03-06,嘉欣丝绸,,CNY
7.1,7.18,7.02,7.06,10289650.0,002404.SZ,2026-03-09,嘉欣丝绸,,CNY
7.1,7.21,7.09,7.21,9044300.0,002404.SZ,2026-03-10,嘉欣丝绸,,CNY
7.21,7.21,7.02,7.09,9492950.0,002404.SZ,2026-03-11,嘉欣丝绸,,CNY
7.09,7.1,7.02,7.03,5027602.0,002404.SZ,2026-03-12,嘉欣丝绸,,CNY
7.01,7.12,7.0,7.02,5766050.0,002404.SZ,2026-03-13,嘉欣丝绸,,CNY
7.0,7.11,6.99,7.09,7123950.0,002404.SZ,2026-03-16,嘉欣丝绸,,CNY
7.11,7.16,6.98,6.99,6983700.0,002404.SZ,2026-03-17,嘉欣丝绸,,CNY
6.99,7.07,6.93,7.06,4944400.0,002404.SZ,2026-03-18,嘉欣丝绸,,CNY
7.01,7.03,6.83,6.85,9806205.0,002404.SZ,2026-03-19,嘉欣丝绸,,CNY
6.86,6.93,6.68,6.69,7662900.0,002404.SZ,2026-03-20,嘉欣丝绸,,CNY
6.62,6.62,6.21,6.26,11651300.0,002404.SZ,2026-03-23,嘉欣丝绸,,CNY
6.39,6.6,6.31,6.59,11901500.0,002404.SZ,2026-03-24,嘉欣丝绸,,CNY
6.58,6.69,6.54,6.67,7115900.0,002404.SZ,2026-03-25,嘉欣丝绸,,CNY
6.66,6.79,6.59,6.63,6110700.0,002404.SZ,2026-03-26,嘉欣丝绸,,CNY
6.6,6.79,6.53,6.78,7715420.0,002404.SZ,2026-03-27,嘉欣丝绸,,CNY
6.72,6.85,6.65,6.84,10493100.0,002404.SZ,2026-03-30,嘉欣丝绸,,CNY
6.9,7.07,6.89,6.91,16266320.0,002404.SZ,2026-03-31,嘉欣丝绸,,CNY
6.97,7.06,6.95,7.05,11999302.0,002404.SZ,2026-04-01,嘉欣丝绸,,CNY
7.03,7.07,6.92,6.98,9284100.0,002404.SZ,2026-04-02,嘉欣丝绸,,CNY
6.98,7.0,6.66,6.68,8112500.0,002404.SZ,2026-04-03,嘉欣丝绸,,CNY
6.68,6.87,6.66,6.82,6305544.0,002404.SZ,2026-04-07,嘉欣丝绸,,CNY
6.91,6.97,6.85,6.96,7427344.0,002404.SZ,2026-04-08,嘉欣丝绸,,CNY
6.94,7.0,6.87,6.91,6002300.0,002404.SZ,2026-04-09,嘉欣丝绸,,CNY
6.92,7.01,6.88,6.96,7563495.0,002404.SZ,2026-04-10,嘉欣丝绸,,CNY
6.96,6.97,6.86,6.9,5555250.0,002404.SZ,2026-04-13,嘉欣丝绸,,CNY
6.91,6.94,6.81,6.92,5879700.0,002404.SZ,2026-04-14,嘉欣丝绸,,CNY
6.9,6.92,6.82,6.85,5423750.0,002404.SZ,2026-04-15,嘉欣丝绸,,CNY
6.88,6.98,6.82,6.97,5491452.0,002404.SZ,2026-04-16,嘉欣丝绸,,CNY
6.95,6.99,6.84,6.9,5556650.0,002404.SZ,2026-04-17,嘉欣丝绸,,CNY
6.9,7.0,6.86,7.0,6705144.0,002404.SZ,2026-04-20,嘉欣丝绸,,CNY
6.98,7.04,6.97,7.03,5427850.0,002404.SZ,2026-04-21,嘉欣丝绸,,CNY
7.01,7.02,6.92,6.97,5356700.0,002404.SZ,2026-04-22,嘉欣丝绸,,CNY
7.11,7.15,6.9,6.96,8947950.0,002404.SZ,2026-04-23,嘉欣丝绸,,CNY
6.96,7.04,6.86,7.02,8769300.0,002404.SZ,2026-04-24,嘉欣丝绸,,CNY
7.0,7.04,6.75,7.0,12286949.0,002404.SZ,2026-04-27,嘉欣丝绸,,CNY
7.0,7.17,7.0,7.11,12535650.0,002404.SZ,2026-04-28,嘉欣丝绸,,CNY
7.11,7.25,7.06,7.22,10457030.0,002404.SZ,2026-04-29,嘉欣丝绸,,CNY
6.92,7.11,6.91,7.04,10953412.0,002404.SZ,2026-04-30,嘉欣丝绸,,CNY
10.68,10.92,10.63,10.68,83914727.0,002405.SZ,2026-03-02,四维图新,,CNY
10.73,11.0,10.0,10.06,142964558.0,002405.SZ,2026-03-03,四维图新,,CNY
9.97,10.24,9.94,10.13,71580550.0,002405.SZ,2026-03-04,四维图新,,CNY
10.33,10.88,10.32,10.78,133790005.0,002405.SZ,2026-03-05,四维图新,,CNY
10.72,10.74,10.51,10.55,69130456.0,002405.SZ,2026-03-06,四维图新,,CNY
10.35,10.82,10.07,10.75,106790024.0,002405.SZ,2026-03-09,四维图新,,CNY
10.82,10.99,10.81,10.91,77595261.0,002405.SZ,2026-03-10,四维图新,,CNY
10.91,11.25,10.85,10.99,92712377.0,002405.SZ,2026-03-11,四维图新,,CNY
11.0,11.06,10.81,10.93,61389815.0,002405.SZ,2026-03-12,四维图新,,CNY
10.82,11.38,10.71,10.9,132087919.0,002405.SZ,2026-03-13,四维图新,,CNY
10.86,10.89,10.42,10.75,81172374.0,002405.SZ,2026-03-16,四维图新,,CNY
10.85,11.33,10.61,10.8,133493051.0,002405.SZ,2026-03-17,四维图新,,CNY
10.78,10.91,10.56,10.67,80383060.0,002405.SZ,2026-03-18,四维图新,,CNY
10.48,11.73,10.31,11.18,236018549.0,002405.SZ,2026-03-19,四维图新,,CNY
11.4,11.52,10.71,10.71,171898297.0,002405.SZ,2026-03-20,四维图新,,CNY
10.52,10.55,9.84,9.95,157208778.0,002405.SZ,2026-03-23,四维图新,,CNY
10.16,10.22,9.62,10.1,117502466.0,002405.SZ,2026-03-24,四维图新,,CNY
10.08,10.66,10.07,10.18,124391550.0,002405.SZ,2026-03-25,四维图新,,CNY
10.1,10.1,9.49,9.51,127685003.0,002405.SZ,2026-03-26,四维图新,,CNY
9.44,9.72,9.32,9.59,68947282.0,002405.SZ,2026-03-27,四维图新,,CNY
9.4,9.52,9.06,9.49,81018861.0,002405.SZ,2026-03-30,四维图新,,CNY
9.48,9.57,9.24,9.26,54153862.0,002405.SZ,2026-03-31,四维图新,,CNY
9.47,9.58,9.38,9.42,59290164.0,002405.SZ,2026-04-01,四维图新,,CNY
9.42,9.47,9.0,9.04,69248137.0,002405.SZ,2026-04-02,四维图新,,CNY
9.14,9.19,8.88,8.91,43083763.0,002405.SZ,2026-04-03,四维图新,,CNY
9.01,9.05,8.78,8.89,40332322.0,002405.SZ,2026-04-07,四维图新,,CNY
9.13,9.34,9.12,9.33,66361582.0,002405.SZ,2026-04-08,四维图新,,CNY
9.19,9.22,9.02,9.05,55631320.0,002405.SZ,2026-04-09,四维图新,,CNY
9.13,9.28,9.1,9.11,47226025.0,002405.SZ,2026-04-10,四维图新,,CNY
9.02,9.13,9.0,9.07,34283396.0,002405.SZ,2026-04-13,四维图新,,CNY
9.19,9.22,8.99,9.12,62942926.0,002405.SZ,2026-04-14,四维图新,,CNY
9.19,9.24,8.94,8.98,58358397.0,002405.SZ,2026-04-15,四维图新,,CNY
9.03,9.22,9.01,9.14,58320889.0,002405.SZ,2026-04-16,四维图新,,CNY
9.09,9.16,9.0,9.12,44498786.0,002405.SZ,2026-04-17,四维图新,,CNY
9.2,9.29,9.15,9.27,54940771.0,002405.SZ,2026-04-20,四维图新,,CNY
9.2,9.26,9.06,9.1,41708483.0,002405.SZ,2026-04-21,四维图新,,CNY
9.11,9.21,9.04,9.19,40626621.0,002405.SZ,2026-04-22,四维图新,,CNY
9.2,9.32,9.1,9.17,55422720.0,002405.SZ,2026-04-23,四维图新,,CNY
9.08,9.15,8.96,9.05,46178525.0,002405.SZ,2026-04-24,四维图新,,CNY
9.05,9.1,8.87,9.05,46829151.0,002405.SZ,2026-04-27,四维图新,,CNY
9.01,9.02,8.68,8.75,61168116.0,002405.SZ,2026-04-28,四维图新,,CNY
8.75,8.96,8.72,8.9,48037449.0,002405.SZ,2026-04-29,四维图新,,CNY
8.9,9.05,8.8,9.03,52873623.0,002405.SZ,2026-04-30,四维图新,,CNY
7.33,7.36,7.06,7.11,25206400.0,002412.SZ,2026-03-02,汉森制药,,CNY
7.1,7.21,6.96,6.97,19913013.0,002412.SZ,2026-03-03,汉森制药,,CNY
6.91,6.97,6.75,6.83,19592780.0,002412.SZ,2026-03-04,汉森制药,,CNY
6.94,6.95,6.8,6.84,14352256.0,002412.SZ,2026-03-05,汉森制药,,CNY
6.81,6.99,6.77,6.99,17467944.0,002412.SZ,2026-03-06,汉森制药,,CNY
6.88,7.04,6.83,7.0,14384170.0,002412.SZ,2026-03-09,汉森制药,,CNY
7.0,7.06,6.98,7.02,13524902.0,002412.SZ,2026-03-10,汉森制药,,CNY
7.02,7.03,6.93,6.97,10690081.0,002412.SZ,2026-03-11,汉森制药,,CNY
6.99,6.99,6.91,6.92,10752800.0,002412.SZ,2026-03-12,汉森制药,,CNY
6.92,7.04,6.89,6.91,14521470.0,002412.SZ,2026-03-13,汉森制药,,CNY
6.88,6.99,6.86,6.99,10298676.0,002412.SZ,2026-03-16,汉森制药,,CNY
7.0,7.01,6.84,6.86,9879220.0,002412.SZ,2026-03-17,汉森制药,,CNY
6.86,6.96,6.78,6.96,9228750.0,002412.SZ,2026-03-18,汉森制药,,CNY
6.91,6.91,6.73,6.76,9101800.0,002412.SZ,2026-03-19,汉森制药,,CNY
6.77,6.82,6.57,6.58,9940510.0,002412.SZ,2026-03-20,汉森制药,,CNY
6.48,6.48,6.04,6.07,13684132.0,002412.SZ,2026-03-23,汉森制药,,CNY
6.19,6.36,6.12,6.36,12667698.0,002412.SZ,2026-03-24,汉森制药,,CNY
6.4,6.43,6.35,6.4,9493025.0,002412.SZ,2026-03-25,汉森制药,,CNY
6.37,6.51,6.31,6.33,8098129.0,002412.SZ,2026-03-26,汉森制药,,CNY
6.29,6.55,6.23,6.55,10209519.0,002412.SZ,2026-03-27,汉森制药,,CNY
6.51,6.74,6.46,6.73,12371753.0,002412.SZ,2026-03-30,汉森制药,,CNY
6.73,6.82,6.65,6.67,9528134.0,002412.SZ,2026-03-31,汉森制药,,CNY
6.71,6.89,6.62,6.88,13325062.0,002412.SZ,2026-04-01,汉森制药,,CNY
6.92,7.04,6.87,6.95,17244783.0,002412.SZ,2026-04-02,汉森制药,,CNY
7.0,7.01,6.71,6.73,17132883.0,002412.SZ,2026-04-03,汉森制药,,CNY
6.75,6.96,6.57,6.9,13790122.0,002412.SZ,2026-04-07,汉森制药,,CNY
6.9,7.02,6.84,6.86,14158198.0,002412.SZ,2026-04-08,汉森制药,,CNY
6.84,7.03,6.65,6.68,19433031.0,002412.SZ,2026-04-09,汉森制药,,CNY
6.77,6.8,6.61,6.7,11161970.0,002412.SZ,2026-04-10,汉森制药,,CNY
6.67,6.67,6.49,6.54,10863937.0,002412.SZ,2026-04-13,汉森制药,,CNY
6.55,6.6,6.48,6.6,8823630.0,002412.SZ,2026-04-14,汉森制药,,CNY
6.63,6.8,6.56,6.72,15826479.0,002412.SZ,2026-04-15,汉森制药,,CNY
6.72,6.83,6.66,6.83,11787444.0,002412.SZ,2026-04-16,汉森制药,,CNY
6.8,6.8,6.58,6.62,12274350.0,002412.SZ,2026-04-17,汉森制药,,CNY
6.61,6.61,6.5,6.58,8609960.0,002412.SZ,2026-04-20,汉森制药,,CNY
6.57,6.63,6.47,6.52,7236791.0,002412.SZ,2026-04-21,汉森制药,,CNY
6.5,6.52,6.42,6.5,7825200.0,002412.SZ,2026-04-22,汉森制药,,CNY
6.48,6.5,6.38,6.45,7352700.0,002412.SZ,2026-04-23,汉森制药,,CNY
6.41,6.46,6.35,6.44,5904511.0,002412.SZ,2026-04-24,汉森制药,,CNY
6.42,6.51,6.32,6.49,9377121.0,002412.SZ,2026-04-27,汉森制药,,CNY
6.9,7.14,6.82,7.14,26969929.0,002412.SZ,2026-04-28,汉森制药,,CNY
7.14,7.15,6.92,7.01,49669703.0,002412.SZ,2026-04-29,汉森制药,,CNY
6.99,7.11,6.92,6.99,30428240.0,002412.SZ,2026-04-30,汉森制药,,CNY
15.48,16.36,15.11,16.36,182365526.0,002413.SZ,2026-03-02,雷科防务,,CNY
17.5,17.5,16.11,16.13,516725676.0,002413.SZ,2026-03-03,雷科防务,,CNY
14.81,16.5,14.81,16.07,306670135.0,002413.SZ,2026-03-04,雷科防务,,CNY
16.07,16.71,15.18,16.31,319100626.0,002413.SZ,2026-03-05,雷科防务,,CNY
15.85,16.08,15.6,15.64,205472997.0,002413.SZ,2026-03-06,雷科防务,,CNY
15.29,16.19,15.29,15.66,159098389.0,002413.SZ,2026-03-09,雷科防务,,CNY
15.5,16.12,15.48,15.78,160570554.0,002413.SZ,2026-03-10,雷科防务,,CNY
15.59,15.76,15.22,15.27,166133907.0,002413.SZ,2026-03-11,雷科防务,,CNY
15.15,15.18,14.23,14.43,178444280.0,002413.SZ,2026-03-12,雷科防务,,CNY
14.14,14.39,13.8,13.84,126878287.0,002413.SZ,2026-03-13,雷科防务,,CNY
13.74,14.05,13.7,13.99,89777765.0,002413.SZ,2026-03-16,雷科防务,,CNY
14.12,14.28,13.53,13.57,94213248.0,002413.SZ,2026-03-17,雷科防务,,CNY
13.7,14.07,13.32,14.06,129356545.0,002413.SZ,2026-03-18,雷科防务,,CNY
13.84,13.9,13.4,13.5,98332922.0,002413.SZ,2026-03-19,雷科防务,,CNY
13.61,13.66,12.73,12.79,109915715.0,002413.SZ,2026-03-20,雷科防务,,CNY
12.37,12.89,12.15,12.25,104454908.0,002413.SZ,2026-03-23,雷科防务,,CNY
12.53,12.6,12.15,12.57,106262840.0,002413.SZ,2026-03-24,雷科防务,,CNY
12.59,12.86,12.59,12.83,94318214.0,002413.SZ,2026-03-25,雷科防务,,CNY
13.0,13.09,12.4,12.6,118462649.0,002413.SZ,2026-03-26,雷科防务,,CNY
12.35,12.8,12.28,12.73,86915780.0,002413.SZ,2026-03-27,雷科防务,,CNY
12.58,13.5,12.54,13.4,185954598.0,002413.SZ,2026-03-30,雷科防务,,CNY
13.3,13.98,13.22,13.45,186772425.0,002413.SZ,2026-03-31,雷科防务,,CNY
13.57,13.67,12.91,13.09,136186339.0,002413.SZ,2026-04-01,雷科防务,,CNY
13.0,14.38,12.97,13.58,217663527.0,002413.SZ,2026-04-02,雷科防务,,CNY
13.22,13.58,12.71,12.8,138291939.0,002413.SZ,2026-04-03,雷科防务,,CNY
12.59,13.15,12.59,12.99,90374645.0,002413.SZ,2026-04-07,雷科防务,,CNY
13.2,13.55,13.1,13.52,127190579.0,002413.SZ,2026-04-08,雷科防务,,CNY
13.36,13.85,13.27,13.47,119070308.0,002413.SZ,2026-04-09,雷科防务,,CNY
13.52,13.61,13.2,13.22,103558572.0,002413.SZ,2026-04-10,雷科防务,,CNY
13.02,13.2,12.96,13.09,65781813.0,002413.SZ,2026-04-13,雷科防务,,CNY
13.15,13.39,12.92,13.38,119140390.0,002413.SZ,2026-04-14,雷科防务,,CNY
13.43,13.82,13.4,13.48,150904991.0,002413.SZ,2026-04-15,雷科防务,,CNY
13.43,13.69,13.18,13.59,107937500.0,002413.SZ,2026-04-16,雷科防务,,CNY
13.55,13.65,13.32,13.51,86383925.0,002413.SZ,2026-04-17,雷科防务,,CNY
13.52,14.09,13.52,14.08,188281365.0,002413.SZ,2026-04-20,雷科防务,,CNY
14.1,14.36,13.75,14.15,175995946.0,002413.SZ,2026-04-21,雷科防务,,CNY
13.9,15.5,13.68,14.95,293949123.0,002413.SZ,2026-04-22,雷科防务,,CNY
14.61,14.8,14.05,14.1,202644108.0,002413.SZ,2026-04-23,雷科防务,,CNY
13.95,14.18,13.51,13.55,113201686.0,002413.SZ,2026-04-24,雷科防务,,CNY
13.5,13.53,13.14,13.22,85932143.0,002413.SZ,2026-04-27,雷科防务,,CNY
13.16,13.16,12.6,12.63,95482960.0,002413.SZ,2026-04-28,雷科防务,,CNY
12.66,12.85,12.66,12.74,63711845.0,002413.SZ,2026-04-29,雷科防务,,CNY
12.95,13.23,12.86,13.14,84750094.0,002413.SZ,2026-04-30,雷科防务,,CNY
14.09,14.27,13.6,13.98,49443248.0,002416.SZ,2026-03-02,爱施德,,CNY
14.0,14.18,13.38,13.45,37617166.0,002416.SZ,2026-03-03,爱施德,,CNY
13.2,13.7,13.15,13.35,27933807.0,002416.SZ,2026-03-04,爱施德,,CNY
13.58,13.71,13.39,13.5,22390218.0,002416.SZ,2026-03-05,爱施德,,CNY
13.38,13.45,13.23,13.29,20049586.0,002416.SZ,2026-03-06,爱施德,,CNY
12.96,12.96,12.39,12.76,50776674.0,002416.SZ,2026-03-09,爱施德,,CNY
12.88,13.43,12.81,13.37,40125183.0,002416.SZ,2026-03-10,爱施德,,CNY
13.4,13.55,13.31,13.42,26149472.0,002416.SZ,2026-03-11,爱施德,,CNY
13.31,13.42,13.14,13.21,17609196.0,002416.SZ,2026-03-12,爱施德,,CNY
13.13,13.76,13.05,13.48,32473723.0,002416.SZ,2026-03-13,爱施德,,CNY
13.43,13.54,13.26,13.41,19922892.0,002416.SZ,2026-03-16,爱施德,,CNY
13.45,13.61,13.25,13.26,21336364.0,002416.SZ,2026-03-17,爱施德,,CNY
13.3,13.39,13.17,13.36,15111337.0,002416.SZ,2026-03-18,爱施德,,CNY
13.15,13.39,13.02,13.19,20522029.0,002416.SZ,2026-03-19,爱施德,,CNY
13.26,13.44,12.74,12.78,26505960.0,002416.SZ,2026-03-20,爱施德,,CNY
12.41,12.5,11.66,11.82,44310868.0,002416.SZ,2026-03-23,爱施德,,CNY
11.98,12.19,11.68,12.13,28104316.0,002416.SZ,2026-03-24,爱施德,,CNY
12.21,12.67,12.11,12.51,30764899.0,002416.SZ,2026-03-25,爱施德,,CNY
12.47,12.83,12.4,12.5,21711713.0,002416.SZ,2026-03-26,爱施德,,CNY
12.34,12.98,12.3,12.9,25889488.0,002416.SZ,2026-03-27,爱施德,,CNY
12.62,13.16,12.47,13.13,29011942.0,002416.SZ,2026-03-30,爱施德,,CNY
13.09,13.53,12.97,13.06,23617270.0,002416.SZ,2026-03-31,爱施德,,CNY
13.3,13.32,12.78,12.86,24080700.0,002416.SZ,2026-04-01,爱施德,,CNY
12.8,12.89,12.61,12.7,13142661.0,002416.SZ,2026-04-02,爱施德,,CNY
12.75,13.12,12.47,12.82,21473702.0,002416.SZ,2026-04-03,爱施德,,CNY
12.84,13.02,12.76,12.83,13977400.0,002416.SZ,2026-04-07,爱施德,,CNY
13.06,13.28,13.01,13.27,24059182.0,002416.SZ,2026-04-08,爱施德,,CNY
13.12,13.43,13.07,13.24,18464257.0,002416.SZ,2026-04-09,爱施德,,CNY
13.43,13.52,13.29,13.33,26919189.0,002416.SZ,2026-04-10,爱施德,,CNY
13.47,13.97,13.4,13.58,33828614.0,002416.SZ,2026-04-13,爱施德,,CNY
13.59,13.66,13.13,13.23,31214593.0,002416.SZ,2026-04-14,爱施德,,CNY
13.35,13.61,13.28,13.42,32028247.0,002416.SZ,2026-04-15,爱施德,,CNY
13.4,13.68,13.36,13.62,25665078.0,002416.SZ,2026-04-16,爱施德,,CNY
13.58,13.94,13.5,13.8,30545354.0,002416.SZ,2026-04-17,爱施德,,CNY
14.5,14.5,13.6,13.62,94116687.0,002416.SZ,2026-04-20,爱施德,,CNY
13.49,13.6,13.26,13.3,46317594.0,002416.SZ,2026-04-21,爱施德,,CNY
13.22,13.88,13.15,13.48,40845656.0,002416.SZ,2026-04-22,爱施德,,CNY
13.44,14.33,13.36,13.55,64796975.0,002416.SZ,2026-04-23,爱施德,,CNY
13.42,13.69,13.27,13.43,28634698.0,002416.SZ,2026-04-24,爱施德,,CNY
13.15,13.29,12.81,13.15,36762122.0,002416.SZ,2026-04-27,爱施德,,CNY
13.45,13.9,13.39,13.47,40219721.0,002416.SZ,2026-04-28,爱施德,,CNY
13.33,13.79,13.28,13.72,32948578.0,002416.SZ,2026-04-29,爱施德,,CNY
13.67,13.84,13.54,13.77,26391287.0,002416.SZ,2026-04-30,爱施德,,CNY
4.92,5.03,4.88,4.94,48390562.0,002418.SZ,2026-03-02,康盛股份,,CNY
4.94,4.99,4.76,4.77,55494400.0,002418.SZ,2026-03-03,康盛股份,,CNY
4.71,4.84,4.68,4.77,33144426.0,002418.SZ,2026-03-04,康盛股份,,CNY
4.83,4.99,4.82,4.96,53095600.0,002418.SZ,2026-03-05,康盛股份,,CNY
4.91,5.02,4.9,4.97,41036800.0,002418.SZ,2026-03-06,康盛股份,,CNY
4.91,4.92,4.75,4.9,52185200.0,002418.SZ,2026-03-09,康盛股份,,CNY
4.95,5.09,4.95,5.04,80704808.0,002418.SZ,2026-03-10,康盛股份,,CNY
5.05,5.17,5.0,5.13,123053800.0,002418.SZ,2026-03-11,康盛股份,,CNY
5.11,5.14,4.95,4.99,62283000.0,002418.SZ,2026-03-12,康盛股份,,CNY
4.97,5.05,4.87,4.95,53844100.0,002418.SZ,2026-03-13,康盛股份,,CNY
4.93,5.02,4.83,5.02,55013100.0,002418.SZ,2026-03-16,康盛股份,,CNY
5.03,5.04,4.56,4.58,145807400.0,002418.SZ,2026-03-17,康盛股份,,CNY
4.65,4.79,4.56,4.72,63774000.0,002418.SZ,2026-03-18,康盛股份,,CNY
4.62,4.66,4.53,4.56,58411100.0,002418.SZ,2026-03-19,康盛股份,,CNY
4.56,4.59,4.31,4.31,63623100.0,002418.SZ,2026-03-20,康盛股份,,CNY
4.18,4.21,3.96,3.99,68054500.0,002418.SZ,2026-03-23,康盛股份,,CNY
4.12,4.19,3.95,4.18,50041000.0,002418.SZ,2026-03-24,康盛股份,,CNY
4.21,4.6,4.18,4.6,89826203.0,002418.SZ,2026-03-25,康盛股份,,CNY
4.57,4.68,4.47,4.6,104495603.0,002418.SZ,2026-03-26,康盛股份,,CNY
4.55,4.73,4.49,4.68,66590800.0,002418.SZ,2026-03-27,康盛股份,,CNY
4.65,4.91,4.62,4.82,78407300.0,002418.SZ,2026-03-30,康盛股份,,CNY
4.77,4.88,4.7,4.76,57642399.0,002418.SZ,2026-03-31,康盛股份,,CNY
4.83,4.86,4.73,4.8,53841417.0,002418.SZ,2026-04-01,康盛股份,,CNY
4.76,4.8,4.53,4.56,68345400.0,002418.SZ,2026-04-02,康盛股份,,CNY
4.58,4.67,4.49,4.54,45612700.0,002418.SZ,2026-04-03,康盛股份,,CNY
4.51,4.73,4.51,4.65,45666240.0,002418.SZ,2026-04-07,康盛股份,,CNY
4.79,5.04,4.79,5.01,102067700.0,002418.SZ,2026-04-08,康盛股份,,CNY
4.98,5.25,4.94,5.17,149975420.0,002418.SZ,2026-04-09,康盛股份,,CNY
5.16,5.69,5.11,5.69,143715123.0,002418.SZ,2026-04-10,康盛股份,,CNY
5.89,6.26,5.88,6.26,185057754.0,002418.SZ,2026-04-13,康盛股份,,CNY
6.21,6.29,5.93,6.1,375478555.0,002418.SZ,2026-04-14,康盛股份,,CNY
5.99,6.08,5.49,5.5,325271786.0,002418.SZ,2026-04-15,康盛股份,,CNY
5.5,5.76,5.47,5.63,264131964.0,002418.SZ,2026-04-16,康盛股份,,CNY
5.57,6.19,5.5,6.19,239156480.0,002418.SZ,2026-04-17,康盛股份,,CNY
6.81,6.81,6.8,6.81,62809023.0,002418.SZ,2026-04-20,康盛股份,,CNY
6.9,7.08,6.13,6.13,418965846.0,002418.SZ,2026-04-21,康盛股份,,CNY
5.97,6.74,5.93,6.74,336389699.0,002418.SZ,2026-04-22,康盛股份,,CNY
6.91,7.12,6.44,6.51,387095562.0,002418.SZ,2026-04-23,康盛股份,,CNY
6.51,6.61,5.94,6.15,268542948.0,002418.SZ,2026-04-24,康盛股份,,CNY
5.94,6.12,5.78,5.99,174561692.0,002418.SZ,2026-04-27,康盛股份,,CNY
5.94,5.95,5.58,5.69,151227447.0,002418.SZ,2026-04-28,康盛股份,,CNY
5.68,6.23,5.63,5.86,205985200.0,002418.SZ,2026-04-29,康盛股份,,CNY
5.87,5.89,5.57,5.64,134419100.0,002418.SZ,2026-04-30,康盛股份,,CNY
8.45,8.55,8.24,8.41,18839420.0,002420.SZ,2026-03-02,毅昌科技,,CNY
8.43,8.5,8.12,8.13,14426000.0,002420.SZ,2026-03-03,毅昌科技,,CNY
8.12,8.19,7.99,8.06,13345640.0,002420.SZ,2026-03-04,毅昌科技,,CNY
8.22,8.27,8.1,8.16,7900600.0,002420.SZ,2026-03-05,毅昌科技,,CNY
8.17,8.3,8.1,8.24,8376100.0,002420.SZ,2026-03-06,毅昌科技,,CNY
8.15,8.15,7.96,8.06,10757000.0,002420.SZ,2026-03-09,毅昌科技,,CNY
8.13,8.24,8.13,8.24,7701032.0,002420.SZ,2026-03-10,毅昌科技,,CNY
8.24,8.3,8.04,8.12,10296200.0,002420.SZ,2026-03-11,毅昌科技,,CNY
8.11,8.23,7.94,7.96,11055032.0,002420.SZ,2026-03-12,毅昌科技,,CNY
7.97,8.09,7.9,7.96,9653300.0,002420.SZ,2026-03-13,毅昌科技,,CNY
7.91,8.17,7.91,8.13,14590106.0,002420.SZ,2026-03-16,毅昌科技,,CNY
8.16,8.22,7.92,7.92,9833400.0,002420.SZ,2026-03-17,毅昌科技,,CNY
7.95,8.01,7.81,7.98,9493300.0,002420.SZ,2026-03-18,毅昌科技,,CNY
7.93,7.94,7.62,7.68,12096005.0,002420.SZ,2026-03-19,毅昌科技,,CNY
7.68,7.75,7.41,7.43,10031800.0,002420.SZ,2026-03-20,毅昌科技,,CNY
7.32,7.32,6.7,6.8,21121401.0,002420.SZ,2026-03-23,毅昌科技,,CNY
6.98,7.18,6.78,7.17,20200106.0,002420.SZ,2026-03-24,毅昌科技,,CNY
7.27,7.34,7.21,7.33,11061300.0,002420.SZ,2026-03-25,毅昌科技,,CNY
7.33,7.38,7.18,7.24,8001700.0,002420.SZ,2026-03-26,毅昌科技,,CNY
7.2,7.32,7.08,7.29,6752300.0,002420.SZ,2026-03-27,毅昌科技,,CNY
7.2,7.36,7.16,7.36,7156700.0,002420.SZ,2026-03-30,毅昌科技,,CNY
7.34,7.44,7.21,7.22,6838300.0,002420.SZ,2026-03-31,毅昌科技,,CNY
7.36,7.43,7.22,7.32,10094400.0,002420.SZ,2026-04-01,毅昌科技,,CNY
7.3,7.35,7.09,7.22,9813000.0,002420.SZ,2026-04-02,毅昌科技,,CNY
7.23,7.26,7.02,7.08,7596500.0,002420.SZ,2026-04-03,毅昌科技,,CNY
7.11,7.38,7.0,7.35,9289100.0,002420.SZ,2026-04-07,毅昌科技,,CNY
7.49,7.68,7.45,7.67,8810200.0,002420.SZ,2026-04-08,毅昌科技,,CNY
7.6,7.67,7.48,7.53,7559000.0,002420.SZ,2026-04-09,毅昌科技,,CNY
7.64,7.82,7.59,7.68,14407600.0,002420.SZ,2026-04-10,毅昌科技,,CNY
7.68,7.86,7.54,7.68,9954000.0,002420.SZ,2026-04-13,毅昌科技,,CNY
7.76,7.8,7.61,7.72,9470400.0,002420.SZ,2026-04-14,毅昌科技,,CNY
7.75,7.75,7.62,7.64,6814900.0,002420.SZ,2026-04-15,毅昌科技,,CNY
7.63,7.81,7.61,7.8,7685600.0,002420.SZ,2026-04-16,毅昌科技,,CNY
7.79,7.8,7.65,7.77,8370600.0,002420.SZ,2026-04-17,毅昌科技,,CNY
7.77,7.94,7.74,7.94,9874763.0,002420.SZ,2026-04-20,毅昌科技,,CNY
7.95,7.97,7.83,7.91,8403000.0,002420.SZ,2026-04-21,毅昌科技,,CNY
7.85,7.88,7.79,7.85,6994900.0,002420.SZ,2026-04-22,毅昌科技,,CNY
7.86,7.92,7.66,7.68,9426423.0,002420.SZ,2026-04-23,毅昌科技,,CNY
7.71,7.83,7.6,7.73,10119100.0,002420.SZ,2026-04-24,毅昌科技,,CNY
7.66,7.67,6.98,7.39,31608184.0,002420.SZ,2026-04-27,毅昌科技,,CNY
7.35,7.38,7.19,7.25,15829700.0,002420.SZ,2026-04-28,毅昌科技,,CNY
7.26,7.44,7.12,7.36,14665300.0,002420.SZ,2026-04-29,毅昌科技,,CNY
7.3,7.4,7.28,7.32,9382501.0,002420.SZ,2026-04-30,毅昌科技,,CNY
5.63,5.64,5.5,5.51,32038381.0,002419.SZ,2026-03-02,天虹股份,,CNY
5.53,5.57,5.45,5.45,17291204.0,002419.SZ,2026-03-03,天虹股份,,CNY
5.45,5.47,5.33,5.35,15667929.0,002419.SZ,2026-03-04,天虹股份,,CNY
5.42,5.46,5.39,5.41,11237383.0,002419.SZ,2026-03-05,天虹股份,,CNY
5.38,5.54,5.33,5.54,13116797.0,002419.SZ,2026-03-06,天虹股份,,CNY
5.49,5.52,5.42,5.49,16151480.0,002419.SZ,2026-03-09,天虹股份,,CNY
5.5,5.55,5.48,5.54,17627368.0,002419.SZ,2026-03-10,天虹股份,,CNY
5.54,5.58,5.5,5.55,12957731.0,002419.SZ,2026-03-11,天虹股份,,CNY
5.55,5.66,5.53,5.6,18932029.0,002419.SZ,2026-03-12,天虹股份,,CNY
5.63,5.78,5.61,5.64,33103344.0,002419.SZ,2026-03-13,天虹股份,,CNY
5.69,5.8,5.69,5.78,39157582.0,002419.SZ,2026-03-16,天虹股份,,CNY
5.78,5.87,5.74,5.77,34772350.0,002419.SZ,2026-03-17,天虹股份,,CNY
5.73,5.76,5.68,5.73,16580865.0,002419.SZ,2026-03-18,天虹股份,,CNY
5.69,5.77,5.67,5.7,21018958.0,002419.SZ,2026-03-19,天虹股份,,CNY
5.68,5.81,5.64,5.66,24463794.0,002419.SZ,2026-03-20,天虹股份,,CNY
5.5,5.52,5.13,5.2,45572687.0,002419.SZ,2026-03-23,天虹股份,,CNY
5.28,5.34,5.16,5.34,21673650.0,002419.SZ,2026-03-24,天虹股份,,CNY
5.34,5.59,5.31,5.56,23702553.0,002419.SZ,2026-03-25,天虹股份,,CNY
5.55,5.76,5.55,5.62,33949571.0,002419.SZ,2026-03-26,天虹股份,,CNY
5.57,5.73,5.55,5.68,21346962.0,002419.SZ,2026-03-27,天虹股份,,CNY
5.61,5.83,5.61,5.75,24818049.0,002419.SZ,2026-03-30,天虹股份,,CNY
5.75,5.8,5.7,5.72,20326000.0,002419.SZ,2026-03-31,天虹股份,,CNY
5.77,5.78,5.64,5.71,17348671.0,002419.SZ,2026-04-01,天虹股份,,CNY
5.68,5.79,5.65,5.71,21396600.0,002419.SZ,2026-04-02,天虹股份,,CNY
5.67,5.71,5.46,5.49,20517626.0,002419.SZ,2026-04-03,天虹股份,,CNY
5.47,5.67,5.46,5.66,16801133.0,002419.SZ,2026-04-07,天虹股份,,CNY
5.7,5.75,5.65,5.69,26875848.0,002419.SZ,2026-04-08,天虹股份,,CNY
5.68,5.72,5.57,5.63,21231799.0,002419.SZ,2026-04-09,天虹股份,,CNY
5.66,5.7,5.63,5.66,15662652.0,002419.SZ,2026-04-10,天虹股份,,CNY
5.6,5.77,5.58,5.74,23500263.0,002419.SZ,2026-04-13,天虹股份,,CNY
5.74,5.79,5.69,5.79,23901835.0,002419.SZ,2026-04-14,天虹股份,,CNY
5.78,5.86,5.72,5.75,21005696.0,002419.SZ,2026-04-15,天虹股份,,CNY
5.75,5.78,5.69,5.78,19027362.0,002419.SZ,2026-04-16,天虹股份,,CNY
5.76,5.9,5.71,5.83,40483946.0,002419.SZ,2026-04-17,天虹股份,,CNY
5.79,5.82,5.68,5.79,24000206.0,002419.SZ,2026-04-20,天虹股份,,CNY
5.78,5.87,5.75,5.82,19384349.0,002419.SZ,2026-04-21,天虹股份,,CNY
5.79,5.81,5.68,5.71,20730665.0,002419.SZ,2026-04-22,天虹股份,,CNY
5.72,5.72,5.54,5.65,26359483.0,002419.SZ,2026-04-23,天虹股份,,CNY
5.6,5.62,5.46,5.56,21318983.0,002419.SZ,2026-04-24,天虹股份,,CNY
5.55,5.7,5.53,5.65,25739583.0,002419.SZ,2026-04-27,天虹股份,,CNY
5.62,5.66,5.39,5.44,29283950.0,002419.SZ,2026-04-28,天虹股份,,CNY
5.42,5.52,5.42,5.5,15968645.0,002419.SZ,2026-04-29,天虹股份,,CNY
5.5,5.6,5.48,5.51,16119944.0,002419.SZ,2026-04-30,天虹股份,,CNY
9.91,10.05,9.71,9.89,18961980.0,002458.SZ,2026-03-02,益生股份,,CNY
9.85,10.03,9.75,9.78,15179170.0,002458.SZ,2026-03-03,益生股份,,CNY
9.75,9.92,9.72,9.8,11815641.0,002458.SZ,2026-03-04,益生股份,,CNY
9.86,9.9,9.56,9.61,13884110.0,002458.SZ,2026-03-05,益生股份,,CNY
9.6,9.98,9.56,9.93,17459609.0,002458.SZ,2026-03-06,益生股份,,CNY
9.94,10.04,9.76,9.79,13744777.0,002458.SZ,2026-03-09,益生股份,,CNY
9.83,9.95,9.76,9.87,10572108.0,002458.SZ,2026-03-10,益生股份,,CNY
9.88,9.91,9.69,9.87,11373670.0,002458.SZ,2026-03-11,益生股份,,CNY
9.92,10.02,9.74,9.95,13555398.0,002458.SZ,2026-03-12,益生股份,,CNY
9.96,10.03,9.85,9.89,11074420.0,002458.SZ,2026-03-13,益生股份,,CNY
9.97,10.29,9.97,10.11,17405760.0,002458.SZ,2026-03-16,益生股份,,CNY
10.1,10.29,9.87,9.87,14431925.0,002458.SZ,2026-03-17,益生股份,,CNY
9.91,9.96,9.44,9.56,30558544.0,002458.SZ,2026-03-18,益生股份,,CNY
9.5,9.69,9.5,9.57,18197381.0,002458.SZ,2026-03-19,益生股份,,CNY
9.6,9.88,9.56,9.56,16353897.0,002458.SZ,2026-03-20,益生股份,,CNY
9.49,9.5,8.86,8.98,21869067.0,002458.SZ,2026-03-23,益生股份,,CNY
9.09,9.17,8.91,9.15,11868750.0,002458.SZ,2026-03-24,益生股份,,CNY
9.15,9.28,9.08,9.12,12956938.0,002458.SZ,2026-03-25,益生股份,,CNY
9.15,9.27,9.03,9.19,16327014.0,002458.SZ,2026-03-26,益生股份,,CNY
9.0,9.42,9.0,9.4,15018275.0,002458.SZ,2026-03-27,益生股份,,CNY
9.34,9.54,9.3,9.42,14384950.0,002458.SZ,2026-03-30,益生股份,,CNY
9.5,9.52,8.97,8.99,17992129.0,002458.SZ,2026-03-31,益生股份,,CNY
9.07,9.18,9.01,9.1,10277293.0,002458.SZ,2026-04-01,益生股份,,CNY
9.12,9.42,9.06,9.33,14728643.0,002458.SZ,2026-04-02,益生股份,,CNY
9.35,9.39,9.12,9.28,12983395.0,002458.SZ,2026-04-03,益生股份,,CNY
9.25,9.59,9.22,9.48,17369548.0,002458.SZ,2026-04-07,益生股份,,CNY
9.51,9.54,9.36,9.52,16307865.0,002458.SZ,2026-04-08,益生股份,,CNY
9.44,9.53,9.36,9.43,11881389.0,002458.SZ,2026-04-09,益生股份,,CNY
9.52,9.58,9.44,9.48,10478940.0,002458.SZ,2026-04-10,益生股份,,CNY
9.51,9.91,9.43,9.88,19828737.0,002458.SZ,2026-04-13,益生股份,,CNY
9.88,10.05,9.75,10.03,17882643.0,002458.SZ,2026-04-14,益生股份,,CNY
9.97,10.15,9.84,10.09,16209190.0,002458.SZ,2026-04-15,益生股份,,CNY
10.05,10.49,10.05,10.39,22251528.0,002458.SZ,2026-04-16,益生股份,,CNY
10.37,10.45,10.13,10.3,17589280.0,002458.SZ,2026-04-17,益生股份,,CNY
10.25,10.55,9.94,10.44,26577618.0,002458.SZ,2026-04-20,益生股份,,CNY
10.5,11.36,10.44,11.12,36323612.0,002458.SZ,2026-04-21,益生股份,,CNY
11.0,11.35,10.98,11.12,28804747.0,002458.SZ,2026-04-22,益生股份,,CNY
11.09,11.33,10.93,10.97,23328053.0,002458.SZ,2026-04-23,益生股份,,CNY
10.96,11.08,10.85,10.97,17308501.0,002458.SZ,2026-04-24,益生股份,,CNY
11.13,11.34,10.85,10.88,19656350.0,002458.SZ,2026-04-27,益生股份,,CNY
10.85,10.98,10.68,10.8,15736881.0,002458.SZ,2026-04-28,益生股份,,CNY
10.82,11.26,10.68,11.1,23363182.0,002458.SZ,2026-04-29,益生股份,,CNY
11.08,11.28,11.0,11.21,15164580.0,002458.SZ,2026-04-30,益生股份,,CNY
15.49,15.57,15.15,15.3,5972200.0,002462.SZ,2026-03-02,嘉事堂,,CNY
15.32,15.48,15.03,15.05,5595681.0,002462.SZ,2026-03-03,嘉事堂,,CNY
14.91,15.1,14.73,14.83,5303003.0,002462.SZ,2026-03-04,嘉事堂,,CNY
15.06,15.17,14.97,15.05,3827500.0,002462.SZ,2026-03-05,嘉事堂,,CNY
14.9,15.38,14.9,15.35,4410100.0,002462.SZ,2026-03-06,嘉事堂,,CNY
15.13,15.36,15.13,15.33,4103100.0,002462.SZ,2026-03-09,嘉事堂,,CNY
15.38,15.39,15.27,15.37,3408000.0,002462.SZ,2026-03-10,嘉事堂,,CNY
15.34,15.41,15.27,15.33,2946000.0,002462.SZ,2026-03-11,嘉事堂,,CNY
15.36,15.45,15.24,15.32,3559400.0,002462.SZ,2026-03-12,嘉事堂,,CNY
15.27,15.5,15.2,15.37,5483800.0,002462.SZ,2026-03-13,嘉事堂,,CNY
15.22,15.24,14.92,15.0,6270300.0,002462.SZ,2026-03-16,嘉事堂,,CNY
15.06,15.09,14.86,14.87,3586000.0,002462.SZ,2026-03-17,嘉事堂,,CNY
14.87,14.93,14.7,14.92,2796499.0,002462.SZ,2026-03-18,嘉事堂,,CNY
14.8,14.89,14.6,14.62,3358500.0,002462.SZ,2026-03-19,嘉事堂,,CNY
14.57,14.7,14.35,14.36,3480388.0,002462.SZ,2026-03-20,嘉事堂,,CNY
14.19,14.19,13.53,13.57,5751005.0,002462.SZ,2026-03-23,嘉事堂,,CNY
14.01,14.08,13.62,14.01,4875100.0,002462.SZ,2026-03-24,嘉事堂,,CNY
14.11,14.25,14.01,14.22,3221700.0,002462.SZ,2026-03-25,嘉事堂,,CNY
14.22,14.38,13.99,14.03,2935211.0,002462.SZ,2026-03-26,嘉事堂,,CNY
13.89,14.32,13.86,14.32,3015700.0,002462.SZ,2026-03-27,嘉事堂,,CNY
14.21,14.58,14.12,14.53,3256930.0,002462.SZ,2026-03-30,嘉事堂,,CNY
14.53,14.71,14.39,14.4,3030101.0,002462.SZ,2026-03-31,嘉事堂,,CNY
14.55,14.66,14.36,14.62,2961300.0,002462.SZ,2026-04-01,嘉事堂,,CNY
14.62,14.86,14.5,14.62,3519300.0,002462.SZ,2026-04-02,嘉事堂,,CNY
14.62,14.62,14.29,14.32,3858201.0,002462.SZ,2026-04-03,嘉事堂,,CNY
14.32,14.68,14.1,14.68,3475200.0,002462.SZ,2026-04-07,嘉事堂,,CNY
14.77,14.88,14.58,14.74,5496192.0,002462.SZ,2026-04-08,嘉事堂,,CNY
14.68,14.77,14.26,14.34,4375100.0,002462.SZ,2026-04-09,嘉事堂,,CNY
14.37,14.69,14.37,14.57,3770100.0,002462.SZ,2026-04-10,嘉事堂,,CNY
14.58,14.58,14.18,14.24,3765300.0,002462.SZ,2026-04-13,嘉事堂,,CNY
14.44,14.44,14.15,14.39,2861095.0,002462.SZ,2026-04-14,嘉事堂,,CNY
14.47,14.65,14.35,14.56,4228100.0,002462.SZ,2026-04-15,嘉事堂,,CNY
14.49,14.55,14.33,14.51,3630200.0,002462.SZ,2026-04-16,嘉事堂,,CNY
14.5,14.5,14.15,14.25,3230700.0,002462.SZ,2026-04-17,嘉事堂,,CNY
14.21,14.28,14.07,14.25,2951149.0,002462.SZ,2026-04-20,嘉事堂,,CNY
14.2,14.31,14.12,14.16,2441813.0,002462.SZ,2026-04-21,嘉事堂,,CNY
14.11,14.17,13.97,14.02,2701700.0,002462.SZ,2026-04-22,嘉事堂,,CNY
13.97,14.04,13.83,13.94,2420900.0,002462.SZ,2026-04-23,嘉事堂,,CNY
13.89,13.95,13.69,13.85,2407900.0,002462.SZ,2026-04-24,嘉事堂,,CNY
13.88,13.9,13.54,13.88,2771950.0,002462.SZ,2026-04-27,嘉事堂,,CNY
13.85,14.02,13.7,13.82,2611113.0,002462.SZ,2026-04-28,嘉事堂,,CNY
13.75,14.07,13.74,13.97,2982300.0,002462.SZ,2026-04-29,嘉事堂,,CNY
13.97,13.99,13.74,13.8,2894900.0,002462.SZ,2026-04-30,嘉事堂,,CNY
13.46,13.6,13.09,13.57,45595631.0,002468.SZ,2026-03-02,申通快递,,CNY
13.67,14.15,13.35,13.43,35571568.0,002468.SZ,2026-03-03,申通快递,,CNY
13.26,13.39,13.01,13.16,27220129.0,002468.SZ,2026-03-04,申通快递,,CNY
13.46,13.65,13.11,13.17,19353068.0,002468.SZ,2026-03-05,申通快递,,CNY
13.08,13.79,13.02,13.72,31016401.0,002468.SZ,2026-03-06,申通快递,,CNY
13.5,13.6,13.06,13.31,29691601.0,002468.SZ,2026-03-09,申通快递,,CNY
13.47,14.28,13.43,13.98,36886242.0,002468.SZ,2026-03-10,申通快递,,CNY
13.98,14.25,13.86,14.15,24378211.0,002468.SZ,2026-03-11,申通快递,,CNY
14.05,14.16,13.77,14.02,19492000.0,002468.SZ,2026-03-12,申通快递,,CNY
13.99,14.55,13.93,14.13,33220810.0,002468.SZ,2026-03-13,申通快递,,CNY
14.13,14.38,14.03,14.3,26985617.0,002468.SZ,2026-03-16,申通快递,,CNY
14.0,14.26,13.75,13.75,26380260.0,002468.SZ,2026-03-17,申通快递,,CNY
13.8,14.13,13.67,13.98,20391760.0,002468.SZ,2026-03-18,申通快递,,CNY
13.85,14.07,13.76,13.89,17326137.0,002468.SZ,2026-03-19,申通快递,,CNY
13.88,14.35,13.88,14.0,27560767.0,002468.SZ,2026-03-20,申通快递,,CNY
13.75,13.77,12.93,13.1,35945242.0,002468.SZ,2026-03-23,申通快递,,CNY
13.36,13.42,13.0,13.36,27067743.0,002468.SZ,2026-03-24,申通快递,,CNY
13.4,14.35,13.37,14.27,43156922.0,002468.SZ,2026-03-25,申通快递,,CNY
14.26,14.97,14.13,14.91,53391373.0,002468.SZ,2026-03-26,申通快递,,CNY
14.9,15.67,14.85,15.26,51320802.0,002468.SZ,2026-03-27,申通快递,,CNY
15.1,15.36,14.87,14.99,27686074.0,002468.SZ,2026-03-30,申通快递,,CNY
15.04,15.35,14.8,14.82,20137196.0,002468.SZ,2026-03-31,申通快递,,CNY
15.14,15.49,15.0,15.15,24366611.0,002468.SZ,2026-04-01,申通快递,,CNY
15.05,15.26,14.89,15.14,17914800.0,002468.SZ,2026-04-02,申通快递,,CNY
15.2,15.63,14.85,15.4,27607095.0,002468.SZ,2026-04-03,申通快递,,CNY
15.4,15.48,15.09,15.42,21416805.0,002468.SZ,2026-04-07,申通快递,,CNY
15.47,15.8,15.38,15.61,27531151.0,002468.SZ,2026-04-08,申通快递,,CNY
15.39,15.76,15.39,15.52,18308525.0,002468.SZ,2026-04-09,申通快递,,CNY
15.6,15.8,15.42,15.67,21599490.0,002468.SZ,2026-04-10,申通快递,,CNY
15.5,15.6,14.78,15.35,29178566.0,002468.SZ,2026-04-13,申通快递,,CNY
15.31,15.38,14.81,14.9,22150864.0,002468.SZ,2026-04-14,申通快递,,CNY
16.39,16.39,16.39,16.39,9687456.0,002468.SZ,2026-04-15,申通快递,,CNY
18.0,18.03,17.2,18.03,128435970.0,002468.SZ,2026-04-16,申通快递,,CNY
18.01,18.08,17.06,17.18,87538462.0,002468.SZ,2026-04-17,申通快递,,CNY
17.17,17.55,16.9,16.99,42907627.0,002468.SZ,2026-04-20,申通快递,,CNY
17.0,17.31,16.95,17.06,25795159.0,002468.SZ,2026-04-21,申通快递,,CNY
17.03,17.74,16.99,17.5,31574762.0,002468.SZ,2026-04-22,申通快递,,CNY
17.5,18.04,17.27,17.73,30015600.0,002468.SZ,2026-04-23,申通快递,,CNY
17.61,17.78,17.3,17.45,22398698.0,002468.SZ,2026-04-24,申通快递,,CNY
17.41,17.78,17.4,17.53,19336200.0,002468.SZ,2026-04-27,申通快递,,CNY
17.45,17.47,16.44,16.55,37158977.0,002468.SZ,2026-04-28,申通快递,,CNY
16.6,16.88,16.47,16.57,23419581.0,002468.SZ,2026-04-29,申通快递,,CNY
16.58,16.63,16.17,16.35,27655169.0,002468.SZ,2026-04-30,申通快递,,CNY
6.9,7.04,6.67,6.88,45489242.0,002476.SZ,2026-03-02,宝莫股份,,CNY
6.99,7.26,6.94,7.08,68604297.0,002476.SZ,2026-03-03,宝莫股份,,CNY
6.97,6.97,6.37,6.55,46685889.0,002476.SZ,2026-03-04,宝莫股份,,CNY
6.64,7.11,6.54,6.72,33028410.0,002476.SZ,2026-03-05,宝莫股份,,CNY
6.7,6.73,6.56,6.62,25593459.0,002476.SZ,2026-03-06,宝莫股份,,CNY
6.8,6.91,6.5,6.52,29123124.0,002476.SZ,2026-03-09,宝莫股份,,CNY
6.39,6.44,6.26,6.38,26876749.0,002476.SZ,2026-03-10,宝莫股份,,CNY
6.36,6.39,6.2,6.34,18532702.0,002476.SZ,2026-03-11,宝莫股份,,CNY
6.37,6.42,6.28,6.31,14652603.0,002476.SZ,2026-03-12,宝莫股份,,CNY
6.3,6.38,6.12,6.16,16234400.0,002476.SZ,2026-03-13,宝莫股份,,CNY
6.16,6.29,6.13,6.2,10185301.0,002476.SZ,2026-03-16,宝莫股份,,CNY
6.2,6.23,6.04,6.06,12775650.0,002476.SZ,2026-03-17,宝莫股份,,CNY
6.08,6.08,5.9,6.02,11070400.0,002476.SZ,2026-03-18,宝莫股份,,CNY
6.07,6.08,5.83,5.85,12895900.0,002476.SZ,2026-03-19,宝莫股份,,CNY
5.83,6.0,5.74,5.75,14053700.0,002476.SZ,2026-03-20,宝莫股份,,CNY
5.73,5.73,5.42,5.47,17617590.0,002476.SZ,2026-03-23,宝莫股份,,CNY
5.57,5.62,5.46,5.61,16760150.0,002476.SZ,2026-03-24,宝莫股份,,CNY
5.65,5.83,5.59,5.82,16039500.0,002476.SZ,2026-03-25,宝莫股份,,CNY
5.79,5.93,5.64,5.68,10066400.0,002476.SZ,2026-03-26,宝莫股份,,CNY
5.67,5.81,5.58,5.81,8698255.0,002476.SZ,2026-03-27,宝莫股份,,CNY
5.78,5.88,5.72,5.86,9886624.0,002476.SZ,2026-03-30,宝莫股份,,CNY
5.82,5.89,5.73,5.73,9322400.0,002476.SZ,2026-03-31,宝莫股份,,CNY
5.78,5.83,5.72,5.79,6411463.0,002476.SZ,2026-04-01,宝莫股份,,CNY
5.8,5.9,5.76,5.83,9752300.0,002476.SZ,2026-04-02,宝莫股份,,CNY
5.83,5.83,5.61,5.64,9066200.0,002476.SZ,2026-04-03,宝莫股份,,CNY
5.68,6.02,5.65,5.99,18817900.0,002476.SZ,2026-04-07,宝莫股份,,CNY
5.95,6.03,5.86,6.02,16984350.0,002476.SZ,2026-04-08,宝莫股份,,CNY
6.02,6.16,5.98,6.03,12811000.0,002476.SZ,2026-04-09,宝莫股份,,CNY
6.04,6.11,6.0,6.03,8137515.0,002476.SZ,2026-04-10,宝莫股份,,CNY
6.14,6.19,6.03,6.15,12291800.0,002476.SZ,2026-04-13,宝莫股份,,CNY
6.15,6.25,6.09,6.12,10012330.0,002476.SZ,2026-04-14,宝莫股份,,CNY
6.12,6.15,5.94,5.97,10491325.0,002476.SZ,2026-04-15,宝莫股份,,CNY
6.02,6.02,5.9,5.99,7618198.0,002476.SZ,2026-04-16,宝莫股份,,CNY
5.98,6.0,5.88,5.91,7585680.0,002476.SZ,2026-04-17,宝莫股份,,CNY
5.94,5.99,5.88,5.92,7304000.0,002476.SZ,2026-04-20,宝莫股份,,CNY
5.89,5.91,5.76,5.83,9963640.0,002476.SZ,2026-04-21,宝莫股份,,CNY
5.83,5.85,5.77,5.84,8988095.0,002476.SZ,2026-04-22,宝莫股份,,CNY
5.86,5.91,5.8,5.83,9625800.0,002476.SZ,2026-04-23,宝莫股份,,CNY
5.79,5.89,5.73,5.85,9465544.0,002476.SZ,2026-04-24,宝莫股份,,CNY
5.85,5.92,5.76,5.91,10477300.0,002476.SZ,2026-04-27,宝莫股份,,CNY
5.89,5.93,5.84,5.9,9299293.0,002476.SZ,2026-04-28,宝莫股份,,CNY
5.87,5.95,5.83,5.87,9148031.0,002476.SZ,2026-04-29,宝莫股份,,CNY
5.86,5.91,5.82,5.84,8420380.0,002476.SZ,2026-04-30,宝莫股份,,CNY
5.51,5.68,5.51,5.56,21757400.0,002479.SZ,2026-03-02,富春环保,,CNY
5.55,5.62,5.41,5.42,22991278.0,002479.SZ,2026-03-03,富春环保,,CNY
5.4,5.51,5.38,5.46,19742900.0,002479.SZ,2026-03-04,富春环保,,CNY
5.53,5.56,5.42,5.46,17029440.0,002479.SZ,2026-03-05,富春环保,,CNY
5.46,5.6,5.43,5.6,19672995.0,002479.SZ,2026-03-06,富春环保,,CNY
5.6,5.67,5.56,5.58,23132860.0,002479.SZ,2026-03-09,富春环保,,CNY
5.6,5.63,5.52,5.6,16812129.0,002479.SZ,2026-03-10,富春环保,,CNY
5.61,5.64,5.51,5.64,18671270.0,002479.SZ,2026-03-11,富春环保,,CNY
5.64,5.71,5.62,5.67,19855270.0,002479.SZ,2026-03-12,富春环保,,CNY
5.67,5.67,5.54,5.57,18738500.0,002479.SZ,2026-03-13,富春环保,,CNY
5.56,5.59,5.45,5.48,15653567.0,002479.SZ,2026-03-16,富春环保,,CNY
5.51,5.52,5.33,5.35,15078550.0,002479.SZ,2026-03-17,富春环保,,CNY
5.36,5.45,5.35,5.45,15788100.0,002479.SZ,2026-03-18,富春环保,,CNY
5.4,5.5,5.39,5.41,18222200.0,002479.SZ,2026-03-19,富春环保,,CNY
5.4,5.5,5.29,5.32,20340770.0,002479.SZ,2026-03-20,富春环保,,CNY
5.22,5.28,5.0,5.04,26840400.0,002479.SZ,2026-03-23,富春环保,,CNY
5.12,5.39,5.1,5.38,28535600.0,002479.SZ,2026-03-24,富春环保,,CNY
5.37,5.92,5.32,5.92,32083051.0,002479.SZ,2026-03-25,富春环保,,CNY
6.3,6.39,5.88,5.99,130497803.0,002479.SZ,2026-03-26,富春环保,,CNY
5.97,5.99,5.75,5.86,74410230.0,002479.SZ,2026-03-27,富春环保,,CNY
5.85,5.92,5.49,5.65,58327537.0,002479.SZ,2026-03-30,富春环保,,CNY
5.59,6.07,5.54,6.02,94570681.0,002479.SZ,2026-03-31,富春环保,,CNY
5.88,5.96,5.71,5.78,62271177.0,002479.SZ,2026-04-01,富春环保,,CNY
5.73,6.0,5.67,5.96,65230087.0,002479.SZ,2026-04-02,富春环保,,CNY
5.88,5.95,5.55,5.58,49767997.0,002479.SZ,2026-04-03,富春环保,,CNY
5.4,5.72,5.14,5.69,56850802.0,002479.SZ,2026-04-07,富春环保,,CNY
5.74,5.86,5.62,5.82,43438400.0,002479.SZ,2026-04-08,富春环保,,CNY
5.76,5.85,5.73,5.76,26781700.0,002479.SZ,2026-04-09,富春环保,,CNY
5.83,5.92,5.76,5.83,40990102.0,002479.SZ,2026-04-10,富春环保,,CNY
5.81,5.91,5.8,5.88,28561900.0,002479.SZ,2026-04-13,富春环保,,CNY
5.88,5.93,5.75,5.9,37927900.0,002479.SZ,2026-04-14,富春环保,,CNY
5.83,5.87,5.67,5.78,33455740.0,002479.SZ,2026-04-15,富春环保,,CNY
5.77,5.77,5.63,5.71,28512200.0,002479.SZ,2026-04-16,富春环保,,CNY
5.69,5.76,5.54,5.58,26664190.0,002479.SZ,2026-04-17,富春环保,,CNY
5.58,5.72,5.55,5.67,18633200.0,002479.SZ,2026-04-20,富春环保,,CNY
5.65,5.7,5.49,5.62,22425950.0,002479.SZ,2026-04-21,富春环保,,CNY
5.59,5.71,5.54,5.67,19923000.0,002479.SZ,2026-04-22,富春环保,,CNY
5.71,5.84,5.57,5.76,32108800.0,002479.SZ,2026-04-23,富春环保,,CNY
5.76,5.76,5.54,5.58,25600900.0,002479.SZ,2026-04-24,富春环保,,CNY
5.56,5.57,5.45,5.51,17618050.0,002479.SZ,2026-04-27,富春环保,,CNY
5.49,5.53,5.4,5.47,16838480.0,002479.SZ,2026-04-28,富春环保,,CNY
5.42,5.55,5.41,5.5,14237800.0,002479.SZ,2026-04-29,富春环保,,CNY
5.49,5.64,5.47,5.52,15938101.0,002479.SZ,2026-04-30,富春环保,,CNY
4.97,4.99,4.89,4.91,14664296.0,002481.SZ,2026-03-02,双塔食品,,CNY
4.9,4.94,4.79,4.79,16148999.0,002481.SZ,2026-03-03,双塔食品,,CNY
4.77,4.78,4.71,4.74,10735627.0,002481.SZ,2026-03-04,双塔食品,,CNY
4.76,4.8,4.75,4.79,7123001.0,002481.SZ,2026-03-05,双塔食品,,CNY
4.78,4.88,4.76,4.87,8002450.0,002481.SZ,2026-03-06,双塔食品,,CNY
4.83,4.96,4.81,4.87,13869601.0,002481.SZ,2026-03-09,双塔食品,,CNY
4.87,4.9,4.85,4.88,8023397.0,002481.SZ,2026-03-10,双塔食品,,CNY
4.88,4.89,4.83,4.86,6981799.0,002481.SZ,2026-03-11,双塔食品,,CNY
4.86,4.89,4.84,4.87,7123020.0,002481.SZ,2026-03-12,双塔食品,,CNY
4.86,4.94,4.85,4.89,11482727.0,002481.SZ,2026-03-13,双塔食品,,CNY
4.92,4.95,4.89,4.92,9770900.0,002481.SZ,2026-03-16,双塔食品,,CNY
4.92,4.96,4.86,4.89,10855384.0,002481.SZ,2026-03-17,双塔食品,,CNY
4.9,4.91,4.76,4.8,13173357.0,002481.SZ,2026-03-18,双塔食品,,CNY
4.77,4.8,4.67,4.69,11435900.0,002481.SZ,2026-03-19,双塔食品,,CNY
4.69,4.71,4.5,4.53,14894577.0,002481.SZ,2026-03-20,双塔食品,,CNY
4.48,4.48,4.28,4.34,17929785.0,002481.SZ,2026-03-23,双塔食品,,CNY
4.39,4.49,4.35,4.49,11466881.0,002481.SZ,2026-03-24,双塔食品,,CNY
4.48,4.6,4.47,4.58,9745000.0,002481.SZ,2026-03-25,双塔食品,,CNY
4.58,4.62,4.49,4.51,10417421.0,002481.SZ,2026-03-26,双塔食品,,CNY
4.47,4.59,4.46,4.59,8087250.0,002481.SZ,2026-03-27,双塔食品,,CNY
4.54,4.65,4.52,4.65,9261000.0,002481.SZ,2026-03-30,双塔食品,,CNY
4.64,4.68,4.55,4.55,8922600.0,002481.SZ,2026-03-31,双塔食品,,CNY
4.6,4.64,4.55,4.61,8115657.0,002481.SZ,2026-04-01,双塔食品,,CNY
4.61,4.62,4.53,4.56,6552887.0,002481.SZ,2026-04-02,双塔食品,,CNY
4.58,4.58,4.39,4.4,9436300.0,002481.SZ,2026-04-03,双塔食品,,CNY
4.4,4.52,4.37,4.5,9565600.0,002481.SZ,2026-04-07,双塔食品,,CNY
4.54,4.57,4.52,4.56,8877950.0,002481.SZ,2026-04-08,双塔食品,,CNY
4.54,4.56,4.45,4.47,7613100.0,002481.SZ,2026-04-09,双塔食品,,CNY
4.48,4.55,4.46,4.49,7535500.0,002481.SZ,2026-04-10,双塔食品,,CNY
4.51,4.51,4.44,4.49,6094900.0,002481.SZ,2026-04-13,双塔食品,,CNY
4.5,4.51,4.42,4.48,7420777.0,002481.SZ,2026-04-14,双塔食品,,CNY
4.48,4.5,4.41,4.44,8976687.0,002481.SZ,2026-04-15,双塔食品,,CNY
4.45,4.52,4.43,4.5,10228688.0,002481.SZ,2026-04-16,双塔食品,,CNY
4.49,4.49,4.4,4.45,11004701.0,002481.SZ,2026-04-17,双塔食品,,CNY
4.44,4.47,4.41,4.46,7448450.0,002481.SZ,2026-04-20,双塔食品,,CNY
4.46,4.56,4.45,4.49,10949287.0,002481.SZ,2026-04-21,双塔食品,,CNY
4.46,4.47,4.39,4.42,11274315.0,002481.SZ,2026-04-22,双塔食品,,CNY
4.42,4.46,4.34,4.41,11311199.0,002481.SZ,2026-04-23,双塔食品,,CNY
4.51,4.75,4.51,4.63,39783983.0,002481.SZ,2026-04-24,双塔食品,,CNY
4.59,4.62,4.52,4.59,23508371.0,002481.SZ,2026-04-27,双塔食品,,CNY
4.58,4.6,4.44,4.47,17003000.0,002481.SZ,2026-04-28,双塔食品,,CNY
4.45,4.59,4.45,4.56,15140866.0,002481.SZ,2026-04-29,双塔食品,,CNY
4.56,4.6,4.51,4.56,10192744.0,002481.SZ,2026-04-30,双塔食品,,CNY
32.81,35.83,32.61,34.89,48780763.0,002484.SZ,2026-03-02,江海股份,,CNY
34.79,34.9,32.45,32.52,36144240.0,002484.SZ,2026-03-03,江海股份,,CNY
32.31,33.78,32.31,32.66,22733053.0,002484.SZ,2026-03-04,江海股份,,CNY
33.3,33.56,31.82,32.25,26673537.0,002484.SZ,2026-03-05,江海股份,,CNY
32.21,32.88,31.78,31.9,17530193.0,002484.SZ,2026-03-06,江海股份,,CNY
31.0,31.56,29.11,31.19,33551993.0,002484.SZ,2026-03-09,江海股份,,CNY
31.9,32.45,31.59,32.07,17720819.0,002484.SZ,2026-03-10,江海股份,,CNY
32.07,32.78,31.27,31.41,27728510.0,002484.SZ,2026-03-11,江海股份,,CNY
31.36,31.61,30.0,30.65,20437500.0,002484.SZ,2026-03-12,江海股份,,CNY
30.49,31.35,30.2,30.58,17988400.0,002484.SZ,2026-03-13,江海股份,,CNY
31.0,31.97,29.96,31.4,30039956.0,002484.SZ,2026-03-16,江海股份,,CNY
31.4,31.56,28.94,29.0,37421115.0,002484.SZ,2026-03-17,江海股份,,CNY
29.36,29.99,28.85,29.86,21817040.0,002484.SZ,2026-03-18,江海股份,,CNY
29.85,29.85,28.41,28.6,19850141.0,002484.SZ,2026-03-19,江海股份,,CNY
28.89,29.39,27.94,27.94,16480914.0,002484.SZ,2026-03-20,江海股份,,CNY
27.11,27.53,26.1,26.38,20559101.0,002484.SZ,2026-03-23,江海股份,,CNY
26.96,27.1,25.88,26.65,18005605.0,002484.SZ,2026-03-24,江海股份,,CNY
27.2,27.76,27.05,27.47,21425179.0,002484.SZ,2026-03-25,江海股份,,CNY
27.22,27.83,27.15,27.6,16350363.0,002484.SZ,2026-03-26,江海股份,,CNY
27.11,28.22,26.7,27.83,17283330.0,002484.SZ,2026-03-27,江海股份,,CNY
27.48,30.38,27.28,29.76,41179966.0,002484.SZ,2026-03-30,江海股份,,CNY
29.65,30.04,28.81,28.92,21325106.0,002484.SZ,2026-03-31,江海股份,,CNY
29.49,30.11,29.15,29.4,19441880.0,002484.SZ,2026-04-01,江海股份,,CNY
29.41,29.7,28.05,28.35,16884905.0,002484.SZ,2026-04-02,江海股份,,CNY
28.5,29.12,28.11,28.77,21780525.0,002484.SZ,2026-04-03,江海股份,,CNY
28.78,29.38,28.01,28.15,18803770.0,002484.SZ,2026-04-07,江海股份,,CNY
29.2,30.97,29.0,30.97,41763031.0,002484.SZ,2026-04-08,江海股份,,CNY
30.4,31.6,30.2,30.89,30410981.0,002484.SZ,2026-04-09,江海股份,,CNY
30.48,30.79,29.56,29.75,53686779.0,002484.SZ,2026-04-10,江海股份,,CNY
29.46,30.95,29.16,30.65,52917785.0,002484.SZ,2026-04-13,江海股份,,CNY
31.3,33.72,31.18,33.39,92568228.0,002484.SZ,2026-04-14,江海股份,,CNY
33.56,34.2,32.09,33.99,81633631.0,002484.SZ,2026-04-15,江海股份,,CNY
35.0,35.8,33.45,33.84,58032771.0,002484.SZ,2026-04-16,江海股份,,CNY
34.02,34.09,32.75,33.03,46118564.0,002484.SZ,2026-04-17,江海股份,,CNY
33.32,35.56,32.91,34.76,53413301.0,002484.SZ,2026-04-20,江海股份,,CNY
34.51,36.37,34.07,35.68,41332276.0,002484.SZ,2026-04-21,江海股份,,CNY
35.56,36.0,34.8,34.88,38224651.0,002484.SZ,2026-04-22,江海股份,,CNY
35.16,35.65,34.1,34.59,35994826.0,002484.SZ,2026-04-23,江海股份,,CNY
34.2,36.23,33.98,34.22,43996164.0,002484.SZ,2026-04-24,江海股份,,CNY
35.78,37.64,35.28,37.64,47083771.0,002484.SZ,2026-04-27,江海股份,,CNY
38.28,38.57,37.15,37.64,69912323.0,002484.SZ,2026-04-28,江海股份,,CNY
37.14,38.5,36.4,38.18,49669185.0,002484.SZ,2026-04-29,江海股份,,CNY
38.46,38.99,37.7,38.35,50190935.0,002484.SZ,2026-04-30,江海股份,,CNY
3.17,3.23,3.06,3.09,31411900.0,002486.SZ,2026-03-02,上海嘉麟杰,,CNY
3.1,3.11,2.93,2.96,43261800.0,002486.SZ,2026-03-03,上海嘉麟杰,,CNY
2.94,2.97,2.88,2.95,36489100.0,002486.SZ,2026-03-04,上海嘉麟杰,,CNY
2.98,3.03,2.96,2.97,23648902.0,002486.SZ,2026-03-05,上海嘉麟杰,,CNY
2.97,3.12,2.96,3.12,29631750.0,002486.SZ,2026-03-06,上海嘉麟杰,,CNY
3.09,3.13,3.05,3.1,27767000.0,002486.SZ,2026-03-09,上海嘉麟杰,,CNY
3.14,3.24,3.13,3.21,36187714.0,002486.SZ,2026-03-10,上海嘉麟杰,,CNY
3.22,3.26,3.19,3.23,28945400.0,002486.SZ,2026-03-11,上海嘉麟杰,,CNY
3.24,3.25,3.11,3.12,35707842.0,002486.SZ,2026-03-12,上海嘉麟杰,,CNY
3.11,3.18,3.09,3.11,31976900.0,002486.SZ,2026-03-13,上海嘉麟杰,,CNY
3.13,3.16,3.08,3.12,26604500.0,002486.SZ,2026-03-16,上海嘉麟杰,,CNY
3.12,3.17,3.07,3.07,22584400.0,002486.SZ,2026-03-17,上海嘉麟杰,,CNY
3.08,3.13,3.04,3.12,20055300.0,002486.SZ,2026-03-18,上海嘉麟杰,,CNY
3.11,3.13,2.99,3.0,26323000.0,002486.SZ,2026-03-19,上海嘉麟杰,,CNY
3.04,3.05,2.8,2.82,37615400.0,002486.SZ,2026-03-20,上海嘉麟杰,,CNY
2.75,2.79,2.59,2.63,52902200.0,002486.SZ,2026-03-23,上海嘉麟杰,,CNY
2.7,2.84,2.68,2.83,44541400.0,002486.SZ,2026-03-24,上海嘉麟杰,,CNY
2.86,2.96,2.83,2.95,36588000.0,002486.SZ,2026-03-25,上海嘉麟杰,,CNY
2.99,2.99,2.86,2.88,30392206.0,002486.SZ,2026-03-26,上海嘉麟杰,,CNY
2.89,2.94,2.85,2.92,24395200.0,002486.SZ,2026-03-27,上海嘉麟杰,,CNY
2.92,2.98,2.89,2.97,23499200.0,002486.SZ,2026-03-30,上海嘉麟杰,,CNY
2.99,3.02,2.92,2.93,23220700.0,002486.SZ,2026-03-31,上海嘉麟杰,,CNY
2.97,2.99,2.91,2.94,21338300.0,002486.SZ,2026-04-01,上海嘉麟杰,,CNY
2.94,2.95,2.82,2.86,23872400.0,002486.SZ,2026-04-02,上海嘉麟杰,,CNY
2.86,2.87,2.69,2.7,27576343.0,002486.SZ,2026-04-03,上海嘉麟杰,,CNY
2.71,2.85,2.67,2.84,33527902.0,002486.SZ,2026-04-07,上海嘉麟杰,,CNY
2.9,2.94,2.84,2.93,23132501.0,002486.SZ,2026-04-08,上海嘉麟杰,,CNY
2.92,2.96,2.87,2.89,25386626.0,002486.SZ,2026-04-09,上海嘉麟杰,,CNY
2.9,2.93,2.87,2.89,19537800.0,002486.SZ,2026-04-10,上海嘉麟杰,,CNY
2.86,2.91,2.84,2.9,17477300.0,002486.SZ,2026-04-13,上海嘉麟杰,,CNY
2.92,2.92,2.83,2.88,17407300.0,002486.SZ,2026-04-14,上海嘉麟杰,,CNY
2.88,2.88,2.8,2.81,18028700.0,002486.SZ,2026-04-15,上海嘉麟杰,,CNY
2.84,2.88,2.79,2.87,19834900.0,002486.SZ,2026-04-16,上海嘉麟杰,,CNY
2.87,2.89,2.81,2.84,18587500.0,002486.SZ,2026-04-17,上海嘉麟杰,,CNY
2.84,2.89,2.78,2.88,22444900.0,002486.SZ,2026-04-20,上海嘉麟杰,,CNY
2.87,2.89,2.83,2.86,19170220.0,002486.SZ,2026-04-21,上海嘉麟杰,,CNY
2.85,2.87,2.83,2.84,14881300.0,002486.SZ,2026-04-22,上海嘉麟杰,,CNY
2.83,2.84,2.74,2.76,22056002.0,002486.SZ,2026-04-23,上海嘉麟杰,,CNY
2.75,2.82,2.72,2.8,23965800.0,002486.SZ,2026-04-24,上海嘉麟杰,,CNY
2.82,2.88,2.75,2.87,25654500.0,002486.SZ,2026-04-27,上海嘉麟杰,,CNY
2.87,2.93,2.85,2.89,24554900.0,002486.SZ,2026-04-28,上海嘉麟杰,,CNY
2.9,2.98,2.85,2.96,28756202.0,002486.SZ,2026-04-29,上海嘉麟杰,,CNY
2.94,2.95,2.79,2.91,45356004.0,002486.SZ,2026-04-30,上海嘉麟杰,,CNY
12.88,12.93,12.42,12.57,39085002.0,002488.SZ,2026-03-02,金固股份,,CNY
12.57,12.69,12.05,12.07,31592430.0,002488.SZ,2026-03-03,金固股份,,CNY
11.86,12.16,11.81,12.11,25012241.0,002488.SZ,2026-03-04,金固股份,,CNY
12.34,12.67,12.23,12.33,20806559.0,002488.SZ,2026-03-05,金固股份,,CNY
12.33,13.45,12.23,13.13,40406581.0,002488.SZ,2026-03-06,金固股份,,CNY
13.13,13.21,12.17,12.59,42677490.0,002488.SZ,2026-03-09,金固股份,,CNY
12.73,12.85,12.58,12.68,21596500.0,002488.SZ,2026-03-10,金固股份,,CNY
12.69,12.74,12.26,12.41,25230000.0,002488.SZ,2026-03-11,金固股份,,CNY
12.33,12.65,12.17,12.56,22483728.0,002488.SZ,2026-03-12,金固股份,,CNY
12.35,12.93,12.05,12.13,30313428.0,002488.SZ,2026-03-13,金固股份,,CNY
12.23,12.33,11.93,12.23,15739313.0,002488.SZ,2026-03-16,金固股份,,CNY
12.28,12.49,11.84,11.84,16013755.0,002488.SZ,2026-03-17,金固股份,,CNY
11.9,11.97,11.64,11.77,17551850.0,002488.SZ,2026-03-18,金固股份,,CNY
11.57,11.8,11.2,11.6,34658315.0,002488.SZ,2026-03-19,金固股份,,CNY
11.6,11.75,11.3,11.33,20522050.0,002488.SZ,2026-03-20,金固股份,,CNY
11.14,11.52,10.96,11.13,30972572.0,002488.SZ,2026-03-23,金固股份,,CNY
11.28,11.47,11.17,11.35,17554710.0,002488.SZ,2026-03-24,金固股份,,CNY
11.43,11.71,11.42,11.58,13128504.0,002488.SZ,2026-03-25,金固股份,,CNY
11.57,11.78,11.29,11.52,17164300.0,002488.SZ,2026-03-26,金固股份,,CNY
11.35,11.61,11.31,11.54,11809200.0,002488.SZ,2026-03-27,金固股份,,CNY
11.4,11.68,11.28,11.39,13066133.0,002488.SZ,2026-03-30,金固股份,,CNY
11.39,11.57,11.06,11.08,14385100.0,002488.SZ,2026-03-31,金固股份,,CNY
11.28,11.56,11.16,11.49,17380897.0,002488.SZ,2026-04-01,金固股份,,CNY
11.55,11.97,11.37,11.54,25194318.0,002488.SZ,2026-04-02,金固股份,,CNY
11.57,11.6,11.32,11.4,14537991.0,002488.SZ,2026-04-03,金固股份,,CNY
11.39,11.43,11.13,11.21,15906371.0,002488.SZ,2026-04-07,金固股份,,CNY
11.41,12.08,11.41,11.95,20199076.0,002488.SZ,2026-04-08,金固股份,,CNY
11.81,12.17,11.71,11.95,20154147.0,002488.SZ,2026-04-09,金固股份,,CNY
12.01,12.28,11.96,12.0,14463580.0,002488.SZ,2026-04-10,金固股份,,CNY
11.9,11.94,11.59,11.71,14994580.0,002488.SZ,2026-04-13,金固股份,,CNY
11.82,11.9,10.92,11.3,37204542.0,002488.SZ,2026-04-14,金固股份,,CNY
11.36,11.56,11.13,11.25,21174300.0,002488.SZ,2026-04-15,金固股份,,CNY
11.3,11.69,11.22,11.64,17312329.0,002488.SZ,2026-04-16,金固股份,,CNY
11.6,12.6,11.54,12.55,34906171.0,002488.SZ,2026-04-17,金固股份,,CNY
12.5,12.55,12.23,12.31,22163739.0,002488.SZ,2026-04-20,金固股份,,CNY
12.28,12.31,11.36,11.43,41988826.0,002488.SZ,2026-04-21,金固股份,,CNY
11.45,11.68,11.39,11.62,14527188.0,002488.SZ,2026-04-22,金固股份,,CNY
11.55,11.89,11.47,11.54,14862850.0,002488.SZ,2026-04-23,金固股份,,CNY
11.48,11.59,11.36,11.43,11567100.0,002488.SZ,2026-04-24,金固股份,,CNY
11.76,12.39,11.76,11.85,39197583.0,002488.SZ,2026-04-27,金固股份,,CNY
11.88,12.64,11.79,11.87,24283000.0,002488.SZ,2026-04-28,金固股份,,CNY
12.03,12.24,11.77,12.0,24565800.0,002488.SZ,2026-04-29,金固股份,,CNY
12.0,12.63,11.93,12.45,28887970.0,002488.SZ,2026-04-30,金固股份,,CNY
3.65,3.66,3.58,3.61,38407679.0,002489.SZ,2026-03-02,浙江永强,,CNY
3.62,3.64,3.52,3.52,37411325.0,002489.SZ,2026-03-03,浙江永强,,CNY
3.48,3.52,3.44,3.45,29868019.0,002489.SZ,2026-03-04,浙江永强,,CNY
3.5,3.53,3.48,3.49,27379400.0,002489.SZ,2026-03-05,浙江永强,,CNY
3.49,3.56,3.47,3.55,23120861.0,002489.SZ,2026-03-06,浙江永强,,CNY
3.52,3.54,3.46,3.52,26737912.0,002489.SZ,2026-03-09,浙江永强,,CNY
3.55,3.57,3.53,3.55,21468312.0,002489.SZ,2026-03-10,浙江永强,,CNY
3.56,3.58,3.53,3.58,21496855.0,002489.SZ,2026-03-11,浙江永强,,CNY
3.58,3.61,3.56,3.6,20734889.0,002489.SZ,2026-03-12,浙江永强,,CNY
3.61,3.72,3.58,3.65,52239031.0,002489.SZ,2026-03-13,浙江永强,,CNY
3.66,3.66,3.59,3.62,28321806.0,002489.SZ,2026-03-16,浙江永强,,CNY
3.61,3.65,3.57,3.57,24305125.0,002489.SZ,2026-03-17,浙江永强,,CNY
3.58,3.6,3.55,3.58,20085820.0,002489.SZ,2026-03-18,浙江永强,,CNY
3.55,3.57,3.47,3.49,21456100.0,002489.SZ,2026-03-19,浙江永强,,CNY
3.49,3.51,3.4,3.4,23654132.0,002489.SZ,2026-03-20,浙江永强,,CNY
3.36,3.36,3.16,3.19,37846282.0,002489.SZ,2026-03-23,浙江永强,,CNY
3.25,3.33,3.21,3.33,31703000.0,002489.SZ,2026-03-24,浙江永强,,CNY
3.34,3.39,3.3,3.38,23305500.0,002489.SZ,2026-03-25,浙江永强,,CNY
3.38,3.46,3.37,3.39,23959632.0,002489.SZ,2026-03-26,浙江永强,,CNY
3.35,3.4,3.34,3.39,20054950.0,002489.SZ,2026-03-27,浙江永强,,CNY
3.33,3.44,3.32,3.43,21194933.0,002489.SZ,2026-03-30,浙江永强,,CNY
3.43,3.47,3.42,3.43,17886733.0,002489.SZ,2026-03-31,浙江永强,,CNY
3.46,3.49,3.43,3.46,16092302.0,002489.SZ,2026-04-01,浙江永强,,CNY
3.44,3.46,3.4,3.43,17441004.0,002489.SZ,2026-04-02,浙江永强,,CNY
3.43,3.44,3.3,3.31,19206501.0,002489.SZ,2026-04-03,浙江永强,,CNY
3.32,3.38,3.31,3.35,14118650.0,002489.SZ,2026-04-07,浙江永强,,CNY
3.41,3.46,3.41,3.46,21823532.0,002489.SZ,2026-04-08,浙江永强,,CNY
3.44,3.46,3.38,3.38,17053300.0,002489.SZ,2026-04-09,浙江永强,,CNY
3.4,3.46,3.39,3.42,16565579.0,002489.SZ,2026-04-10,浙江永强,,CNY
3.43,3.44,3.39,3.41,15474299.0,002489.SZ,2026-04-13,浙江永强,,CNY
3.43,3.45,3.39,3.44,15005499.0,002489.SZ,2026-04-14,浙江永强,,CNY
3.45,3.46,3.42,3.44,14553200.0,002489.SZ,2026-04-15,浙江永强,,CNY
3.44,3.48,3.43,3.46,17783992.0,002489.SZ,2026-04-16,浙江永强,,CNY
3.45,3.46,3.42,3.44,15528632.0,002489.SZ,2026-04-17,浙江永强,,CNY
3.44,3.45,3.41,3.42,19070950.0,002489.SZ,2026-04-20,浙江永强,,CNY
3.46,3.5,3.35,3.37,45219464.0,002489.SZ,2026-04-21,浙江永强,,CNY
3.36,3.37,3.29,3.32,26886078.0,002489.SZ,2026-04-22,浙江永强,,CNY
3.31,3.35,3.27,3.34,21446564.0,002489.SZ,2026-04-23,浙江永强,,CNY
3.34,3.34,3.28,3.31,15715725.0,002489.SZ,2026-04-24,浙江永强,,CNY
3.3,3.33,3.28,3.32,18171620.0,002489.SZ,2026-04-27,浙江永强,,CNY
3.32,3.34,3.26,3.29,20624496.0,002489.SZ,2026-04-28,浙江永强,,CNY
3.28,3.35,3.28,3.34,20474240.0,002489.SZ,2026-04-29,浙江永强,,CNY
3.32,3.34,3.24,3.25,35431160.0,002489.SZ,2026-04-30,浙江永强,,CNY
10.87,11.06,10.23,10.74,50783000.0,002114.SZ,2026-03-02,罗平锌电,,CNY
10.46,10.52,9.96,10.01,34500635.0,002114.SZ,2026-03-03,罗平锌电,,CNY
9.68,10.33,9.61,10.1,24763050.0,002114.SZ,2026-03-04,罗平锌电,,CNY
10.29,10.35,10.05,10.12,17980100.0,002114.SZ,2026-03-05,罗平锌电,,CNY
10.01,10.22,9.89,10.12,14484701.0,002114.SZ,2026-03-06,罗平锌电,,CNY
10.0,10.2,9.82,10.0,17512600.0,002114.SZ,2026-03-09,罗平锌电,,CNY
10.11,10.18,9.98,10.06,12165906.0,002114.SZ,2026-03-10,罗平锌电,,CNY
10.07,10.18,9.85,9.86,17588100.0,002114.SZ,2026-03-11,罗平锌电,,CNY
9.86,10.06,9.69,9.71,15944100.0,002114.SZ,2026-03-12,罗平锌电,,CNY
9.71,10.04,9.5,9.52,20011901.0,002114.SZ,2026-03-13,罗平锌电,,CNY
9.49,9.67,9.07,9.28,17020700.0,002114.SZ,2026-03-16,罗平锌电,,CNY
9.38,9.45,9.09,9.11,13113200.0,002114.SZ,2026-03-17,罗平锌电,,CNY
9.16,9.17,8.95,9.13,11922600.0,002114.SZ,2026-03-18,罗平锌电,,CNY
9.0,9.01,8.66,8.74,17869000.0,002114.SZ,2026-03-19,罗平锌电,,CNY
8.77,8.95,8.53,8.53,10864300.0,002114.SZ,2026-03-20,罗平锌电,,CNY
8.39,8.5,7.93,8.01,15073760.0,002114.SZ,2026-03-23,罗平锌电,,CNY
8.23,8.53,8.07,8.51,16922600.0,002114.SZ,2026-03-24,罗平锌电,,CNY
8.64,8.76,8.53,8.61,12327100.0,002114.SZ,2026-03-25,罗平锌电,,CNY
8.58,8.67,8.39,8.43,9390700.0,002114.SZ,2026-03-26,罗平锌电,,CNY
8.32,8.64,8.31,8.61,10237200.0,002114.SZ,2026-03-27,罗平锌电,,CNY
8.65,8.77,8.58,8.73,10153000.0,002114.SZ,2026-03-30,罗平锌电,,CNY
8.77,8.78,8.56,8.56,8308900.0,002114.SZ,2026-03-31,罗平锌电,,CNY
8.75,8.81,8.52,8.6,7211400.0,002114.SZ,2026-04-01,罗平锌电,,CNY
8.63,8.64,8.33,8.42,8121301.0,002114.SZ,2026-04-02,罗平锌电,,CNY
8.42,8.44,8.16,8.17,9182901.0,002114.SZ,2026-04-03,罗平锌电,,CNY
8.2,8.5,8.15,8.46,9834500.0,002114.SZ,2026-04-07,罗平锌电,,CNY
8.68,8.74,8.57,8.74,9290202.0,002114.SZ,2026-04-08,罗平锌电,,CNY
8.63,8.7,8.53,8.57,7019701.0,002114.SZ,2026-04-09,罗平锌电,,CNY
8.64,8.73,8.59,8.63,6518270.0,002114.SZ,2026-04-10,罗平锌电,,CNY
8.6,8.7,8.56,8.69,5712125.0,002114.SZ,2026-04-13,罗平锌电,,CNY
8.75,8.77,8.62,8.75,7331900.0,002114.SZ,2026-04-14,罗平锌电,,CNY
8.8,8.86,8.58,8.61,6804100.0,002114.SZ,2026-04-15,罗平锌电,,CNY
8.65,8.84,8.57,8.81,9381500.0,002114.SZ,2026-04-16,罗平锌电,,CNY
8.81,9.24,8.78,8.91,12198500.0,002114.SZ,2026-04-17,罗平锌电,,CNY
9.07,9.32,9.01,9.18,13924401.0,002114.SZ,2026-04-20,罗平锌电,,CNY
9.25,9.27,8.96,9.03,8538700.0,002114.SZ,2026-04-21,罗平锌电,,CNY
8.97,9.46,8.9,9.2,18631405.0,002114.SZ,2026-04-22,罗平锌电,,CNY
9.12,9.24,8.8,8.88,14330898.0,002114.SZ,2026-04-23,罗平锌电,,CNY
8.79,9.12,8.75,9.04,12146200.0,002114.SZ,2026-04-24,罗平锌电,,CNY
9.0,9.12,8.93,9.08,9224100.0,002114.SZ,2026-04-27,罗平锌电,,CNY
9.0,9.09,8.78,8.86,8642400.0,002114.SZ,2026-04-28,罗平锌电,,CNY
8.79,9.19,8.78,9.16,11264100.0,002114.SZ,2026-04-29,罗平锌电,,CNY
9.09,9.26,8.97,9.0,8666800.0,002114.SZ,2026-04-30,罗平锌电,,CNY
11.8,11.91,11.33,11.38,29800224.0,002123.SZ,2026-03-02,梦网科技,,CNY
11.39,11.49,10.93,10.95,25374246.0,002123.SZ,2026-03-03,梦网科技,,CNY
10.81,11.01,10.65,10.7,17780651.0,002123.SZ,2026-03-04,梦网科技,,CNY
10.89,11.06,10.83,10.91,16899978.0,002123.SZ,2026-03-05,梦网科技,,CNY
10.85,11.08,10.83,11.07,12133906.0,002123.SZ,2026-03-06,梦网科技,,CNY
10.94,11.28,10.8,11.24,21592623.0,002123.SZ,2026-03-09,梦网科技,,CNY
11.3,11.48,11.11,11.21,18117309.0,002123.SZ,2026-03-10,梦网科技,,CNY
11.26,11.26,11.03,11.07,14106471.0,002123.SZ,2026-03-11,梦网科技,,CNY
11.06,11.11,10.9,10.94,11204312.0,002123.SZ,2026-03-12,梦网科技,,CNY
10.95,10.95,10.67,10.7,14738828.0,002123.SZ,2026-03-13,梦网科技,,CNY
10.68,10.78,10.55,10.78,11887807.0,002123.SZ,2026-03-16,梦网科技,,CNY
10.82,10.85,10.61,10.64,9240000.0,002123.SZ,2026-03-17,梦网科技,,CNY
10.64,10.81,10.6,10.79,13185045.0,002123.SZ,2026-03-18,梦网科技,,CNY
10.65,11.48,10.63,11.11,38062583.0,002123.SZ,2026-03-19,梦网科技,,CNY
11.1,11.12,10.7,10.7,22209204.0,002123.SZ,2026-03-20,梦网科技,,CNY
10.3,10.3,9.7,9.76,25606440.0,002123.SZ,2026-03-23,梦网科技,,CNY
9.93,10.1,9.73,10.08,16044443.0,002123.SZ,2026-03-24,梦网科技,,CNY
10.11,10.4,10.11,10.3,17104342.0,002123.SZ,2026-03-25,梦网科技,,CNY
10.31,10.34,9.95,10.0,13773135.0,002123.SZ,2026-03-26,梦网科技,,CNY
9.9,10.08,9.85,10.04,7103800.0,002123.SZ,2026-03-27,梦网科技,,CNY
9.91,10.06,9.73,10.04,11805552.0,002123.SZ,2026-03-30,梦网科技,,CNY
9.99,10.15,9.91,9.92,8414881.0,002123.SZ,2026-03-31,梦网科技,,CNY
10.08,10.11,9.97,10.03,9129611.0,002123.SZ,2026-04-01,梦网科技,,CNY
9.97,9.97,9.68,9.71,12641666.0,002123.SZ,2026-04-02,梦网科技,,CNY
9.8,9.84,9.53,9.56,8938401.0,002123.SZ,2026-04-03,梦网科技,,CNY
9.57,9.7,9.56,9.59,7018575.0,002123.SZ,2026-04-07,梦网科技,,CNY
9.8,10.23,9.78,10.21,22499008.0,002123.SZ,2026-04-08,梦网科技,,CNY
10.06,10.13,9.88,9.91,15635414.0,002123.SZ,2026-04-09,梦网科技,,CNY
10.0,10.3,9.98,10.02,15532875.0,002123.SZ,2026-04-10,梦网科技,,CNY
9.93,10.08,9.92,10.02,7655113.0,002123.SZ,2026-04-13,梦网科技,,CNY
10.1,10.19,9.96,10.07,9332100.0,002123.SZ,2026-04-14,梦网科技,,CNY
10.1,10.14,9.87,9.89,12593000.0,002123.SZ,2026-04-15,梦网科技,,CNY
9.94,10.0,9.69,9.99,22752344.0,002123.SZ,2026-04-16,梦网科技,,CNY
9.95,10.14,9.78,9.96,18907100.0,002123.SZ,2026-04-17,梦网科技,,CNY
9.96,10.66,9.95,10.34,40433608.0,002123.SZ,2026-04-20,梦网科技,,CNY
10.24,10.24,9.96,10.02,25697200.0,002123.SZ,2026-04-21,梦网科技,,CNY
9.93,10.02,9.87,9.98,13093746.0,002123.SZ,2026-04-22,梦网科技,,CNY
9.96,10.23,9.94,10.08,19756194.0,002123.SZ,2026-04-23,梦网科技,,CNY
10.0,10.07,9.82,9.94,14944263.0,002123.SZ,2026-04-24,梦网科技,,CNY
9.9,9.94,9.74,9.79,14447892.0,002123.SZ,2026-04-27,梦网科技,,CNY
9.74,9.78,9.34,9.38,21240378.0,002123.SZ,2026-04-28,梦网科技,,CNY
9.19,9.66,9.12,9.48,16582541.0,002123.SZ,2026-04-29,梦网科技,,CNY
9.51,9.58,9.39,9.48,10373980.0,002123.SZ,2026-04-30,梦网科技,,CNY
3.15,3.15,3.08,3.11,38375192.0,002127.SZ,2026-03-02,南极电商,,CNY
3.11,3.12,2.98,3.0,49196500.0,002127.SZ,2026-03-03,南极电商,,CNY
2.98,3.01,2.95,2.96,24089584.0,002127.SZ,2026-03-04,南极电商,,CNY
3.01,3.02,2.98,2.99,19357250.0,002127.SZ,2026-03-05,南极电商,,CNY
2.98,3.03,2.96,3.03,22834401.0,002127.SZ,2026-03-06,南极电商,,CNY
3.0,3.04,2.97,3.03,25249549.0,002127.SZ,2026-03-09,南极电商,,CNY
3.05,3.06,3.01,3.04,21055163.0,002127.SZ,2026-03-10,南极电商,,CNY
3.04,3.04,3.0,3.02,16843110.0,002127.SZ,2026-03-11,南极电商,,CNY
3.01,3.04,3.0,3.01,20438462.0,002127.SZ,2026-03-12,南极电商,,CNY
3.0,3.04,2.99,3.01,22853100.0,002127.SZ,2026-03-13,南极电商,,CNY
3.02,3.04,3.01,3.03,18626289.0,002127.SZ,2026-03-16,南极电商,,CNY
3.03,3.08,3.02,3.03,31736500.0,002127.SZ,2026-03-17,南极电商,,CNY
3.04,3.04,2.98,3.0,22338495.0,002127.SZ,2026-03-18,南极电商,,CNY
2.98,3.0,2.93,2.93,26331800.0,002127.SZ,2026-03-19,南极电商,,CNY
2.93,2.95,2.8,2.8,38546700.0,002127.SZ,2026-03-20,南极电商,,CNY
2.77,2.77,2.64,2.66,38265845.0,002127.SZ,2026-03-23,南极电商,,CNY
2.72,2.76,2.66,2.75,29125800.0,002127.SZ,2026-03-24,南极电商,,CNY
2.76,2.81,2.75,2.8,25739928.0,002127.SZ,2026-03-25,南极电商,,CNY
2.8,2.84,2.76,2.76,20417500.0,002127.SZ,2026-03-26,南极电商,,CNY
2.75,2.81,2.73,2.8,21530700.0,002127.SZ,2026-03-27,南极电商,,CNY
2.77,2.82,2.75,2.81,21528000.0,002127.SZ,2026-03-30,南极电商,,CNY
2.81,2.86,2.79,2.8,20378600.0,002127.SZ,2026-03-31,南极电商,,CNY
2.83,2.85,2.78,2.78,18171831.0,002127.SZ,2026-04-01,南极电商,,CNY
2.78,2.78,2.71,2.73,24308300.0,002127.SZ,2026-04-02,南极电商,,CNY
2.74,2.74,2.66,2.66,18461800.0,002127.SZ,2026-04-03,南极电商,,CNY
2.68,2.73,2.66,2.72,18347474.0,002127.SZ,2026-04-07,南极电商,,CNY
2.77,2.82,2.75,2.82,32323908.0,002127.SZ,2026-04-08,南极电商,,CNY
2.81,2.83,2.78,2.79,26036789.0,002127.SZ,2026-04-09,南极电商,,CNY
2.8,2.85,2.79,2.82,22435637.0,002127.SZ,2026-04-10,南极电商,,CNY
2.81,2.83,2.79,2.82,16002200.0,002127.SZ,2026-04-13,南极电商,,CNY
2.83,2.84,2.77,2.81,17695300.0,002127.SZ,2026-04-14,南极电商,,CNY
2.8,2.83,2.78,2.79,15799582.0,002127.SZ,2026-04-15,南极电商,,CNY
2.79,2.82,2.77,2.81,19958646.0,002127.SZ,2026-04-16,南极电商,,CNY
2.81,2.81,2.75,2.78,16552399.0,002127.SZ,2026-04-17,南极电商,,CNY
2.77,2.83,2.76,2.82,21286635.0,002127.SZ,2026-04-20,南极电商,,CNY
2.8,2.83,2.76,2.78,19349195.0,002127.SZ,2026-04-21,南极电商,,CNY
2.77,2.77,2.74,2.76,19009200.0,002127.SZ,2026-04-22,南极电商,,CNY
2.76,2.85,2.75,2.8,46622801.0,002127.SZ,2026-04-23,南极电商,,CNY
2.85,3.08,2.83,3.08,108719321.0,002127.SZ,2026-04-24,南极电商,,CNY
3.05,3.13,2.99,3.11,131602363.0,002127.SZ,2026-04-27,南极电商,,CNY
3.07,3.13,3.03,3.07,72136731.0,002127.SZ,2026-04-28,南极电商,,CNY
3.05,3.09,3.03,3.03,56507868.0,002127.SZ,2026-04-29,南极电商,,CNY
3.05,3.1,3.01,3.03,45620900.0,002127.SZ,2026-04-30,南极电商,,CNY
3.74,3.77,3.63,3.66,21749000.0,002133.SZ,2026-03-02,广宇集团,,CNY
3.72,3.74,3.62,3.62,20097600.0,002133.SZ,2026-03-03,广宇集团,,CNY
3.58,3.65,3.56,3.6,15138927.0,002133.SZ,2026-03-04,广宇集团,,CNY
3.65,3.71,3.63,3.64,13361750.0,002133.SZ,2026-03-05,广宇集团,,CNY
3.61,3.8,3.61,3.8,18407450.0,002133.SZ,2026-03-06,广宇集团,,CNY
3.75,3.82,3.7,3.76,17235600.0,002133.SZ,2026-03-09,广宇集团,,CNY
3.74,3.78,3.72,3.77,12014500.0,002133.SZ,2026-03-10,广宇集团,,CNY
3.78,3.79,3.73,3.74,12159732.0,002133.SZ,2026-03-11,广宇集团,,CNY
3.76,3.78,3.7,3.71,15558097.0,002133.SZ,2026-03-12,广宇集团,,CNY
3.71,3.8,3.7,3.71,14469616.0,002133.SZ,2026-03-13,广宇集团,,CNY
3.7,3.79,3.69,3.72,15084200.0,002133.SZ,2026-03-16,广宇集团,,CNY
3.73,3.83,3.7,3.71,15781640.0,002133.SZ,2026-03-17,广宇集团,,CNY
3.72,3.72,3.61,3.67,15179400.0,002133.SZ,2026-03-18,广宇集团,,CNY
3.66,3.69,3.56,3.57,15879932.0,002133.SZ,2026-03-19,广宇集团,,CNY
3.59,3.61,3.46,3.48,15083589.0,002133.SZ,2026-03-20,广宇集团,,CNY
3.4,3.43,3.15,3.19,26222453.0,002133.SZ,2026-03-23,广宇集团,,CNY
3.26,3.4,3.19,3.39,25794772.0,002133.SZ,2026-03-24,广宇集团,,CNY
3.41,3.51,3.4,3.5,19573020.0,002133.SZ,2026-03-25,广宇集团,,CNY
3.51,3.57,3.42,3.43,15765600.0,002133.SZ,2026-03-26,广宇集团,,CNY
3.4,3.5,3.39,3.49,14526520.0,002133.SZ,2026-03-27,广宇集团,,CNY
3.44,3.53,3.41,3.51,13712061.0,002133.SZ,2026-03-30,广宇集团,,CNY
3.55,3.59,3.45,3.45,12994200.0,002133.SZ,2026-03-31,广宇集团,,CNY
3.52,3.54,3.42,3.45,13056180.0,002133.SZ,2026-04-01,广宇集团,,CNY
3.44,3.48,3.33,3.37,12563400.0,002133.SZ,2026-04-02,广宇集团,,CNY
3.37,3.38,3.16,3.19,18528500.0,002133.SZ,2026-04-03,广宇集团,,CNY
3.19,3.33,3.16,3.32,22688381.0,002133.SZ,2026-04-07,广宇集团,,CNY
3.38,3.41,3.34,3.4,14531100.0,002133.SZ,2026-04-08,广宇集团,,CNY
3.39,3.39,3.29,3.31,13675340.0,002133.SZ,2026-04-09,广宇集团,,CNY
3.34,3.39,3.33,3.34,13954579.0,002133.SZ,2026-04-10,广宇集团,,CNY
3.33,3.39,3.23,3.37,14443840.0,002133.SZ,2026-04-13,广宇集团,,CNY
3.4,3.44,3.32,3.39,16269700.0,002133.SZ,2026-04-14,广宇集团,,CNY
3.4,3.4,3.26,3.27,20325900.0,002133.SZ,2026-04-15,广宇集团,,CNY
3.28,3.34,3.22,3.32,19028000.0,002133.SZ,2026-04-16,广宇集团,,CNY
3.32,3.34,3.24,3.24,18227400.0,002133.SZ,2026-04-17,广宇集团,,CNY
3.25,3.26,3.19,3.25,16019401.0,002133.SZ,2026-04-20,广宇集团,,CNY
3.25,3.27,3.2,3.25,14559201.0,002133.SZ,2026-04-21,广宇集团,,CNY
3.24,3.28,3.22,3.25,10208600.0,002133.SZ,2026-04-22,广宇集团,,CNY
3.25,3.27,3.19,3.23,12913300.0,002133.SZ,2026-04-23,广宇集团,,CNY
3.23,3.28,3.2,3.26,12979700.0,002133.SZ,2026-04-24,广宇集团,,CNY
3.27,3.32,3.17,3.32,23496250.0,002133.SZ,2026-04-27,广宇集团,,CNY
3.31,3.35,3.26,3.31,15143134.0,002133.SZ,2026-04-28,广宇集团,,CNY
3.31,3.43,3.26,3.4,18217586.0,002133.SZ,2026-04-29,广宇集团,,CNY
3.4,3.51,3.39,3.47,20123301.0,002133.SZ,2026-04-30,广宇集团,,CNY
6.35,6.47,6.18,6.4,25079198.0,002135.SZ,2026-03-02,东南网架,,CNY
6.41,6.76,6.41,6.55,44863511.0,002135.SZ,2026-03-03,东南网架,,CNY
6.48,6.82,6.44,6.81,41289305.0,002135.SZ,2026-03-04,东南网架,,CNY
6.88,7.03,6.7,6.95,42218607.0,002135.SZ,2026-03-05,东南网架,,CNY
6.95,7.24,6.73,6.79,55635982.0,002135.SZ,2026-03-06,东南网架,,CNY
6.81,6.83,6.38,6.63,41483372.0,002135.SZ,2026-03-09,东南网架,,CNY
6.63,6.78,6.59,6.66,20721283.0,002135.SZ,2026-03-10,东南网架,,CNY
6.8,6.92,6.58,6.92,40181562.0,002135.SZ,2026-03-11,东南网架,,CNY
6.86,7.33,6.85,7.13,45061741.0,002135.SZ,2026-03-12,东南网架,,CNY
7.12,7.55,7.11,7.33,47792428.0,002135.SZ,2026-03-13,东南网架,,CNY
7.32,7.47,7.08,7.2,45677139.0,002135.SZ,2026-03-16,东南网架,,CNY
7.28,7.69,7.18,7.39,56253625.0,002135.SZ,2026-03-17,东南网架,,CNY
7.3,7.65,7.07,7.65,53086309.0,002135.SZ,2026-03-18,东南网架,,CNY
7.43,7.67,7.2,7.23,50812630.0,002135.SZ,2026-03-19,东南网架,,CNY
7.26,7.29,6.62,6.71,71297713.0,002135.SZ,2026-03-20,东南网架,,CNY
6.39,6.6,6.22,6.28,52774112.0,002135.SZ,2026-03-23,东南网架,,CNY
6.55,6.68,6.32,6.65,41467265.0,002135.SZ,2026-03-24,东南网架,,CNY
6.75,7.23,6.71,7.15,44338269.0,002135.SZ,2026-03-25,东南网架,,CNY
7.06,7.11,6.64,6.69,44224400.0,002135.SZ,2026-03-26,东南网架,,CNY
6.55,6.88,6.55,6.78,27467800.0,002135.SZ,2026-03-27,东南网架,,CNY
6.73,6.8,6.52,6.73,20529124.0,002135.SZ,2026-03-30,东南网架,,CNY
6.76,6.88,6.54,6.54,17904100.0,002135.SZ,2026-03-31,东南网架,,CNY
6.66,7.19,6.65,6.93,72490186.0,002135.SZ,2026-04-01,东南网架,,CNY
6.92,6.99,6.52,6.55,43970496.0,002135.SZ,2026-04-02,东南网架,,CNY
6.56,6.8,6.28,6.76,36208831.0,002135.SZ,2026-04-03,东南网架,,CNY
6.76,6.88,6.59,6.62,23679219.0,002135.SZ,2026-04-07,东南网架,,CNY
6.84,7.02,6.75,7.02,33035876.0,002135.SZ,2026-04-08,东南网架,,CNY
6.94,7.34,6.85,7.2,37365455.0,002135.SZ,2026-04-09,东南网架,,CNY
7.2,7.64,7.17,7.6,51693075.0,002135.SZ,2026-04-10,东南网架,,CNY
7.58,7.83,7.33,7.64,42866661.0,002135.SZ,2026-04-13,东南网架,,CNY
7.7,7.88,7.5,7.59,32382997.0,002135.SZ,2026-04-14,东南网架,,CNY
7.59,7.84,7.48,7.65,25706100.0,002135.SZ,2026-04-15,东南网架,,CNY
7.64,7.7,7.47,7.58,29231864.0,002135.SZ,2026-04-16,东南网架,,CNY
7.58,7.63,7.49,7.53,17455141.0,002135.SZ,2026-04-17,东南网架,,CNY
7.51,7.7,7.35,7.48,30586408.0,002135.SZ,2026-04-20,东南网架,,CNY
7.56,7.81,7.38,7.65,42204100.0,002135.SZ,2026-04-21,东南网架,,CNY
7.61,8.03,7.58,7.67,52671507.0,002135.SZ,2026-04-22,东南网架,,CNY
7.71,7.73,7.3,7.35,38395926.0,002135.SZ,2026-04-23,东南网架,,CNY
7.26,7.38,6.96,7.28,43512300.0,002135.SZ,2026-04-24,东南网架,,CNY
7.21,7.55,7.2,7.44,32641333.0,002135.SZ,2026-04-27,东南网架,,CNY
7.4,7.59,7.31,7.5,34425621.0,002135.SZ,2026-04-28,东南网架,,CNY
7.49,8.03,7.48,7.87,48234831.0,002135.SZ,2026-04-29,东南网架,,CNY
7.87,8.6,7.8,8.51,63117111.0,002135.SZ,2026-04-30,东南网架,,CNY
14.53,14.79,14.31,14.63,27847500.0,002136.SZ,2026-03-02,安纳达,,CNY
14.62,15.07,13.94,13.98,35448723.0,002136.SZ,2026-03-03,安纳达,,CNY
13.44,14.31,13.44,13.95,21118300.0,002136.SZ,2026-03-04,安纳达,,CNY
14.3,14.3,13.6,13.71,17113700.0,002136.SZ,2026-03-05,安纳达,,CNY
13.73,14.54,13.57,14.38,21278201.0,002136.SZ,2026-03-06,安纳达,,CNY
14.61,14.7,14.02,14.2,15069200.0,002136.SZ,2026-03-09,安纳达,,CNY
14.2,14.28,13.94,14.12,10611201.0,002136.SZ,2026-03-10,安纳达,,CNY
14.1,14.74,13.98,14.57,24507899.0,002136.SZ,2026-03-11,安纳达,,CNY
14.53,14.68,14.09,14.18,18333255.0,002136.SZ,2026-03-12,安纳达,,CNY
14.18,14.85,14.14,14.55,26765555.0,002136.SZ,2026-03-13,安纳达,,CNY
14.51,15.3,14.38,14.45,24135055.0,002136.SZ,2026-03-16,安纳达,,CNY
14.22,14.89,13.95,13.95,18390200.0,002136.SZ,2026-03-17,安纳达,,CNY
14.16,14.2,13.64,13.78,13752255.0,002136.SZ,2026-03-18,安纳达,,CNY
13.67,13.79,12.87,12.97,14551602.0,002136.SZ,2026-03-19,安纳达,,CNY
13.16,13.2,12.39,12.42,13506900.0,002136.SZ,2026-03-20,安纳达,,CNY
12.0,12.76,11.85,12.03,14456600.0,002136.SZ,2026-03-23,安纳达,,CNY
12.3,12.43,11.75,12.42,11422500.0,002136.SZ,2026-03-24,安纳达,,CNY
12.44,12.55,12.33,12.46,7522824.0,002136.SZ,2026-03-25,安纳达,,CNY
12.5,12.68,12.19,12.24,7770501.0,002136.SZ,2026-03-26,安纳达,,CNY
12.12,12.78,12.01,12.71,10512124.0,002136.SZ,2026-03-27,安纳达,,CNY
12.58,12.86,12.42,12.8,8311800.0,002136.SZ,2026-03-30,安纳达,,CNY
12.8,13.09,12.6,12.63,7220500.0,002136.SZ,2026-03-31,安纳达,,CNY
12.9,12.9,12.58,12.7,5381600.0,002136.SZ,2026-04-01,安纳达,,CNY
12.72,12.88,12.2,12.33,6686500.0,002136.SZ,2026-04-02,安纳达,,CNY
12.33,12.4,11.74,11.78,7918536.0,002136.SZ,2026-04-03,安纳达,,CNY
11.79,12.6,11.76,12.52,10243700.0,002136.SZ,2026-04-07,安纳达,,CNY
12.63,12.72,12.37,12.69,7269400.0,002136.SZ,2026-04-08,安纳达,,CNY
12.6,12.67,12.45,12.54,4923100.0,002136.SZ,2026-04-09,安纳达,,CNY
12.58,12.87,12.55,12.73,4389700.0,002136.SZ,2026-04-10,安纳达,,CNY
12.73,12.8,12.4,12.74,6483602.0,002136.SZ,2026-04-13,安纳达,,CNY
12.89,12.9,12.49,12.69,5896600.0,002136.SZ,2026-04-14,安纳达,,CNY
12.72,12.79,12.43,12.45,4302000.0,002136.SZ,2026-04-15,安纳达,,CNY
12.48,12.94,12.4,12.87,7062100.0,002136.SZ,2026-04-16,安纳达,,CNY
12.87,13.35,12.8,13.03,6366697.0,002136.SZ,2026-04-17,安纳达,,CNY
13.0,13.73,12.9,13.57,9750600.0,002136.SZ,2026-04-20,安纳达,,CNY
13.8,13.97,13.6,13.82,13142700.0,002136.SZ,2026-04-21,安纳达,,CNY
13.8,14.49,13.69,14.27,15678700.0,002136.SZ,2026-04-22,安纳达,,CNY
14.3,14.39,13.99,14.02,9697600.0,002136.SZ,2026-04-23,安纳达,,CNY
13.99,14.1,13.75,13.99,7527600.0,002136.SZ,2026-04-24,安纳达,,CNY
13.93,14.2,13.61,14.12,8247700.0,002136.SZ,2026-04-27,安纳达,,CNY
13.99,14.12,13.8,13.92,5924600.0,002136.SZ,2026-04-28,安纳达,,CNY
13.8,15.31,13.7,15.31,25593301.0,002136.SZ,2026-04-29,安纳达,,CNY
15.33,15.41,14.9,15.09,24867400.0,002136.SZ,2026-04-30,安纳达,,CNY
13.03,13.13,12.86,12.91,22670219.0,002139.SZ,2026-03-02,拓邦股份,,CNY
12.94,13.0,12.5,12.53,22925614.0,002139.SZ,2026-03-03,拓邦股份,,CNY
12.57,12.66,12.33,12.34,17150196.0,002139.SZ,2026-03-04,拓邦股份,,CNY
12.53,12.7,12.51,12.57,16015309.0,002139.SZ,2026-03-05,拓邦股份,,CNY
12.54,12.69,12.51,12.67,10622421.0,002139.SZ,2026-03-06,拓邦股份,,CNY
12.55,12.58,12.28,12.51,15606380.0,002139.SZ,2026-03-09,拓邦股份,,CNY
12.8,12.83,12.67,12.76,13285853.0,002139.SZ,2026-03-10,拓邦股份,,CNY
12.7,12.87,12.7,12.8,12947836.0,002139.SZ,2026-03-11,拓邦股份,,CNY
12.81,13.13,12.8,13.02,28028777.0,002139.SZ,2026-03-12,拓邦股份,,CNY
12.91,13.0,12.74,12.8,16721506.0,002139.SZ,2026-03-13,拓邦股份,,CNY
12.75,13.04,12.62,13.03,15663866.0,002139.SZ,2026-03-16,拓邦股份,,CNY
13.05,13.1,12.85,12.91,11343975.0,002139.SZ,2026-03-17,拓邦股份,,CNY
12.93,12.95,12.76,12.88,9922499.0,002139.SZ,2026-03-18,拓邦股份,,CNY
12.74,12.8,12.52,12.59,12587593.0,002139.SZ,2026-03-19,拓邦股份,,CNY
12.62,12.8,12.44,12.48,12353273.0,002139.SZ,2026-03-20,拓邦股份,,CNY
12.6,12.99,12.45,12.48,36821556.0,002139.SZ,2026-03-23,拓邦股份,,CNY
12.68,12.74,12.06,12.5,27836037.0,002139.SZ,2026-03-24,拓邦股份,,CNY
12.55,12.69,12.5,12.6,14719312.0,002139.SZ,2026-03-25,拓邦股份,,CNY
12.64,12.64,12.33,12.4,11458364.0,002139.SZ,2026-03-26,拓邦股份,,CNY
12.25,12.46,12.24,12.37,9949132.0,002139.SZ,2026-03-27,拓邦股份,,CNY
12.28,12.29,11.99,12.18,12204833.0,002139.SZ,2026-03-30,拓邦股份,,CNY
12.15,12.24,12.03,12.05,9770411.0,002139.SZ,2026-03-31,拓邦股份,,CNY
12.26,12.36,12.18,12.3,13756846.0,002139.SZ,2026-04-01,拓邦股份,,CNY
12.28,12.4,12.01,12.08,11416218.0,002139.SZ,2026-04-02,拓邦股份,,CNY
12.11,12.13,11.76,11.79,9974995.0,002139.SZ,2026-04-03,拓邦股份,,CNY
11.79,11.85,11.63,11.77,8232593.0,002139.SZ,2026-04-07,拓邦股份,,CNY
12.0,12.26,12.0,12.24,16415093.0,002139.SZ,2026-04-08,拓邦股份,,CNY
12.12,12.13,12.02,12.08,9855551.0,002139.SZ,2026-04-09,拓邦股份,,CNY
12.13,12.41,12.13,12.3,13080409.0,002139.SZ,2026-04-10,拓邦股份,,CNY
12.28,12.5,12.21,12.39,12438857.0,002139.SZ,2026-04-13,拓邦股份,,CNY
12.46,12.53,12.36,12.48,12371483.0,002139.SZ,2026-04-14,拓邦股份,,CNY
12.5,12.55,12.33,12.38,10011057.0,002139.SZ,2026-04-15,拓邦股份,,CNY
12.42,12.47,12.35,12.4,9266066.0,002139.SZ,2026-04-16,拓邦股份,,CNY
12.37,12.47,12.32,12.43,10725695.0,002139.SZ,2026-04-17,拓邦股份,,CNY
12.47,12.53,12.34,12.36,14402625.0,002139.SZ,2026-04-20,拓邦股份,,CNY
12.38,12.39,12.05,12.1,17321007.0,002139.SZ,2026-04-21,拓邦股份,,CNY
12.06,12.29,12.05,12.26,12756635.0,002139.SZ,2026-04-22,拓邦股份,,CNY
12.26,12.3,12.03,12.1,15046825.0,002139.SZ,2026-04-23,拓邦股份,,CNY
12.02,12.1,11.87,11.9,12772422.0,002139.SZ,2026-04-24,拓邦股份,,CNY
11.91,12.12,11.86,12.02,12960341.0,002139.SZ,2026-04-27,拓邦股份,,CNY
11.4,11.4,10.82,10.85,57428598.0,002139.SZ,2026-04-28,拓邦股份,,CNY
10.8,10.96,10.75,10.86,17050408.0,002139.SZ,2026-04-29,拓邦股份,,CNY
10.84,10.95,10.65,10.71,19039696.0,002139.SZ,2026-04-30,拓邦股份,,CNY
16.96,16.96,15.94,16.36,11004001.0,002144.SZ,2026-03-02,宏达高科,,CNY
16.46,17.78,16.28,16.36,12860238.0,002144.SZ,2026-03-03,宏达高科,,CNY
16.22,17.0,15.99,16.18,13239800.0,002144.SZ,2026-03-04,宏达高科,,CNY
16.5,16.8,16.18,16.63,8305377.0,002144.SZ,2026-03-05,宏达高科,,CNY
16.63,16.79,16.16,16.41,6466502.0,002144.SZ,2026-03-06,宏达高科,,CNY
16.13,16.32,15.65,15.87,6919000.0,002144.SZ,2026-03-09,宏达高科,,CNY
16.0,16.42,15.92,16.38,5143600.0,002144.SZ,2026-03-10,宏达高科,,CNY
16.48,16.48,15.84,16.26,5194618.0,002144.SZ,2026-03-11,宏达高科,,CNY
16.25,17.14,16.25,16.34,8808550.0,002144.SZ,2026-03-12,宏达高科,,CNY
16.38,16.43,15.8,15.85,6137100.0,002144.SZ,2026-03-13,宏达高科,,CNY
15.77,16.24,15.61,15.83,5735650.0,002144.SZ,2026-03-16,宏达高科,,CNY
15.98,15.98,15.21,15.22,4880900.0,002144.SZ,2026-03-17,宏达高科,,CNY
15.3,15.78,15.27,15.68,5922500.0,002144.SZ,2026-03-18,宏达高科,,CNY
15.73,15.78,14.84,14.95,6890000.0,002144.SZ,2026-03-19,宏达高科,,CNY
15.03,15.23,14.6,14.62,3792300.0,002144.SZ,2026-03-20,宏达高科,,CNY
14.06,14.7,13.2,13.5,6952300.0,002144.SZ,2026-03-23,宏达高科,,CNY
13.74,14.17,13.36,14.15,5920300.0,002144.SZ,2026-03-24,宏达高科,,CNY
14.25,14.96,14.18,14.56,5225300.0,002144.SZ,2026-03-25,宏达高科,,CNY
14.56,14.81,14.15,14.35,3591801.0,002144.SZ,2026-03-26,宏达高科,,CNY
14.24,14.6,14.1,14.55,3247600.0,002144.SZ,2026-03-27,宏达高科,,CNY
14.45,14.75,14.31,14.62,2923102.0,002144.SZ,2026-03-30,宏达高科,,CNY
14.61,14.82,14.35,14.39,3321300.0,002144.SZ,2026-03-31,宏达高科,,CNY
14.66,14.8,14.5,14.71,3364200.0,002144.SZ,2026-04-01,宏达高科,,CNY
14.7,14.78,14.48,14.55,3504569.0,002144.SZ,2026-04-02,宏达高科,,CNY
14.52,14.75,14.26,14.32,3901703.0,002144.SZ,2026-04-03,宏达高科,,CNY
14.33,14.65,14.13,14.51,3312701.0,002144.SZ,2026-04-07,宏达高科,,CNY
14.73,14.95,14.72,14.8,3310200.0,002144.SZ,2026-04-08,宏达高科,,CNY
14.8,14.8,14.41,14.6,3160300.0,002144.SZ,2026-04-09,宏达高科,,CNY
14.68,15.47,14.68,15.19,6835001.0,002144.SZ,2026-04-10,宏达高科,,CNY
15.19,15.19,14.82,14.97,4222700.0,002144.SZ,2026-04-13,宏达高科,,CNY
15.04,15.36,14.9,15.16,4321000.0,002144.SZ,2026-04-14,宏达高科,,CNY
15.17,15.25,14.98,15.02,2828000.0,002144.SZ,2026-04-15,宏达高科,,CNY
15.01,15.42,14.9,15.3,4154800.0,002144.SZ,2026-04-16,宏达高科,,CNY
15.3,15.58,15.23,15.48,3633656.0,002144.SZ,2026-04-17,宏达高科,,CNY
15.42,15.55,14.93,15.55,5548156.0,002144.SZ,2026-04-20,宏达高科,,CNY
15.53,15.6,15.21,15.3,3620800.0,002144.SZ,2026-04-21,宏达高科,,CNY
15.3,15.35,15.01,15.09,4681000.0,002144.SZ,2026-04-22,宏达高科,,CNY
15.2,15.2,14.71,14.75,3984900.0,002144.SZ,2026-04-23,宏达高科,,CNY
14.68,14.84,14.43,14.67,2778160.0,002144.SZ,2026-04-24,宏达高科,,CNY
14.58,14.58,13.41,14.13,9083325.0,002144.SZ,2026-04-27,宏达高科,,CNY
14.2,14.41,14.07,14.27,5486100.0,002144.SZ,2026-04-28,宏达高科,,CNY
14.13,14.49,14.13,14.28,4477500.0,002144.SZ,2026-04-29,宏达高科,,CNY
14.32,14.4,14.0,14.25,2829000.0,002144.SZ,2026-04-30,宏达高科,,CNY
5.55,5.64,5.43,5.56,135142875.0,002145.SZ,2026-03-02,钛能化学,,CNY
5.6,5.79,5.46,5.48,168365287.0,002145.SZ,2026-03-03,钛能化学,,CNY
5.42,5.63,5.38,5.41,121626299.0,002145.SZ,2026-03-04,钛能化学,,CNY
5.52,5.55,5.33,5.41,79791482.0,002145.SZ,2026-03-05,钛能化学,,CNY
5.38,5.6,5.35,5.53,104087463.0,002145.SZ,2026-03-06,钛能化学,,CNY
5.55,5.6,5.27,5.39,114806293.0,002145.SZ,2026-03-09,钛能化学,,CNY
5.39,5.4,5.21,5.23,126595329.0,002145.SZ,2026-03-10,钛能化学,,CNY
5.22,5.7,5.18,5.64,221334041.0,002145.SZ,2026-03-11,钛能化学,,CNY
5.64,5.64,5.48,5.52,123182230.0,002145.SZ,2026-03-12,钛能化学,,CNY
5.51,5.63,5.43,5.46,106548929.0,002145.SZ,2026-03-13,钛能化学,,CNY
5.44,5.61,5.32,5.38,101709166.0,002145.SZ,2026-03-16,钛能化学,,CNY
5.35,5.47,5.24,5.26,94962796.0,002145.SZ,2026-03-17,钛能化学,,CNY
5.28,5.3,5.14,5.21,73850245.0,002145.SZ,2026-03-18,钛能化学,,CNY
5.2,5.26,5.0,5.03,86983991.0,002145.SZ,2026-03-19,钛能化学,,CNY
5.02,5.06,4.89,4.89,65661925.0,002145.SZ,2026-03-20,钛能化学,,CNY
4.75,4.85,4.61,4.65,82447570.0,002145.SZ,2026-03-23,钛能化学,,CNY
4.73,4.75,4.5,4.71,59038109.0,002145.SZ,2026-03-24,钛能化学,,CNY
4.73,4.81,4.7,4.78,50248128.0,002145.SZ,2026-03-25,钛能化学,,CNY
4.76,4.84,4.73,4.75,40727981.0,002145.SZ,2026-03-26,钛能化学,,CNY
4.7,4.89,4.68,4.88,57513646.0,002145.SZ,2026-03-27,钛能化学,,CNY
4.84,4.88,4.75,4.82,45775309.0,002145.SZ,2026-03-30,钛能化学,,CNY
4.8,4.82,4.65,4.67,51339454.0,002145.SZ,2026-03-31,钛能化学,,CNY
4.75,4.78,4.68,4.7,36067084.0,002145.SZ,2026-04-01,钛能化学,,CNY
4.68,4.69,4.51,4.54,47250375.0,002145.SZ,2026-04-02,钛能化学,,CNY
4.57,4.58,4.38,4.38,42848253.0,002145.SZ,2026-04-03,钛能化学,,CNY
4.39,4.55,4.39,4.52,40386643.0,002145.SZ,2026-04-07,钛能化学,,CNY
4.6,4.67,4.56,4.67,45006401.0,002145.SZ,2026-04-08,钛能化学,,CNY
4.62,4.65,4.56,4.56,31018910.0,002145.SZ,2026-04-09,钛能化学,,CNY
4.58,4.67,4.58,4.59,32716340.0,002145.SZ,2026-04-10,钛能化学,,CNY
4.58,4.62,4.54,4.56,34760025.0,002145.SZ,2026-04-13,钛能化学,,CNY
4.59,4.63,4.54,4.63,36082985.0,002145.SZ,2026-04-14,钛能化学,,CNY
4.64,4.65,4.55,4.57,31571398.0,002145.SZ,2026-04-15,钛能化学,,CNY
4.58,4.65,4.57,4.62,35358924.0,002145.SZ,2026-04-16,钛能化学,,CNY
4.61,4.69,4.6,4.68,42066361.0,002145.SZ,2026-04-17,钛能化学,,CNY
4.68,4.79,4.67,4.74,48363557.0,002145.SZ,2026-04-20,钛能化学,,CNY
4.74,4.76,4.68,4.73,37788738.0,002145.SZ,2026-04-21,钛能化学,,CNY
4.73,4.78,4.71,4.76,38955475.0,002145.SZ,2026-04-22,钛能化学,,CNY
4.75,4.75,4.63,4.65,41594718.0,002145.SZ,2026-04-23,钛能化学,,CNY
4.64,4.68,4.59,4.64,36026006.0,002145.SZ,2026-04-24,钛能化学,,CNY
4.62,4.68,4.57,4.62,36808640.0,002145.SZ,2026-04-27,钛能化学,,CNY
4.58,4.6,4.47,4.49,57301800.0,002145.SZ,2026-04-28,钛能化学,,CNY
4.5,4.76,4.49,4.73,78411196.0,002145.SZ,2026-04-29,钛能化学,,CNY
4.72,4.75,4.56,4.58,57100934.0,002145.SZ,2026-04-30,钛能化学,,CNY
1.66,1.66,1.6,1.61,178955484.0,002146.SZ,2026-03-02,荣盛发展,,CNY
1.61,1.63,1.53,1.54,198956803.0,002146.SZ,2026-03-03,荣盛发展,,CNY
1.52,1.55,1.51,1.55,111738049.0,002146.SZ,2026-03-04,荣盛发展,,CNY
1.56,1.58,1.55,1.55,94052300.0,002146.SZ,2026-03-05,荣盛发展,,CNY
1.54,1.59,1.53,1.59,99256794.0,002146.SZ,2026-03-06,荣盛发展,,CNY
1.57,1.58,1.55,1.56,84301800.0,002146.SZ,2026-03-09,荣盛发展,,CNY
1.57,1.59,1.56,1.57,75741099.0,002146.SZ,2026-03-10,荣盛发展,,CNY
1.57,1.58,1.55,1.58,85930800.0,002146.SZ,2026-03-11,荣盛发展,,CNY
1.57,1.59,1.56,1.56,97587931.0,002146.SZ,2026-03-12,荣盛发展,,CNY
1.56,1.6,1.55,1.56,165364293.0,002146.SZ,2026-03-13,荣盛发展,,CNY
1.56,1.59,1.55,1.57,110386693.0,002146.SZ,2026-03-16,荣盛发展,,CNY
1.57,1.65,1.57,1.6,235044274.0,002146.SZ,2026-03-17,荣盛发展,,CNY
1.59,1.6,1.53,1.55,164457620.0,002146.SZ,2026-03-18,荣盛发展,,CNY
1.54,1.55,1.51,1.52,119740600.0,002146.SZ,2026-03-19,荣盛发展,,CNY
1.51,1.53,1.47,1.47,131144000.0,002146.SZ,2026-03-20,荣盛发展,,CNY
1.46,1.46,1.38,1.38,131004220.0,002146.SZ,2026-03-23,荣盛发展,,CNY
1.42,1.46,1.39,1.45,135102226.0,002146.SZ,2026-03-24,荣盛发展,,CNY
1.45,1.48,1.44,1.48,108872900.0,002146.SZ,2026-03-25,荣盛发展,,CNY
1.47,1.49,1.43,1.44,93700641.0,002146.SZ,2026-03-26,荣盛发展,,CNY
1.42,1.46,1.41,1.46,75992318.0,002146.SZ,2026-03-27,荣盛发展,,CNY
1.45,1.46,1.42,1.45,79455138.0,002146.SZ,2026-03-30,荣盛发展,,CNY
1.45,1.48,1.43,1.43,94158900.0,002146.SZ,2026-03-31,荣盛发展,,CNY
1.45,1.46,1.42,1.43,97873300.0,002146.SZ,2026-04-01,荣盛发展,,CNY
1.43,1.43,1.38,1.39,103215302.0,002146.SZ,2026-04-02,荣盛发展,,CNY
1.39,1.4,1.35,1.36,93661666.0,002146.SZ,2026-04-03,荣盛发展,,CNY
1.36,1.38,1.33,1.37,81396500.0,002146.SZ,2026-04-07,荣盛发展,,CNY
1.39,1.42,1.38,1.42,111958543.0,002146.SZ,2026-04-08,荣盛发展,,CNY
1.41,1.41,1.37,1.38,84913302.0,002146.SZ,2026-04-09,荣盛发展,,CNY
1.39,1.41,1.38,1.38,78462902.0,002146.SZ,2026-04-10,荣盛发展,,CNY
1.37,1.4,1.36,1.39,78028202.0,002146.SZ,2026-04-13,荣盛发展,,CNY
1.39,1.42,1.38,1.41,126719669.0,002146.SZ,2026-04-14,荣盛发展,,CNY
1.42,1.43,1.38,1.38,116303453.0,002146.SZ,2026-04-15,荣盛发展,,CNY
1.38,1.39,1.37,1.38,72758556.0,002146.SZ,2026-04-16,荣盛发展,,CNY
1.38,1.39,1.36,1.37,77515151.0,002146.SZ,2026-04-17,荣盛发展,,CNY
1.36,1.37,1.35,1.35,55531700.0,002146.SZ,2026-04-20,荣盛发展,,CNY
1.36,1.37,1.34,1.34,64270833.0,002146.SZ,2026-04-21,荣盛发展,,CNY
1.33,1.34,1.3,1.31,99804060.0,002146.SZ,2026-04-22,荣盛发展,,CNY
1.3,1.31,1.26,1.28,112047015.0,002146.SZ,2026-04-23,荣盛发展,,CNY
1.27,1.28,1.23,1.25,94268907.0,002146.SZ,2026-04-24,荣盛发展,,CNY
1.24,1.29,1.21,1.27,112509900.0,002146.SZ,2026-04-27,荣盛发展,,CNY
1.26,1.29,1.25,1.26,90989633.0,002146.SZ,2026-04-28,荣盛发展,,CNY
1.28,1.38,1.28,1.33,163732700.0,002146.SZ,2026-04-29,荣盛发展,,CNY
1.33,1.38,1.31,1.35,141354097.0,002146.SZ,2026-04-30,荣盛发展,,CNY
10.71,10.85,10.34,10.5,122264913.0,002176.SZ,2026-03-02,江特电机,,CNY
10.44,10.49,9.91,9.94,103937976.0,002176.SZ,2026-03-03,江特电机,,CNY
9.78,10.15,9.72,9.88,68202133.0,002176.SZ,2026-03-04,江特电机,,CNY
10.12,10.17,9.91,9.99,57715964.0,002176.SZ,2026-03-05,江特电机,,CNY
9.9,10.08,9.87,9.98,45242062.0,002176.SZ,2026-03-06,江特电机,,CNY
9.8,10.18,9.6,10.13,80528016.0,002176.SZ,2026-03-09,江特电机,,CNY
10.2,10.31,10.1,10.16,53430863.0,002176.SZ,2026-03-10,江特电机,,CNY
10.12,10.28,10.04,10.18,52086709.0,002176.SZ,2026-03-11,江特电机,,CNY
10.14,10.17,9.95,10.03,42944946.0,002176.SZ,2026-03-12,江特电机,,CNY
10.04,10.32,9.99,10.01,71210171.0,002176.SZ,2026-03-13,江特电机,,CNY
10.0,10.16,9.88,10.0,45841084.0,002176.SZ,2026-03-16,江特电机,,CNY
10.01,10.09,9.68,9.7,50198552.0,002176.SZ,2026-03-17,江特电机,,CNY
9.76,9.78,9.42,9.57,43844486.0,002176.SZ,2026-03-18,江特电机,,CNY
9.41,9.46,9.18,9.23,44015393.0,002176.SZ,2026-03-19,江特电机,,CNY
9.29,9.52,9.16,9.18,51408435.0,002176.SZ,2026-03-20,江特电机,,CNY
9.12,9.29,8.7,8.83,63160092.0,002176.SZ,2026-03-23,江特电机,,CNY
9.01,9.2,8.78,9.18,58635537.0,002176.SZ,2026-03-24,江特电机,,CNY
9.28,9.45,9.15,9.34,51704138.0,002176.SZ,2026-03-25,江特电机,,CNY
9.3,9.57,9.25,9.35,55615408.0,002176.SZ,2026-03-26,江特电机,,CNY
9.24,10.29,9.22,10.29,94732625.0,002176.SZ,2026-03-27,江特电机,,CNY
10.8,11.09,10.47,10.71,263106130.0,002176.SZ,2026-03-30,江特电机,,CNY
10.59,10.6,10.24,10.26,135259712.0,002176.SZ,2026-03-31,江特电机,,CNY
10.4,10.4,10.05,10.16,83439125.0,002176.SZ,2026-04-01,江特电机,,CNY
10.05,10.69,10.01,10.47,166855478.0,002176.SZ,2026-04-02,江特电机,,CNY
10.45,10.59,10.04,10.04,89427235.0,002176.SZ,2026-04-03,江特电机,,CNY
10.29,10.43,10.14,10.28,75483823.0,002176.SZ,2026-04-07,江特电机,,CNY
10.41,10.51,10.18,10.49,113499269.0,002176.SZ,2026-04-08,江特电机,,CNY
10.39,10.71,10.22,10.49,117544967.0,002176.SZ,2026-04-09,江特电机,,CNY
10.55,11.06,10.49,10.74,172008701.0,002176.SZ,2026-04-10,江特电机,,CNY
10.7,11.0,10.66,10.93,143047307.0,002176.SZ,2026-04-13,江特电机,,CNY
11.11,11.45,10.98,11.28,154211737.0,002176.SZ,2026-04-14,江特电机,,CNY
11.52,11.72,10.88,10.9,141885089.0,002176.SZ,2026-04-15,江特电机,,CNY
11.02,11.37,10.89,11.28,124857134.0,002176.SZ,2026-04-16,江特电机,,CNY
11.35,11.67,11.11,11.12,113934969.0,002176.SZ,2026-04-17,江特电机,,CNY
11.31,11.55,11.15,11.22,95140920.0,002176.SZ,2026-04-20,江特电机,,CNY
11.3,11.92,10.85,11.71,199022469.0,002176.SZ,2026-04-21,江特电机,,CNY
11.5,12.72,11.5,12.39,214981348.0,002176.SZ,2026-04-22,江特电机,,CNY
12.51,12.71,12.11,12.38,160723306.0,002176.SZ,2026-04-23,江特电机,,CNY
12.26,13.62,12.19,13.62,179537771.0,002176.SZ,2026-04-24,江特电机,,CNY
13.83,14.79,13.51,14.49,350763762.0,002176.SZ,2026-04-27,江特电机,,CNY
14.17,14.98,14.13,14.63,266420944.0,002176.SZ,2026-04-28,江特电机,,CNY
13.77,16.09,13.77,16.09,383881400.0,002176.SZ,2026-04-29,江特电机,,CNY
16.27,16.97,15.85,16.05,341734502.0,002176.SZ,2026-04-30,江特电机,,CNY
6.52,6.55,6.28,6.29,30275276.0,002178.SZ,2026-03-02,延华智能,,CNY
6.28,6.38,6.06,6.07,21607376.0,002178.SZ,2026-03-03,延华智能,,CNY
5.94,6.68,5.94,6.68,49844479.0,002178.SZ,2026-03-04,延华智能,,CNY
7.34,7.34,6.71,6.8,126562283.0,002178.SZ,2026-03-05,延华智能,,CNY
6.59,6.99,6.59,6.85,82695862.0,002178.SZ,2026-03-06,延华智能,,CNY
6.66,6.99,6.66,6.93,75213830.0,002178.SZ,2026-03-09,延华智能,,CNY
6.94,6.97,6.8,6.84,49610906.0,002178.SZ,2026-03-10,延华智能,,CNY
6.81,6.92,6.74,6.84,41168162.0,002178.SZ,2026-03-11,延华智能,,CNY
6.78,6.84,6.66,6.71,27982016.0,002178.SZ,2026-03-12,延华智能,,CNY
6.7,6.73,6.51,6.54,24755904.0,002178.SZ,2026-03-13,延华智能,,CNY
6.57,6.79,6.56,6.77,33305902.0,002178.SZ,2026-03-16,延华智能,,CNY
6.77,6.78,6.48,6.49,24614100.0,002178.SZ,2026-03-17,延华智能,,CNY
6.55,6.73,6.5,6.66,20949700.0,002178.SZ,2026-03-18,延华智能,,CNY
6.6,6.74,6.55,6.6,21119200.0,002178.SZ,2026-03-19,延华智能,,CNY
6.59,6.64,6.21,6.21,29449900.0,002178.SZ,2026-03-20,延华智能,,CNY
6.06,6.11,5.8,5.84,25875504.0,002178.SZ,2026-03-23,延华智能,,CNY
6.02,6.13,5.87,6.1,21039404.0,002178.SZ,2026-03-24,延华智能,,CNY
6.11,6.22,6.09,6.19,15724700.0,002178.SZ,2026-03-25,延华智能,,CNY
6.19,6.23,5.98,6.0,17347093.0,002178.SZ,2026-03-26,延华智能,,CNY
5.96,6.12,5.93,6.1,11549007.0,002178.SZ,2026-03-27,延华智能,,CNY
6.03,6.22,5.98,6.21,17274103.0,002178.SZ,2026-03-30,延华智能,,CNY
6.25,6.32,6.13,6.13,13969649.0,002178.SZ,2026-03-31,延华智能,,CNY
6.25,6.47,6.19,6.32,21469300.0,002178.SZ,2026-04-01,延华智能,,CNY
6.26,6.38,6.15,6.18,12924670.0,002178.SZ,2026-04-02,延华智能,,CNY
6.2,6.24,5.96,6.0,13407000.0,002178.SZ,2026-04-03,延华智能,,CNY
6.0,6.09,5.95,6.07,9191000.0,002178.SZ,2026-04-07,延华智能,,CNY
6.19,6.33,6.16,6.32,17027800.0,002178.SZ,2026-04-08,延华智能,,CNY
6.29,6.31,6.16,6.18,12829600.0,002178.SZ,2026-04-09,延华智能,,CNY
6.25,6.26,6.16,6.17,10436700.0,002178.SZ,2026-04-10,延华智能,,CNY
6.19,6.22,6.11,6.19,8865460.0,002178.SZ,2026-04-13,延华智能,,CNY
6.26,6.28,6.08,6.15,13899600.0,002178.SZ,2026-04-14,延华智能,,CNY
6.15,6.17,6.03,6.03,11775900.0,002178.SZ,2026-04-15,延华智能,,CNY
6.05,6.16,6.01,6.14,11444360.0,002178.SZ,2026-04-16,延华智能,,CNY
6.11,6.15,6.02,6.06,10822800.0,002178.SZ,2026-04-17,延华智能,,CNY
6.02,6.08,6.0,6.04,8994300.0,002178.SZ,2026-04-20,延华智能,,CNY
6.02,6.04,5.93,6.03,12662333.0,002178.SZ,2026-04-21,延华智能,,CNY
6.0,6.06,5.97,6.05,9143590.0,002178.SZ,2026-04-22,延华智能,,CNY
6.06,6.12,5.93,5.97,11721005.0,002178.SZ,2026-04-23,延华智能,,CNY
6.03,6.12,6.01,6.1,15400504.0,002178.SZ,2026-04-24,延华智能,,CNY
6.06,6.15,5.98,6.13,15314411.0,002178.SZ,2026-04-27,延华智能,,CNY
6.12,6.12,5.99,6.0,13690504.0,002178.SZ,2026-04-28,延华智能,,CNY
6.01,6.1,5.98,6.06,11733540.0,002178.SZ,2026-04-29,延华智能,,CNY
5.98,6.02,5.8,5.83,23933580.0,002178.SZ,2026-04-30,延华智能,,CNY
21.79,23.14,21.3,22.85,103067964.0,002182.SZ,2026-03-02,宝武镁业,,CNY
22.2,22.35,20.9,21.1,69514668.0,002182.SZ,2026-03-03,宝武镁业,,CNY
20.83,21.45,20.27,20.57,45266132.0,002182.SZ,2026-03-04,宝武镁业,,CNY
21.0,21.1,20.41,20.53,37168886.0,002182.SZ,2026-03-05,宝武镁业,,CNY
20.35,20.72,19.96,20.06,31372530.0,002182.SZ,2026-03-06,宝武镁业,,CNY
19.78,20.05,18.78,19.92,37942624.0,002182.SZ,2026-03-09,宝武镁业,,CNY
20.1,20.38,19.85,20.04,22772237.0,002182.SZ,2026-03-10,宝武镁业,,CNY
20.11,20.48,19.64,19.68,25069665.0,002182.SZ,2026-03-11,宝武镁业,,CNY
19.6,19.92,19.4,19.7,24121720.0,002182.SZ,2026-03-12,宝武镁业,,CNY
19.67,20.2,19.22,19.29,27826551.0,002182.SZ,2026-03-13,宝武镁业,,CNY
19.3,19.36,18.24,18.58,31228692.0,002182.SZ,2026-03-16,宝武镁业,,CNY
18.59,18.99,17.94,17.96,23224265.0,002182.SZ,2026-03-17,宝武镁业,,CNY
17.98,18.14,17.69,18.0,18843431.0,002182.SZ,2026-03-18,宝武镁业,,CNY
17.73,17.73,16.55,16.65,36942224.0,002182.SZ,2026-03-19,宝武镁业,,CNY
16.81,16.94,15.88,15.99,31494637.0,002182.SZ,2026-03-20,宝武镁业,,CNY
15.34,15.87,14.98,15.09,35937754.0,002182.SZ,2026-03-23,宝武镁业,,CNY
15.46,15.61,14.75,15.43,29902460.0,002182.SZ,2026-03-24,宝武镁业,,CNY
15.67,16.01,15.52,15.75,25709905.0,002182.SZ,2026-03-25,宝武镁业,,CNY
15.66,15.75,15.13,15.21,20348478.0,002182.SZ,2026-03-26,宝武镁业,,CNY
15.11,15.7,14.91,15.51,27367776.0,002182.SZ,2026-03-27,宝武镁业,,CNY
15.64,16.15,15.44,15.75,36332098.0,002182.SZ,2026-03-30,宝武镁业,,CNY
15.75,15.84,15.36,15.4,25872960.0,002182.SZ,2026-03-31,宝武镁业,,CNY
15.85,16.58,15.73,16.34,38252237.0,002182.SZ,2026-04-01,宝武镁业,,CNY
16.5,16.5,15.8,16.03,27951083.0,002182.SZ,2026-04-02,宝武镁业,,CNY
16.09,16.15,15.51,15.54,16562331.0,002182.SZ,2026-04-03,宝武镁业,,CNY
15.62,16.07,15.62,15.89,13696995.0,002182.SZ,2026-04-07,宝武镁业,,CNY
16.47,16.63,16.04,16.57,24876000.0,002182.SZ,2026-04-08,宝武镁业,,CNY
16.4,16.44,16.18,16.22,17071120.0,002182.SZ,2026-04-09,宝武镁业,,CNY
16.4,16.55,16.13,16.16,20239753.0,002182.SZ,2026-04-10,宝武镁业,,CNY
16.12,16.58,16.0,16.4,22302798.0,002182.SZ,2026-04-13,宝武镁业,,CNY
16.99,17.08,16.49,16.65,24090447.0,002182.SZ,2026-04-14,宝武镁业,,CNY
16.83,16.88,16.14,16.27,24619529.0,002182.SZ,2026-04-15,宝武镁业,,CNY
16.33,16.77,16.33,16.69,22170237.0,002182.SZ,2026-04-16,宝武镁业,,CNY
16.6,16.78,16.5,16.63,15773990.0,002182.SZ,2026-04-17,宝武镁业,,CNY
16.54,16.89,16.46,16.6,21631145.0,002182.SZ,2026-04-20,宝武镁业,,CNY
16.51,16.58,16.28,16.44,14701664.0,002182.SZ,2026-04-21,宝武镁业,,CNY
16.37,16.85,16.23,16.67,23564266.0,002182.SZ,2026-04-22,宝武镁业,,CNY
16.68,16.7,15.7,15.91,32563082.0,002182.SZ,2026-04-23,宝武镁业,,CNY
15.89,16.33,15.66,16.1,26084283.0,002182.SZ,2026-04-24,宝武镁业,,CNY
16.0,16.2,15.79,15.86,16329083.0,002182.SZ,2026-04-27,宝武镁业,,CNY
15.73,15.79,15.3,15.47,19444516.0,002182.SZ,2026-04-28,宝武镁业,,CNY
15.16,15.75,15.09,15.63,21497609.0,002182.SZ,2026-04-29,宝武镁业,,CNY
15.66,16.05,15.3,15.69,17984683.0,002182.SZ,2026-04-30,宝武镁业,,CNY
5.1,5.18,5.0,5.13,96260643.0,002183.SZ,2026-03-02,怡亚通,,CNY
5.13,5.16,4.88,4.9,86620780.0,002183.SZ,2026-03-03,怡亚通,,CNY
4.83,4.93,4.8,4.83,60395999.0,002183.SZ,2026-03-04,怡亚通,,CNY
4.91,5.02,4.89,4.98,70545142.0,002183.SZ,2026-03-05,怡亚通,,CNY
4.95,5.1,4.92,5.08,54027515.0,002183.SZ,2026-03-06,怡亚通,,CNY
5.03,5.13,4.96,5.11,61159575.0,002183.SZ,2026-03-09,怡亚通,,CNY
5.15,5.28,5.14,5.22,74056586.0,002183.SZ,2026-03-10,怡亚通,,CNY
5.22,5.28,5.2,5.23,65250745.0,002183.SZ,2026-03-11,怡亚通,,CNY
5.21,5.3,5.17,5.26,70552689.0,002183.SZ,2026-03-12,怡亚通,,CNY
5.28,5.3,5.15,5.16,66006500.0,002183.SZ,2026-03-13,怡亚通,,CNY
5.18,5.39,5.15,5.39,126263815.0,002183.SZ,2026-03-16,怡亚通,,CNY
5.42,5.49,5.27,5.29,121929689.0,002183.SZ,2026-03-17,怡亚通,,CNY
5.38,5.47,5.3,5.4,112308877.0,002183.SZ,2026-03-18,怡亚通,,CNY
5.31,5.33,5.21,5.25,80721643.0,002183.SZ,2026-03-19,怡亚通,,CNY
5.28,5.54,5.22,5.37,188219081.0,002183.SZ,2026-03-20,怡亚通,,CNY
5.23,5.36,5.13,5.18,137739996.0,002183.SZ,2026-03-23,怡亚通,,CNY
5.28,5.43,5.13,5.41,173129553.0,002183.SZ,2026-03-24,怡亚通,,CNY
5.42,5.55,5.34,5.49,154147883.0,002183.SZ,2026-03-25,怡亚通,,CNY
5.43,5.76,5.4,5.66,232216691.0,002183.SZ,2026-03-26,怡亚通,,CNY
5.56,5.7,5.52,5.6,146219590.0,002183.SZ,2026-03-27,怡亚通,,CNY
5.52,5.6,5.38,5.54,122448276.0,002183.SZ,2026-03-30,怡亚通,,CNY
5.5,5.78,5.46,5.74,209424586.0,002183.SZ,2026-03-31,怡亚通,,CNY
5.7,5.75,5.54,5.66,152168286.0,002183.SZ,2026-04-01,怡亚通,,CNY
5.62,5.62,5.36,5.38,115129316.0,002183.SZ,2026-04-02,怡亚通,,CNY
5.32,5.52,5.04,5.22,134620009.0,002183.SZ,2026-04-03,怡亚通,,CNY
5.2,5.74,5.14,5.64,217659302.0,002183.SZ,2026-04-07,怡亚通,,CNY
5.7,5.9,5.64,5.84,198274546.0,002183.SZ,2026-04-08,怡亚通,,CNY
5.8,5.82,5.7,5.73,112181908.0,002183.SZ,2026-04-09,怡亚通,,CNY
5.75,5.88,5.69,5.75,126934125.0,002183.SZ,2026-04-10,怡亚通,,CNY
5.75,5.84,5.4,5.73,207829915.0,002183.SZ,2026-04-13,怡亚通,,CNY
5.85,6.07,5.76,5.92,197681495.0,002183.SZ,2026-04-14,怡亚通,,CNY
5.93,6.13,5.85,6.02,169422214.0,002183.SZ,2026-04-15,怡亚通,,CNY
5.97,6.0,5.83,5.9,134085623.0,002183.SZ,2026-04-16,怡亚通,,CNY
5.94,6.48,5.86,6.12,308952154.0,002183.SZ,2026-04-17,怡亚通,,CNY
6.14,6.38,6.08,6.22,210639675.0,002183.SZ,2026-04-20,怡亚通,,CNY
6.18,6.19,5.97,6.01,132047286.0,002183.SZ,2026-04-21,怡亚通,,CNY
5.98,6.09,5.78,6.02,151293178.0,002183.SZ,2026-04-22,怡亚通,,CNY
5.96,5.99,5.74,5.81,114710400.0,002183.SZ,2026-04-23,怡亚通,,CNY
5.77,5.79,5.65,5.7,85579209.0,002183.SZ,2026-04-24,怡亚通,,CNY
5.7,5.74,5.58,5.72,78439741.0,002183.SZ,2026-04-27,怡亚通,,CNY
5.74,5.75,5.55,5.63,77276341.0,002183.SZ,2026-04-28,怡亚通,,CNY
5.57,5.9,5.54,5.76,91962963.0,002183.SZ,2026-04-29,怡亚通,,CNY
5.75,5.78,5.52,5.59,94163612.0,002183.SZ,2026-04-30,怡亚通,,CNY
11.46,11.48,11.14,11.21,7122139.0,002186.SZ,2026-03-02,全聚德,,CNY
11.26,11.41,11.03,11.03,5595800.0,002186.SZ,2026-03-03,全聚德,,CNY
10.98,11.05,10.85,10.95,3979802.0,002186.SZ,2026-03-04,全聚德,,CNY
11.12,11.15,11.0,11.04,3347892.0,002186.SZ,2026-03-05,全聚德,,CNY
11.04,11.29,10.98,11.25,3886452.0,002186.SZ,2026-03-06,全聚德,,CNY
11.11,11.2,10.98,11.06,4790200.0,002186.SZ,2026-03-09,全聚德,,CNY
11.12,11.19,11.09,11.17,3199699.0,002186.SZ,2026-03-10,全聚德,,CNY
11.15,11.15,10.98,11.03,4949700.0,002186.SZ,2026-03-11,全聚德,,CNY
11.02,11.03,10.87,10.92,4092000.0,002186.SZ,2026-03-12,全聚德,,CNY
10.9,11.02,10.88,10.92,3784889.0,002186.SZ,2026-03-13,全聚德,,CNY
10.91,11.02,10.88,10.99,2764301.0,002186.SZ,2026-03-16,全聚德,,CNY
11.02,11.17,10.9,10.92,4488499.0,002186.SZ,2026-03-17,全聚德,,CNY
10.92,10.95,10.76,10.86,3239001.0,002186.SZ,2026-03-18,全聚德,,CNY
10.81,10.88,10.6,10.65,3918998.0,002186.SZ,2026-03-19,全聚德,,CNY
10.7,10.72,10.46,10.46,3795000.0,002186.SZ,2026-03-20,全聚德,,CNY
10.35,10.36,9.7,9.75,6565120.0,002186.SZ,2026-03-23,全聚德,,CNY
10.01,10.15,9.85,10.13,4934098.0,002186.SZ,2026-03-24,全聚德,,CNY
10.13,10.46,10.13,10.41,4266835.0,002186.SZ,2026-03-25,全聚德,,CNY
10.43,10.67,10.29,10.34,4695583.0,002186.SZ,2026-03-26,全聚德,,CNY
10.24,10.48,10.23,10.47,3171100.0,002186.SZ,2026-03-27,全聚德,,CNY
10.34,10.5,10.32,10.45,2308399.0,002186.SZ,2026-03-30,全聚德,,CNY
10.45,10.67,10.44,10.46,3872000.0,002186.SZ,2026-03-31,全聚德,,CNY
10.6,10.65,10.4,10.56,3054400.0,002186.SZ,2026-04-01,全聚德,,CNY
10.55,10.6,10.31,10.4,2957201.0,002186.SZ,2026-04-02,全聚德,,CNY
10.45,10.52,10.09,10.1,2757000.0,002186.SZ,2026-04-03,全聚德,,CNY
10.18,10.35,10.08,10.34,2699700.0,002186.SZ,2026-04-07,全聚德,,CNY
10.49,10.63,10.49,10.62,3263575.0,002186.SZ,2026-04-08,全聚德,,CNY
10.62,10.62,10.25,10.33,4101600.0,002186.SZ,2026-04-09,全聚德,,CNY
10.43,10.59,10.35,10.46,3518368.0,002186.SZ,2026-04-10,全聚德,,CNY
10.44,10.45,10.33,10.41,2071600.0,002186.SZ,2026-04-13,全聚德,,CNY
10.46,10.52,10.32,10.4,2608800.0,002186.SZ,2026-04-14,全聚德,,CNY
10.44,10.64,10.35,10.55,6277200.0,002186.SZ,2026-04-15,全聚德,,CNY
10.55,10.75,10.45,10.66,7042499.0,002186.SZ,2026-04-16,全聚德,,CNY
10.67,10.67,10.4,10.46,5883500.0,002186.SZ,2026-04-17,全聚德,,CNY
10.46,10.53,10.35,10.47,3511922.0,002186.SZ,2026-04-20,全聚德,,CNY
10.45,10.55,10.24,10.36,4872300.0,002186.SZ,2026-04-21,全聚德,,CNY
10.33,10.36,10.16,10.23,4593268.0,002186.SZ,2026-04-22,全聚德,,CNY
10.21,10.32,10.15,10.3,4544200.0,002186.SZ,2026-04-23,全聚德,,CNY
10.41,10.68,10.33,10.59,9119182.0,002186.SZ,2026-04-24,全聚德,,CNY
10.5,10.77,10.49,10.75,6932099.0,002186.SZ,2026-04-27,全聚德,,CNY
10.69,10.78,10.5,10.58,5460655.0,002186.SZ,2026-04-28,全聚德,,CNY
10.66,10.88,10.62,10.82,6198096.0,002186.SZ,2026-04-29,全聚德,,CNY
10.78,10.82,10.64,10.69,4546565.0,002186.SZ,2026-04-30,全聚德,,CNY
7.07,7.15,6.79,6.97,14268501.0,002188.SZ,2026-03-02,中天服务,,CNY
6.97,7.02,6.69,6.7,13621000.0,002188.SZ,2026-03-03,中天服务,,CNY
6.6,6.74,6.52,6.66,11081711.0,002188.SZ,2026-03-04,中天服务,,CNY
6.8,6.95,6.75,6.79,9300235.0,002188.SZ,2026-03-05,中天服务,,CNY
6.76,7.09,6.73,7.08,9566701.0,002188.SZ,2026-03-06,中天服务,,CNY
6.99,7.07,6.82,7.01,10906106.0,002188.SZ,2026-03-09,中天服务,,CNY
7.05,7.25,7.01,7.21,8505361.0,002188.SZ,2026-03-10,中天服务,,CNY
7.23,7.3,7.14,7.2,8425050.0,002188.SZ,2026-03-11,中天服务,,CNY
7.19,7.33,7.01,7.05,8373800.0,002188.SZ,2026-03-12,中天服务,,CNY
7.02,7.2,7.0,7.06,7670701.0,002188.SZ,2026-03-13,中天服务,,CNY
7.07,7.18,7.0,7.09,7685501.0,002188.SZ,2026-03-16,中天服务,,CNY
7.13,7.36,6.98,6.99,11451900.0,002188.SZ,2026-03-17,中天服务,,CNY
7.02,7.1,6.96,7.06,8736505.0,002188.SZ,2026-03-18,中天服务,,CNY
7.01,7.08,6.69,6.74,10488100.0,002188.SZ,2026-03-19,中天服务,,CNY
6.74,6.85,6.3,6.3,21842400.0,002188.SZ,2026-03-20,中天服务,,CNY
6.23,6.36,5.87,5.94,20819950.0,002188.SZ,2026-03-23,中天服务,,CNY
6.1,6.45,6.03,6.45,17844100.0,002188.SZ,2026-03-24,中天服务,,CNY
6.49,6.7,6.45,6.68,14250001.0,002188.SZ,2026-03-25,中天服务,,CNY
6.68,6.84,6.54,6.6,10782800.0,002188.SZ,2026-03-26,中天服务,,CNY
6.52,6.72,6.47,6.69,8273600.0,002188.SZ,2026-03-27,中天服务,,CNY
6.66,6.87,6.6,6.83,11504500.0,002188.SZ,2026-03-30,中天服务,,CNY
6.87,6.95,6.63,6.64,10850200.0,002188.SZ,2026-03-31,中天服务,,CNY
6.84,6.87,6.46,6.52,13446605.0,002188.SZ,2026-04-01,中天服务,,CNY
6.53,6.58,6.17,6.28,12750100.0,002188.SZ,2026-04-02,中天服务,,CNY
6.29,6.29,5.98,6.06,12254400.0,002188.SZ,2026-04-03,中天服务,,CNY
6.02,6.25,6.0,6.21,12529000.0,002188.SZ,2026-04-07,中天服务,,CNY
6.36,6.83,6.35,6.83,14780200.0,002188.SZ,2026-04-08,中天服务,,CNY
6.6,6.74,6.29,6.4,43989175.0,002188.SZ,2026-04-09,中天服务,,CNY
6.4,6.44,6.24,6.26,24565200.0,002188.SZ,2026-04-10,中天服务,,CNY
6.34,6.87,6.18,6.49,38024450.0,002188.SZ,2026-04-13,中天服务,,CNY
6.57,6.65,6.45,6.61,25570863.0,002188.SZ,2026-04-14,中天服务,,CNY
6.63,6.66,6.34,6.38,17224825.0,002188.SZ,2026-04-15,中天服务,,CNY
6.4,6.56,6.32,6.53,13871000.0,002188.SZ,2026-04-16,中天服务,,CNY
6.58,6.58,6.44,6.5,11185400.0,002188.SZ,2026-04-17,中天服务,,CNY
6.5,6.55,6.3,6.53,11180300.0,002188.SZ,2026-04-20,中天服务,,CNY
6.53,6.6,6.48,6.57,10308600.0,002188.SZ,2026-04-21,中天服务,,CNY
6.57,6.59,6.37,6.41,9913454.0,002188.SZ,2026-04-22,中天服务,,CNY
6.43,6.43,6.21,6.32,11752763.0,002188.SZ,2026-04-23,中天服务,,CNY
6.27,6.44,6.18,6.35,11608954.0,002188.SZ,2026-04-24,中天服务,,CNY
6.45,6.66,6.38,6.63,13424000.0,002188.SZ,2026-04-27,中天服务,,CNY
6.64,6.77,6.6,6.7,12915237.0,002188.SZ,2026-04-28,中天服务,,CNY
6.68,6.93,6.65,6.88,12441537.0,002188.SZ,2026-04-29,中天服务,,CNY
6.84,7.33,6.83,7.22,20138977.0,002188.SZ,2026-04-30,中天服务,,CNY
37.95,38.84,37.6,37.93,21586946.0,002190.SZ,2026-03-02,成飞集成,,CNY
37.18,37.5,35.68,35.71,12521171.0,002190.SZ,2026-03-03,成飞集成,,CNY
35.36,36.35,34.13,35.8,7311146.0,002190.SZ,2026-03-04,成飞集成,,CNY
35.8,35.9,35.11,35.22,5804498.0,002190.SZ,2026-03-05,成飞集成,,CNY
35.23,35.42,34.86,35.28,3921723.0,002190.SZ,2026-03-06,成飞集成,,CNY
35.14,35.14,34.35,34.5,5091852.0,002190.SZ,2026-03-09,成飞集成,,CNY
34.42,34.85,34.42,34.67,3030799.0,002190.SZ,2026-03-10,成飞集成,,CNY
34.68,36.15,34.52,35.28,7137371.0,002190.SZ,2026-03-11,成飞集成,,CNY
34.85,34.98,34.58,34.7,3985935.0,002190.SZ,2026-03-12,成飞集成,,CNY
34.68,35.51,34.21,34.65,5170247.0,002190.SZ,2026-03-13,成飞集成,,CNY
34.6,34.6,34.15,34.25,3326300.0,002190.SZ,2026-03-16,成飞集成,,CNY
34.38,34.49,34.18,34.25,2899801.0,002190.SZ,2026-03-17,成飞集成,,CNY
34.25,34.27,33.8,33.97,3057450.0,002190.SZ,2026-03-18,成飞集成,,CNY
33.81,33.81,32.24,32.28,5398136.0,002190.SZ,2026-03-19,成飞集成,,CNY
32.03,32.6,30.51,30.7,6602666.0,002190.SZ,2026-03-20,成飞集成,,CNY
30.16,30.65,28.89,28.94,7566091.0,002190.SZ,2026-03-23,成飞集成,,CNY
29.44,30.64,29.04,30.28,9633602.0,002190.SZ,2026-03-24,成飞集成,,CNY
29.98,33.3,29.81,32.4,12424196.0,002190.SZ,2026-03-25,成飞集成,,CNY
31.7,31.82,30.64,30.8,8132901.0,002190.SZ,2026-03-26,成飞集成,,CNY
30.5,31.37,30.28,31.15,4437933.0,002190.SZ,2026-03-27,成飞集成,,CNY
30.66,31.64,30.63,31.35,3614291.0,002190.SZ,2026-03-30,成飞集成,,CNY
31.25,31.59,31.11,31.12,3462099.0,002190.SZ,2026-03-31,成飞集成,,CNY
31.48,31.55,30.86,31.23,3116851.0,002190.SZ,2026-04-01,成飞集成,,CNY
31.2,31.38,30.7,30.83,2910692.0,002190.SZ,2026-04-02,成飞集成,,CNY
31.1,31.1,30.04,30.18,2517800.0,002190.SZ,2026-04-03,成飞集成,,CNY
30.13,30.3,30.06,30.18,1840958.0,002190.SZ,2026-04-07,成飞集成,,CNY
30.55,31.19,30.38,31.09,4366086.0,002190.SZ,2026-04-08,成飞集成,,CNY
30.85,31.13,30.74,30.88,2925315.0,002190.SZ,2026-04-09,成飞集成,,CNY
31.13,31.49,31.0,31.03,3606819.0,002190.SZ,2026-04-10,成飞集成,,CNY
31.04,33.99,30.99,32.66,13401076.0,002190.SZ,2026-04-13,成飞集成,,CNY
32.61,32.65,31.77,32.06,8676499.0,002190.SZ,2026-04-14,成飞集成,,CNY
31.9,32.22,31.6,31.63,5009300.0,002190.SZ,2026-04-15,成飞集成,,CNY
31.53,31.75,31.44,31.65,3738640.0,002190.SZ,2026-04-16,成飞集成,,CNY
31.68,31.78,31.31,31.72,3444514.0,002190.SZ,2026-04-17,成飞集成,,CNY
31.71,32.08,31.5,32.01,4168428.0,002190.SZ,2026-04-20,成飞集成,,CNY
32.01,32.33,31.63,31.8,4401932.0,002190.SZ,2026-04-21,成飞集成,,CNY
31.66,31.67,31.33,31.56,3131755.0,002190.SZ,2026-04-22,成飞集成,,CNY
31.4,31.65,30.91,31.1,3586699.0,002190.SZ,2026-04-23,成飞集成,,CNY
30.9,31.03,30.51,30.56,2930286.0,002190.SZ,2026-04-24,成飞集成,,CNY
30.5,30.72,30.11,30.66,2883000.0,002190.SZ,2026-04-27,成飞集成,,CNY
29.95,29.95,29.0,29.06,7896302.0,002190.SZ,2026-04-28,成飞集成,,CNY
29.08,29.35,28.8,29.23,3568934.0,002190.SZ,2026-04-29,成飞集成,,CNY
29.17,29.53,29.1,29.52,3082675.0,002190.SZ,2026-04-30,成飞集成,,CNY
4.0,4.02,3.94,3.96,19083653.0,002191.SZ,2026-03-02,劲嘉股份,,CNY
3.96,3.97,3.83,3.84,24353622.0,002191.SZ,2026-03-03,劲嘉股份,,CNY
3.83,3.84,3.78,3.83,12789690.0,002191.SZ,2026-03-04,劲嘉股份,,CNY
3.88,3.9,3.85,3.88,11705942.0,002191.SZ,2026-03-05,劲嘉股份,,CNY
3.88,3.92,3.86,3.91,9328671.0,002191.SZ,2026-03-06,劲嘉股份,,CNY
3.87,3.93,3.84,3.91,11637846.0,002191.SZ,2026-03-09,劲嘉股份,,CNY
3.94,3.96,3.92,3.93,9803600.0,002191.SZ,2026-03-10,劲嘉股份,,CNY
3.95,3.95,3.91,3.94,8100302.0,002191.SZ,2026-03-11,劲嘉股份,,CNY
3.94,3.98,3.92,3.94,11424602.0,002191.SZ,2026-03-12,劲嘉股份,,CNY
3.92,3.98,3.92,3.94,13430978.0,002191.SZ,2026-03-13,劲嘉股份,,CNY
3.95,4.02,3.93,4.02,17107000.0,002191.SZ,2026-03-16,劲嘉股份,,CNY
4.01,4.04,3.95,3.95,16042600.0,002191.SZ,2026-03-17,劲嘉股份,,CNY
3.95,3.97,3.9,3.94,10441800.0,002191.SZ,2026-03-18,劲嘉股份,,CNY
3.92,3.93,3.84,3.85,11045804.0,002191.SZ,2026-03-19,劲嘉股份,,CNY
3.87,3.87,3.76,3.77,13786668.0,002191.SZ,2026-03-20,劲嘉股份,,CNY
3.74,3.74,3.48,3.5,22491175.0,002191.SZ,2026-03-23,劲嘉股份,,CNY
3.6,3.64,3.52,3.64,16804600.0,002191.SZ,2026-03-24,劲嘉股份,,CNY
3.65,3.68,3.63,3.66,11961906.0,002191.SZ,2026-03-25,劲嘉股份,,CNY
3.66,3.72,3.61,3.63,8416600.0,002191.SZ,2026-03-26,劲嘉股份,,CNY
3.6,3.67,3.58,3.66,8915206.0,002191.SZ,2026-03-27,劲嘉股份,,CNY
3.65,3.7,3.6,3.68,8471373.0,002191.SZ,2026-03-30,劲嘉股份,,CNY
3.68,3.74,3.64,3.66,9178803.0,002191.SZ,2026-03-31,劲嘉股份,,CNY
3.7,3.73,3.65,3.71,10037175.0,002191.SZ,2026-04-01,劲嘉股份,,CNY
3.71,3.72,3.63,3.66,7478953.0,002191.SZ,2026-04-02,劲嘉股份,,CNY
3.66,3.67,3.54,3.55,9593205.0,002191.SZ,2026-04-03,劲嘉股份,,CNY
3.58,3.64,3.55,3.6,11221668.0,002191.SZ,2026-04-07,劲嘉股份,,CNY
3.65,3.69,3.63,3.68,12693955.0,002191.SZ,2026-04-08,劲嘉股份,,CNY
3.65,3.7,3.62,3.63,9731900.0,002191.SZ,2026-04-09,劲嘉股份,,CNY
3.66,3.75,3.64,3.66,14660182.0,002191.SZ,2026-04-10,劲嘉股份,,CNY
3.65,3.71,3.62,3.7,14033061.0,002191.SZ,2026-04-13,劲嘉股份,,CNY
3.72,3.73,3.66,3.71,10413304.0,002191.SZ,2026-04-14,劲嘉股份,,CNY
3.71,3.72,3.67,3.69,9712155.0,002191.SZ,2026-04-15,劲嘉股份,,CNY
3.7,3.71,3.66,3.71,10682880.0,002191.SZ,2026-04-16,劲嘉股份,,CNY
3.69,3.7,3.63,3.66,14866166.0,002191.SZ,2026-04-17,劲嘉股份,,CNY
3.63,3.66,3.61,3.63,10466309.0,002191.SZ,2026-04-20,劲嘉股份,,CNY
3.63,3.64,3.57,3.6,13094000.0,002191.SZ,2026-04-21,劲嘉股份,,CNY
3.57,3.6,3.53,3.54,11470379.0,002191.SZ,2026-04-22,劲嘉股份,,CNY
3.54,3.55,3.5,3.54,12802593.0,002191.SZ,2026-04-23,劲嘉股份,,CNY
3.54,3.54,3.48,3.5,10340191.0,002191.SZ,2026-04-24,劲嘉股份,,CNY
3.52,3.58,3.46,3.57,16760724.0,002191.SZ,2026-04-27,劲嘉股份,,CNY
3.63,3.93,3.63,3.77,78083925.0,002191.SZ,2026-04-28,劲嘉股份,,CNY
3.71,3.8,3.68,3.72,43570052.0,002191.SZ,2026-04-29,劲嘉股份,,CNY
3.7,3.81,3.69,3.79,30355000.0,002191.SZ,2026-04-30,劲嘉股份,,CNY
58.85,60.23,56.99,58.44,15194092.0,002192.SZ,2026-03-02,融捷股份,,CNY
57.41,59.16,54.79,55.07,16530194.0,002192.SZ,2026-03-03,融捷股份,,CNY
54.6,56.5,53.81,54.59,11844080.0,002192.SZ,2026-03-04,融捷股份,,CNY
55.6,56.68,54.1,54.66,9951183.0,002192.SZ,2026-03-05,融捷股份,,CNY
54.66,56.39,54.28,54.84,9649785.0,002192.SZ,2026-03-06,融捷股份,,CNY
53.13,55.89,51.7,55.6,12856361.0,002192.SZ,2026-03-09,融捷股份,,CNY
56.05,57.82,56.05,57.06,10668542.0,002192.SZ,2026-03-10,融捷股份,,CNY
56.98,58.13,56.01,57.36,13963071.0,002192.SZ,2026-03-11,融捷股份,,CNY
57.24,57.75,56.0,56.7,8564600.0,002192.SZ,2026-03-12,融捷股份,,CNY
57.36,60.22,56.8,57.1,15348033.0,002192.SZ,2026-03-13,融捷股份,,CNY
57.38,58.16,55.68,57.92,13797155.0,002192.SZ,2026-03-16,融捷股份,,CNY
58.0,58.85,56.61,56.69,11620751.0,002192.SZ,2026-03-17,融捷股份,,CNY
56.87,57.22,54.8,55.7,8697136.0,002192.SZ,2026-03-18,融捷股份,,CNY
54.87,55.06,51.9,52.32,11679267.0,002192.SZ,2026-03-19,融捷股份,,CNY
53.0,56.15,52.21,53.08,15522177.0,002192.SZ,2026-03-20,融捷股份,,CNY
51.99,55.98,51.9,53.27,15037285.0,002192.SZ,2026-03-23,融捷股份,,CNY
57.41,58.6,56.66,58.6,29451982.0,002192.SZ,2026-03-24,融捷股份,,CNY
63.0,64.46,62.6,64.46,38163313.0,002192.SZ,2026-03-25,融捷股份,,CNY
67.06,70.91,65.62,70.91,40667150.0,002192.SZ,2026-03-26,融捷股份,,CNY
73.33,78.0,72.72,78.0,42122304.0,002192.SZ,2026-03-27,融捷股份,,CNY
83.35,84.44,80.03,81.98,63041001.0,002192.SZ,2026-03-30,融捷股份,,CNY
82.24,82.8,75.6,76.28,52013708.0,002192.SZ,2026-03-31,融捷股份,,CNY
75.0,75.71,70.25,70.63,44567132.0,002192.SZ,2026-04-01,融捷股份,,CNY
70.67,75.55,69.11,72.32,45009628.0,002192.SZ,2026-04-02,融捷股份,,CNY
73.2,73.4,67.63,71.29,32810641.0,002192.SZ,2026-04-03,融捷股份,,CNY
71.43,72.98,70.07,71.28,22888070.0,002192.SZ,2026-04-07,融捷股份,,CNY
69.92,71.72,68.0,71.68,29555484.0,002192.SZ,2026-04-08,融捷股份,,CNY
71.96,75.78,69.5,73.05,39169520.0,002192.SZ,2026-04-09,融捷股份,,CNY
73.0,76.0,71.88,73.17,44134040.0,002192.SZ,2026-04-10,融捷股份,,CNY
72.93,79.74,72.69,78.32,47656511.0,002192.SZ,2026-04-13,融捷股份,,CNY
77.54,79.74,76.35,79.5,35415905.0,002192.SZ,2026-04-14,融捷股份,,CNY
79.8,80.15,74.62,75.28,34004665.0,002192.SZ,2026-04-15,融捷股份,,CNY
76.29,81.8,75.0,80.02,37189815.0,002192.SZ,2026-04-16,融捷股份,,CNY
80.06,88.02,80.06,84.55,40922591.0,002192.SZ,2026-04-17,融捷股份,,CNY
85.14,87.58,81.5,82.33,30391932.0,002192.SZ,2026-04-20,融捷股份,,CNY
82.65,84.88,80.08,80.67,33306447.0,002192.SZ,2026-04-21,融捷股份,,CNY
80.15,82.0,79.18,81.55,24143227.0,002192.SZ,2026-04-22,融捷股份,,CNY
81.35,81.44,77.56,78.44,22038436.0,002192.SZ,2026-04-23,融捷股份,,CNY
78.97,86.28,78.0,86.28,29681438.0,002192.SZ,2026-04-24,融捷股份,,CNY
89.03,94.79,88.39,90.42,41931697.0,002192.SZ,2026-04-27,融捷股份,,CNY
90.93,93.0,87.01,90.26,34012960.0,002192.SZ,2026-04-28,融捷股份,,CNY
90.44,99.29,88.88,99.29,39981284.0,002192.SZ,2026-04-29,融捷股份,,CNY
103.85,109.22,102.1,109.22,33849554.0,002192.SZ,2026-04-30,融捷股份,,CNY
6.76,6.88,6.5,6.54,14175900.0,002193.SZ,2026-03-02,如意集团,,CNY
6.54,6.62,6.22,6.26,16169043.0,002193.SZ,2026-03-03,如意集团,,CNY
6.22,6.44,6.13,6.34,11360000.0,002193.SZ,2026-03-04,如意集团,,CNY
6.46,6.6,6.4,6.45,9241800.0,002193.SZ,2026-03-05,如意集团,,CNY
6.44,6.55,6.28,6.53,7403200.0,002193.SZ,2026-03-06,如意集团,,CNY
6.5,6.55,6.28,6.43,9096600.0,002193.SZ,2026-03-09,如意集团,,CNY
6.55,6.68,6.49,6.64,9748524.0,002193.SZ,2026-03-10,如意集团,,CNY
6.68,6.73,6.45,6.52,11855700.0,002193.SZ,2026-03-11,如意集团,,CNY
6.55,6.58,6.3,6.36,8776600.0,002193.SZ,2026-03-12,如意集团,,CNY
6.36,6.49,6.28,6.31,8437200.0,002193.SZ,2026-03-13,如意集团,,CNY
6.3,6.47,6.25,6.36,7542400.0,002193.SZ,2026-03-16,如意集团,,CNY
6.36,6.47,6.18,6.2,7184300.0,002193.SZ,2026-03-17,如意集团,,CNY
6.24,6.44,6.08,6.42,9926200.0,002193.SZ,2026-03-18,如意集团,,CNY
6.39,6.65,6.25,6.4,22338600.0,002193.SZ,2026-03-19,如意集团,,CNY
6.42,6.51,6.01,6.17,15346200.0,002193.SZ,2026-03-20,如意集团,,CNY
5.76,6.22,5.67,5.75,19938735.0,002193.SZ,2026-03-23,如意集团,,CNY
6.04,6.11,5.7,6.11,15006000.0,002193.SZ,2026-03-24,如意集团,,CNY
6.2,6.27,6.05,6.23,11028002.0,002193.SZ,2026-03-25,如意集团,,CNY
6.26,6.34,6.05,6.17,12920741.0,002193.SZ,2026-03-26,如意集团,,CNY
6.23,6.26,6.07,6.22,8595069.0,002193.SZ,2026-03-27,如意集团,,CNY
6.19,6.3,6.1,6.28,8660500.0,002193.SZ,2026-03-30,如意集团,,CNY
6.3,6.38,6.09,6.11,9476900.0,002193.SZ,2026-03-31,如意集团,,CNY
6.2,6.28,5.95,6.0,11104201.0,002193.SZ,2026-04-01,如意集团,,CNY
5.93,6.02,5.57,5.66,11425441.0,002193.SZ,2026-04-02,如意集团,,CNY
5.51,5.71,5.35,5.39,10097200.0,002193.SZ,2026-04-03,如意集团,,CNY
5.5,5.93,5.22,5.93,11301100.0,002193.SZ,2026-04-07,如意集团,,CNY
6.08,6.13,5.82,6.12,19903900.0,002193.SZ,2026-04-08,如意集团,,CNY
6.26,6.33,6.13,6.21,13004200.0,002193.SZ,2026-04-09,如意集团,,CNY
6.3,6.49,6.14,6.44,16100300.0,002193.SZ,2026-04-10,如意集团,,CNY
6.45,6.67,6.32,6.65,15117021.0,002193.SZ,2026-04-13,如意集团,,CNY
6.74,6.81,6.47,6.52,12766700.0,002193.SZ,2026-04-14,如意集团,,CNY
6.53,6.55,6.39,6.44,7267400.0,002193.SZ,2026-04-15,如意集团,,CNY
6.55,6.64,6.33,6.54,10186100.0,002193.SZ,2026-04-16,如意集团,,CNY
6.47,6.61,6.47,6.55,7824500.0,002193.SZ,2026-04-17,如意集团,,CNY
6.52,6.56,6.28,6.54,10683649.0,002193.SZ,2026-04-20,如意集团,,CNY
6.52,6.62,6.35,6.48,6772993.0,002193.SZ,2026-04-21,如意集团,,CNY
6.47,6.5,6.22,6.25,8946344.0,002193.SZ,2026-04-22,如意集团,,CNY
6.24,6.24,6.1,6.17,6765400.0,002193.SZ,2026-04-23,如意集团,,CNY
6.17,6.25,6.07,6.2,7084800.0,002193.SZ,2026-04-24,如意集团,,CNY
6.26,6.6,6.13,6.54,13466600.0,002193.SZ,2026-04-27,如意集团,,CNY
6.67,7.19,6.43,6.51,32271100.0,002193.SZ,2026-04-28,如意集团,,CNY
6.31,7.01,6.21,6.86,23662100.0,002193.SZ,2026-04-29,如意集团,,CNY
12.96,13.27,12.52,12.62,49145453.0,002216.SZ,2026-03-02,三全食品,,CNY
12.6,13.2,12.44,12.87,41623237.0,002216.SZ,2026-03-03,三全食品,,CNY
12.76,12.88,12.47,12.63,22238444.0,002216.SZ,2026-03-04,三全食品,,CNY
12.71,12.76,12.22,12.32,22287023.0,002216.SZ,2026-03-05,三全食品,,CNY
12.2,12.79,12.17,12.6,19726727.0,002216.SZ,2026-03-06,三全食品,,CNY
12.54,12.84,12.35,12.51,16757060.0,002216.SZ,2026-03-09,三全食品,,CNY
12.59,12.78,12.44,12.53,13636698.0,002216.SZ,2026-03-10,三全食品,,CNY
12.54,12.56,12.26,12.42,12499511.0,002216.SZ,2026-03-11,三全食品,,CNY
12.39,12.41,12.11,12.25,13690770.0,002216.SZ,2026-03-12,三全食品,,CNY
12.24,12.4,12.14,12.18,11497330.0,002216.SZ,2026-03-13,三全食品,,CNY
12.17,12.35,12.13,12.35,11320776.0,002216.SZ,2026-03-16,三全食品,,CNY
12.39,12.42,12.03,12.07,10021471.0,002216.SZ,2026-03-17,三全食品,,CNY
12.12,12.18,11.98,12.12,7029802.0,002216.SZ,2026-03-18,三全食品,,CNY
12.0,12.1,11.8,11.85,8170353.0,002216.SZ,2026-03-19,三全食品,,CNY
11.83,12.01,11.73,11.74,7413160.0,002216.SZ,2026-03-20,三全食品,,CNY
11.61,12.09,11.48,11.6,14503323.0,002216.SZ,2026-03-23,三全食品,,CNY
11.8,11.84,11.4,11.69,10023550.0,002216.SZ,2026-03-24,三全食品,,CNY
11.87,12.0,11.79,11.98,8368010.0,002216.SZ,2026-03-25,三全食品,,CNY
12.09,12.6,12.04,12.35,16391407.0,002216.SZ,2026-03-26,三全食品,,CNY
12.27,12.49,12.18,12.39,8653484.0,002216.SZ,2026-03-27,三全食品,,CNY
12.25,12.63,12.22,12.63,10832783.0,002216.SZ,2026-03-30,三全食品,,CNY
12.62,12.96,12.56,12.65,12280180.0,002216.SZ,2026-03-31,三全食品,,CNY
12.76,12.87,12.64,12.78,9396228.0,002216.SZ,2026-04-01,三全食品,,CNY
12.76,12.99,12.65,12.87,8750192.0,002216.SZ,2026-04-02,三全食品,,CNY
12.85,12.87,12.51,12.65,9527531.0,002216.SZ,2026-04-03,三全食品,,CNY
12.64,12.93,12.62,12.87,8478547.0,002216.SZ,2026-04-07,三全食品,,CNY
12.99,12.99,12.7,12.84,10545004.0,002216.SZ,2026-04-08,三全食品,,CNY
12.83,13.03,12.76,12.81,7778022.0,002216.SZ,2026-04-09,三全食品,,CNY
12.81,12.89,12.7,12.74,7231440.0,002216.SZ,2026-04-10,三全食品,,CNY
12.72,12.87,12.64,12.71,5213560.0,002216.SZ,2026-04-13,三全食品,,CNY
12.76,12.8,12.46,12.63,6965626.0,002216.SZ,2026-04-14,三全食品,,CNY
12.64,12.77,12.59,12.75,4304500.0,002216.SZ,2026-04-15,三全食品,,CNY
12.74,13.08,12.67,12.96,8042659.0,002216.SZ,2026-04-16,三全食品,,CNY
12.93,12.95,12.8,12.94,4506290.0,002216.SZ,2026-04-17,三全食品,,CNY
12.84,13.13,12.84,13.09,6836109.0,002216.SZ,2026-04-20,三全食品,,CNY
13.08,13.19,12.96,13.12,5933389.0,002216.SZ,2026-04-21,三全食品,,CNY
13.15,13.24,12.99,13.09,5421520.0,002216.SZ,2026-04-22,三全食品,,CNY
13.12,13.69,13.09,13.46,12224201.0,002216.SZ,2026-04-23,三全食品,,CNY
13.37,13.68,13.23,13.62,9111351.0,002216.SZ,2026-04-24,三全食品,,CNY
13.88,14.66,13.72,14.43,25620163.0,002216.SZ,2026-04-27,三全食品,,CNY
14.4,14.77,14.27,14.65,18173539.0,002216.SZ,2026-04-28,三全食品,,CNY
14.68,15.06,14.53,14.58,17523842.0,002216.SZ,2026-04-29,三全食品,,CNY
14.6,14.72,14.26,14.38,11719889.0,002216.SZ,2026-04-30,三全食品,,CNY
8.95,9.4,8.64,9.33,85712180.0,002221.SZ,2026-03-02,东华能源,,CNY
9.34,10.14,9.12,10.01,142861334.0,002221.SZ,2026-03-03,东华能源,,CNY
9.59,9.59,9.01,9.01,81555181.0,002221.SZ,2026-03-04,东华能源,,CNY
9.03,9.17,8.78,8.97,56979895.0,002221.SZ,2026-03-05,东华能源,,CNY
8.87,9.12,8.63,8.96,45093492.0,002221.SZ,2026-03-06,东华能源,,CNY
9.4,9.49,8.77,8.77,65428003.0,002221.SZ,2026-03-09,东华能源,,CNY
8.59,8.78,8.51,8.65,42064750.0,002221.SZ,2026-03-10,东华能源,,CNY
8.58,8.95,8.42,8.89,51808949.0,002221.SZ,2026-03-11,东华能源,,CNY
8.91,9.78,8.89,9.74,141752036.0,002221.SZ,2026-03-12,东华能源,,CNY
9.94,9.97,9.36,9.43,79599482.0,002221.SZ,2026-03-13,东华能源,,CNY
9.53,9.85,9.31,9.34,62600284.0,002221.SZ,2026-03-16,东华能源,,CNY
9.37,9.65,9.16,9.27,40986587.0,002221.SZ,2026-03-17,东华能源,,CNY
9.26,9.46,8.96,9.07,34568500.0,002221.SZ,2026-03-18,东华能源,,CNY
9.3,9.59,9.07,9.34,72222401.0,002221.SZ,2026-03-19,东华能源,,CNY
9.15,9.53,8.9,9.14,50457163.0,002221.SZ,2026-03-20,东华能源,,CNY
9.18,9.2,8.67,8.7,51070848.0,002221.SZ,2026-03-23,东华能源,,CNY
8.71,9.28,8.51,9.14,49841815.0,002221.SZ,2026-03-24,东华能源,,CNY
8.98,9.04,8.82,8.88,35576316.0,002221.SZ,2026-03-25,东华能源,,CNY
8.86,8.92,8.61,8.64,28946289.0,002221.SZ,2026-03-26,东华能源,,CNY
8.68,9.01,8.65,8.89,39466593.0,002221.SZ,2026-03-27,东华能源,,CNY
8.89,9.37,8.89,8.96,43631620.0,002221.SZ,2026-03-30,东华能源,,CNY
8.9,9.07,8.64,8.67,31271501.0,002221.SZ,2026-03-31,东华能源,,CNY
8.64,8.82,8.49,8.52,23146100.0,002221.SZ,2026-04-01,东华能源,,CNY
8.59,8.71,8.39,8.45,25404354.0,002221.SZ,2026-04-02,东华能源,,CNY
8.42,8.45,7.82,7.89,47197428.0,002221.SZ,2026-04-03,东华能源,,CNY
7.82,8.29,7.75,8.23,33595720.0,002221.SZ,2026-04-07,东华能源,,CNY
8.0,8.15,7.92,8.1,30081483.0,002221.SZ,2026-04-08,东华能源,,CNY
8.16,8.16,7.9,7.98,21138700.0,002221.SZ,2026-04-09,东华能源,,CNY
7.95,8.15,7.94,7.96,22269988.0,002221.SZ,2026-04-10,东华能源,,CNY
8.01,8.24,7.92,8.15,28806887.0,002221.SZ,2026-04-13,东华能源,,CNY
8.08,8.09,7.91,8.01,21895407.0,002221.SZ,2026-04-14,东华能源,,CNY
7.98,8.08,7.91,8.01,16580289.0,002221.SZ,2026-04-15,东华能源,,CNY
8.0,8.1,7.93,8.05,14302711.0,002221.SZ,2026-04-16,东华能源,,CNY
8.04,8.06,7.91,7.97,13395100.0,002221.SZ,2026-04-17,东华能源,,CNY
7.99,8.08,7.91,7.98,12846070.0,002221.SZ,2026-04-20,东华能源,,CNY
7.96,8.39,7.93,8.19,33568370.0,002221.SZ,2026-04-21,东华能源,,CNY
8.2,8.29,8.06,8.2,16750909.0,002221.SZ,2026-04-22,东华能源,,CNY
8.23,8.31,8.12,8.25,16706000.0,002221.SZ,2026-04-23,东华能源,,CNY
8.12,8.21,7.76,7.84,37312700.0,002221.SZ,2026-04-24,东华能源,,CNY
7.6,7.76,7.51,7.71,17342487.0,002221.SZ,2026-04-27,东华能源,,CNY
7.74,8.0,7.72,7.94,19129280.0,002221.SZ,2026-04-28,东华能源,,CNY
7.95,8.34,7.94,8.26,28920921.0,002221.SZ,2026-04-29,东华能源,,CNY
8.26,8.4,7.95,8.05,26332152.0,002221.SZ,2026-04-30,东华能源,,CNY
69.6,72.48,69.53,70.34,18946107.0,002222.SZ,2026-03-02,福晶科技,,CNY
71.6,72.6,67.78,68.06,22317113.0,002222.SZ,2026-03-03,福晶科技,,CNY
66.7,68.85,66.7,67.1,16247286.0,002222.SZ,2026-03-04,福晶科技,,CNY
68.89,69.27,66.75,67.78,13469666.0,002222.SZ,2026-03-05,福晶科技,,CNY
66.5,67.25,63.4,63.52,25728679.0,002222.SZ,2026-03-06,福晶科技,,CNY
62.0,62.44,59.8,61.96,18396891.0,002222.SZ,2026-03-09,福晶科技,,CNY
63.49,64.88,62.75,64.7,15819525.0,002222.SZ,2026-03-10,福晶科技,,CNY
64.73,66.72,63.5,63.62,14056365.0,002222.SZ,2026-03-11,福晶科技,,CNY
63.13,64.34,61.0,62.22,10763439.0,002222.SZ,2026-03-12,福晶科技,,CNY
61.39,63.7,61.06,62.75,10517851.0,002222.SZ,2026-03-13,福晶科技,,CNY
62.53,64.79,61.7,64.4,15129142.0,002222.SZ,2026-03-16,福晶科技,,CNY
64.41,64.8,59.95,60.14,17035541.0,002222.SZ,2026-03-17,福晶科技,,CNY
60.71,60.98,59.35,60.93,12331428.0,002222.SZ,2026-03-18,福晶科技,,CNY
60.1,60.86,59.3,59.69,8892735.0,002222.SZ,2026-03-19,福晶科技,,CNY
60.5,64.31,60.5,60.79,20596653.0,002222.SZ,2026-03-20,福晶科技,,CNY
59.72,61.85,58.31,58.9,15681430.0,002222.SZ,2026-03-23,福晶科技,,CNY
60.36,64.79,59.53,64.79,27727128.0,002222.SZ,2026-03-24,福晶科技,,CNY
69.94,70.1,65.9,67.35,42671546.0,002222.SZ,2026-03-25,福晶科技,,CNY
66.81,68.4,65.06,65.34,21531996.0,002222.SZ,2026-03-26,福晶科技,,CNY
63.54,66.97,62.5,65.4,21782501.0,002222.SZ,2026-03-27,福晶科技,,CNY
66.92,71.94,66.9,71.94,41174388.0,002222.SZ,2026-03-30,福晶科技,,CNY
70.72,71.0,67.7,68.02,36609549.0,002222.SZ,2026-03-31,福晶科技,,CNY
70.33,70.4,64.0,66.78,43954109.0,002222.SZ,2026-04-01,福晶科技,,CNY
67.1,73.4,66.18,68.6,46951260.0,002222.SZ,2026-04-02,福晶科技,,CNY
70.31,75.46,70.3,75.46,48859025.0,002222.SZ,2026-04-03,福晶科技,,CNY
75.47,80.59,73.8,79.51,59896183.0,002222.SZ,2026-04-07,福晶科技,,CNY
80.58,81.24,78.01,81.09,57870451.0,002222.SZ,2026-04-08,福晶科技,,CNY
78.18,83.5,78.0,81.69,46717717.0,002222.SZ,2026-04-09,福晶科技,,CNY
81.74,86.99,81.73,85.48,45380084.0,002222.SZ,2026-04-10,福晶科技,,CNY
84.59,87.86,83.56,86.4,32804798.0,002222.SZ,2026-04-13,福晶科技,,CNY
85.8,87.5,83.83,85.52,32562379.0,002222.SZ,2026-04-14,福晶科技,,CNY
85.54,86.05,82.17,83.56,29420986.0,002222.SZ,2026-04-15,福晶科技,,CNY
83.5,87.88,82.36,85.58,26752691.0,002222.SZ,2026-04-16,福晶科技,,CNY
86.85,91.98,86.85,90.68,32854736.0,002222.SZ,2026-04-17,福晶科技,,CNY
90.33,94.07,89.57,91.72,26085937.0,002222.SZ,2026-04-20,福晶科技,,CNY
89.61,95.59,89.0,93.52,25464417.0,002222.SZ,2026-04-21,福晶科技,,CNY
93.36,100.6,93.36,98.34,36282936.0,002222.SZ,2026-04-22,福晶科技,,CNY
97.89,99.0,90.03,92.2,43959331.0,002222.SZ,2026-04-23,福晶科技,,CNY
91.8,95.6,87.6,89.25,39100942.0,002222.SZ,2026-04-24,福晶科技,,CNY
89.3,91.28,87.4,87.91,35093238.0,002222.SZ,2026-04-27,福晶科技,,CNY
87.0,88.59,85.0,85.6,27903780.0,002222.SZ,2026-04-28,福晶科技,,CNY
85.46,89.37,85.46,86.99,32422799.0,002222.SZ,2026-04-29,福晶科技,,CNY
89.81,90.89,85.7,86.82,31510746.0,002222.SZ,2026-04-30,福晶科技,,CNY
4.73,4.76,4.63,4.71,23302473.0,002224.SZ,2026-03-02,三力士,,CNY
4.72,4.75,4.52,4.54,26489402.0,002224.SZ,2026-03-03,三力士,,CNY
4.49,4.58,4.46,4.54,20951296.0,002224.SZ,2026-03-04,三力士,,CNY
4.62,4.65,4.57,4.6,18594462.0,002224.SZ,2026-03-05,三力士,,CNY
4.6,4.77,4.59,4.77,25825168.0,002224.SZ,2026-03-06,三力士,,CNY
4.76,4.83,4.7,4.77,22114820.0,002224.SZ,2026-03-09,三力士,,CNY
4.77,4.81,4.75,4.8,15728300.0,002224.SZ,2026-03-10,三力士,,CNY
4.78,4.83,4.75,4.81,15800800.0,002224.SZ,2026-03-11,三力士,,CNY
4.84,4.91,4.79,4.8,24572952.0,002224.SZ,2026-03-12,三力士,,CNY
4.78,4.88,4.77,4.8,19798452.0,002224.SZ,2026-03-13,三力士,,CNY
4.8,4.9,4.75,4.83,19433500.0,002224.SZ,2026-03-16,三力士,,CNY
4.86,4.88,4.73,4.74,18452600.0,002224.SZ,2026-03-17,三力士,,CNY
4.75,5.17,4.7,4.97,109591611.0,002224.SZ,2026-03-18,三力士,,CNY
5.02,5.07,4.85,4.87,69280503.0,002224.SZ,2026-03-19,三力士,,CNY
4.91,4.96,4.73,4.74,48552109.0,002224.SZ,2026-03-20,三力士,,CNY
4.61,4.81,4.5,4.58,64172950.0,002224.SZ,2026-03-23,三力士,,CNY
4.65,4.7,4.54,4.69,39342832.0,002224.SZ,2026-03-24,三力士,,CNY
4.68,4.85,4.67,4.83,37516000.0,002224.SZ,2026-03-25,三力士,,CNY
4.81,4.92,4.75,4.78,28703023.0,002224.SZ,2026-03-26,三力士,,CNY
4.75,4.82,4.73,4.78,24948400.0,002224.SZ,2026-03-27,三力士,,CNY
4.71,4.79,4.58,4.79,29940700.0,002224.SZ,2026-03-30,三力士,,CNY
4.79,4.84,4.68,4.71,22685102.0,002224.SZ,2026-03-31,三力士,,CNY
4.75,4.82,4.63,4.66,30476100.0,002224.SZ,2026-04-01,三力士,,CNY
4.63,4.75,4.48,4.51,39496600.0,002224.SZ,2026-04-02,三力士,,CNY
4.51,4.52,4.2,4.23,45417200.0,002224.SZ,2026-04-03,三力士,,CNY
4.23,4.42,4.21,4.4,29024700.0,002224.SZ,2026-04-07,三力士,,CNY
4.44,4.5,4.4,4.5,21446000.0,002224.SZ,2026-04-08,三力士,,CNY
4.47,4.5,4.33,4.37,22150960.0,002224.SZ,2026-04-09,三力士,,CNY
4.41,4.46,4.38,4.41,14715500.0,002224.SZ,2026-04-10,三力士,,CNY
4.38,4.42,4.34,4.39,12703300.0,002224.SZ,2026-04-13,三力士,,CNY
4.41,4.42,4.31,4.37,15104900.0,002224.SZ,2026-04-14,三力士,,CNY
4.38,4.38,4.32,4.33,14217472.0,002224.SZ,2026-04-15,三力士,,CNY
4.34,4.4,4.32,4.39,12404810.0,002224.SZ,2026-04-16,三力士,,CNY
4.38,4.4,4.3,4.33,14033910.0,002224.SZ,2026-04-17,三力士,,CNY
4.33,4.36,4.31,4.35,11212000.0,002224.SZ,2026-04-20,三力士,,CNY
4.35,4.45,4.32,4.38,19305491.0,002224.SZ,2026-04-21,三力士,,CNY
4.36,4.42,4.34,4.41,13622900.0,002224.SZ,2026-04-22,三力士,,CNY
4.4,4.46,4.35,4.37,21936725.0,002224.SZ,2026-04-23,三力士,,CNY
4.35,4.41,4.31,4.37,14551301.0,002224.SZ,2026-04-24,三力士,,CNY
4.36,4.39,4.27,4.38,14642306.0,002224.SZ,2026-04-27,三力士,,CNY
4.35,4.45,4.32,4.39,16612500.0,002224.SZ,2026-04-28,三力士,,CNY
4.31,4.35,4.21,4.32,22147097.0,002224.SZ,2026-04-29,三力士,,CNY
4.31,4.4,4.28,4.37,18421929.0,002224.SZ,2026-04-30,三力士,,CNY
6.21,6.4,6.21,6.33,51835520.0,002226.SZ,2026-03-02,江南化工,,CNY
6.32,6.39,6.12,6.13,41832200.0,002226.SZ,2026-03-03,江南化工,,CNY
6.08,6.21,6.05,6.07,28840980.0,002226.SZ,2026-03-04,江南化工,,CNY
6.14,6.2,6.08,6.11,25164435.0,002226.SZ,2026-03-05,江南化工,,CNY
6.08,6.3,6.07,6.28,41796830.0,002226.SZ,2026-03-06,江南化工,,CNY
6.38,6.55,6.35,6.4,84719960.0,002226.SZ,2026-03-09,江南化工,,CNY
6.3,6.34,6.21,6.24,54140766.0,002226.SZ,2026-03-10,江南化工,,CNY
6.23,6.3,6.15,6.29,40016316.0,002226.SZ,2026-03-11,江南化工,,CNY
6.29,6.4,6.23,6.38,53883766.0,002226.SZ,2026-03-12,江南化工,,CNY
6.34,6.44,6.29,6.3,52183453.0,002226.SZ,2026-03-13,江南化工,,CNY
6.3,6.35,6.15,6.19,41719166.0,002226.SZ,2026-03-16,江南化工,,CNY
6.17,6.23,6.09,6.1,30992200.0,002226.SZ,2026-03-17,江南化工,,CNY
6.11,6.13,6.02,6.07,26233580.0,002226.SZ,2026-03-18,江南化工,,CNY
6.06,6.07,5.85,5.88,33710460.0,002226.SZ,2026-03-19,江南化工,,CNY
5.87,5.89,5.7,5.71,27146780.0,002226.SZ,2026-03-20,江南化工,,CNY
5.61,5.61,5.31,5.34,33393306.0,002226.SZ,2026-03-23,江南化工,,CNY
5.4,5.47,5.26,5.46,26845970.0,002226.SZ,2026-03-24,江南化工,,CNY
5.46,5.55,5.45,5.53,21871859.0,002226.SZ,2026-03-25,江南化工,,CNY
5.55,5.59,5.45,5.47,17614340.0,002226.SZ,2026-03-26,江南化工,,CNY
5.44,5.57,5.41,5.56,19785001.0,002226.SZ,2026-03-27,江南化工,,CNY
5.5,5.54,5.42,5.52,17865035.0,002226.SZ,2026-03-30,江南化工,,CNY
5.52,5.55,5.44,5.45,16107900.0,002226.SZ,2026-03-31,江南化工,,CNY
5.51,5.55,5.49,5.53,16779620.0,002226.SZ,2026-04-01,江南化工,,CNY
5.52,5.53,5.4,5.41,15561720.0,002226.SZ,2026-04-02,江南化工,,CNY
5.42,5.43,5.31,5.31,11992698.0,002226.SZ,2026-04-03,江南化工,,CNY
5.32,5.47,5.32,5.45,14394440.0,002226.SZ,2026-04-07,江南化工,,CNY
5.51,5.57,5.5,5.56,22237168.0,002226.SZ,2026-04-08,江南化工,,CNY
5.53,5.55,5.41,5.43,18469320.0,002226.SZ,2026-04-09,江南化工,,CNY
5.45,5.55,5.45,5.5,16485480.0,002226.SZ,2026-04-10,江南化工,,CNY
5.48,5.88,5.47,5.77,54289278.0,002226.SZ,2026-04-13,江南化工,,CNY
5.77,5.8,5.59,5.66,33476620.0,002226.SZ,2026-04-14,江南化工,,CNY
5.65,5.66,5.59,5.62,20145420.0,002226.SZ,2026-04-15,江南化工,,CNY
5.62,5.64,5.58,5.63,13611865.0,002226.SZ,2026-04-16,江南化工,,CNY
5.62,5.66,5.58,5.63,15275516.0,002226.SZ,2026-04-17,江南化工,,CNY
5.63,5.66,5.59,5.64,13789320.0,002226.SZ,2026-04-20,江南化工,,CNY
5.63,5.68,5.61,5.66,15458585.0,002226.SZ,2026-04-21,江南化工,,CNY
5.65,5.66,5.6,5.62,13200323.0,002226.SZ,2026-04-22,江南化工,,CNY
5.61,5.62,5.5,5.51,21415400.0,002226.SZ,2026-04-23,江南化工,,CNY
5.41,5.54,5.39,5.51,16362660.0,002226.SZ,2026-04-24,江南化工,,CNY
5.47,5.51,5.43,5.46,12098035.0,002226.SZ,2026-04-27,江南化工,,CNY
5.4,5.46,5.32,5.36,18529487.0,002226.SZ,2026-04-28,江南化工,,CNY
5.36,5.45,5.35,5.43,11866181.0,002226.SZ,2026-04-29,江南化工,,CNY
5.4,5.45,5.32,5.37,17139728.0,002226.SZ,2026-04-30,江南化工,,CNY
4.46,4.48,4.3,4.34,33898883.0,002228.SZ,2026-03-02,合兴包装,,CNY
4.38,4.4,4.18,4.19,35286100.0,002228.SZ,2026-03-03,合兴包装,,CNY
4.15,4.23,4.12,4.17,22971956.0,002228.SZ,2026-03-04,合兴包装,,CNY
4.24,4.29,4.2,4.21,19985000.0,002228.SZ,2026-03-05,合兴包装,,CNY
4.19,4.3,4.19,4.29,18818612.0,002228.SZ,2026-03-06,合兴包装,,CNY
4.26,4.27,4.15,4.24,23637100.0,002228.SZ,2026-03-09,合兴包装,,CNY
4.28,4.29,4.23,4.25,17453545.0,002228.SZ,2026-03-10,合兴包装,,CNY
4.24,4.27,4.2,4.22,18106720.0,002228.SZ,2026-03-11,合兴包装,,CNY
4.23,4.23,4.14,4.15,20929660.0,002228.SZ,2026-03-12,合兴包装,,CNY
4.14,4.19,4.11,4.13,19064120.0,002228.SZ,2026-03-13,合兴包装,,CNY
4.13,4.17,4.07,4.12,16842000.0,002228.SZ,2026-03-16,合兴包装,,CNY
4.12,4.16,4.07,4.08,19450800.0,002228.SZ,2026-03-17,合兴包装,,CNY
4.08,4.11,4.03,4.1,17541762.0,002228.SZ,2026-03-18,合兴包装,,CNY
4.09,4.09,3.97,3.99,21817525.0,002228.SZ,2026-03-19,合兴包装,,CNY
3.99,4.02,3.89,3.89,23813955.0,002228.SZ,2026-03-20,合兴包装,,CNY
3.82,3.84,3.62,3.67,31028991.0,002228.SZ,2026-03-23,合兴包装,,CNY
3.75,3.86,3.68,3.81,29746532.0,002228.SZ,2026-03-24,合兴包装,,CNY
3.81,3.9,3.81,3.9,23430732.0,002228.SZ,2026-03-25,合兴包装,,CNY
3.87,3.94,3.83,3.85,19260480.0,002228.SZ,2026-03-26,合兴包装,,CNY
3.81,3.89,3.8,3.89,18139883.0,002228.SZ,2026-03-27,合兴包装,,CNY
3.82,3.98,3.81,3.96,27935160.0,002228.SZ,2026-03-30,合兴包装,,CNY
3.94,4.04,3.93,3.95,22993203.0,002228.SZ,2026-03-31,合兴包装,,CNY
3.98,4.02,3.91,3.97,22410500.0,002228.SZ,2026-04-01,合兴包装,,CNY
3.97,4.01,3.92,3.94,18948003.0,002228.SZ,2026-04-02,合兴包装,,CNY
3.94,3.94,3.75,3.78,25140000.0,002228.SZ,2026-04-03,合兴包装,,CNY
3.79,3.9,3.77,3.88,22017199.0,002228.SZ,2026-04-07,合兴包装,,CNY
3.93,3.98,3.91,3.98,24669800.0,002228.SZ,2026-04-08,合兴包装,,CNY
3.95,3.98,3.87,3.88,18234800.0,002228.SZ,2026-04-09,合兴包装,,CNY
3.92,3.96,3.89,3.9,14325900.0,002228.SZ,2026-04-10,合兴包装,,CNY
3.88,3.95,3.86,3.88,14392799.0,002228.SZ,2026-04-13,合兴包装,,CNY
3.91,3.92,3.81,3.88,16957100.0,002228.SZ,2026-04-14,合兴包装,,CNY
3.88,3.91,3.85,3.89,15109500.0,002228.SZ,2026-04-15,合兴包装,,CNY
3.9,3.95,3.86,3.95,18568000.0,002228.SZ,2026-04-16,合兴包装,,CNY
3.94,3.94,3.84,3.87,20194140.0,002228.SZ,2026-04-17,合兴包装,,CNY
3.87,3.88,3.84,3.87,17704240.0,002228.SZ,2026-04-20,合兴包装,,CNY
3.88,4.13,3.87,4.03,73721620.0,002228.SZ,2026-04-21,合兴包装,,CNY
4.0,4.03,3.91,3.93,58207400.0,002228.SZ,2026-04-22,合兴包装,,CNY
3.93,3.93,3.78,3.8,44190900.0,002228.SZ,2026-04-23,合兴包装,,CNY
3.78,3.82,3.74,3.78,23119040.0,002228.SZ,2026-04-24,合兴包装,,CNY
3.77,3.88,3.67,3.87,46624200.0,002228.SZ,2026-04-27,合兴包装,,CNY
3.84,3.88,3.75,3.79,29870200.0,002228.SZ,2026-04-28,合兴包装,,CNY
3.78,3.87,3.77,3.86,25837517.0,002228.SZ,2026-04-29,合兴包装,,CNY
3.86,3.91,3.85,3.9,24565279.0,002228.SZ,2026-04-30,合兴包装,,CNY
9.5,9.71,9.38,9.66,14143561.0,002233.SZ,2026-03-02,塔牌集团,,CNY
9.66,9.75,9.54,9.62,11358600.0,002233.SZ,2026-03-03,塔牌集团,,CNY
9.55,9.68,9.42,9.45,11191913.0,002233.SZ,2026-03-04,塔牌集团,,CNY
9.55,9.57,9.42,9.47,7977898.0,002233.SZ,2026-03-05,塔牌集团,,CNY
9.47,9.64,9.45,9.6,6321779.0,002233.SZ,2026-03-06,塔牌集团,,CNY
9.54,9.58,9.24,9.31,14112300.0,002233.SZ,2026-03-09,塔牌集团,,CNY
9.36,9.44,9.28,9.4,7666160.0,002233.SZ,2026-03-10,塔牌集团,,CNY
9.41,9.76,9.38,9.7,10346431.0,002233.SZ,2026-03-11,塔牌集团,,CNY
9.65,9.73,9.55,9.6,10030307.0,002233.SZ,2026-03-12,塔牌集团,,CNY
9.59,9.79,9.59,9.64,8600902.0,002233.SZ,2026-03-13,塔牌集团,,CNY
9.64,9.69,9.45,9.54,11410616.0,002233.SZ,2026-03-16,塔牌集团,,CNY
9.52,9.71,9.45,9.45,8781400.0,002233.SZ,2026-03-17,塔牌集团,,CNY
9.49,9.52,9.37,9.47,7997756.0,002233.SZ,2026-03-18,塔牌集团,,CNY
9.48,9.59,9.41,9.47,13335263.0,002233.SZ,2026-03-19,塔牌集团,,CNY
9.55,9.57,9.31,9.31,12570646.0,002233.SZ,2026-03-20,塔牌集团,,CNY
9.17,9.23,8.78,8.81,15886605.0,002233.SZ,2026-03-23,塔牌集团,,CNY
8.96,9.3,8.86,9.25,15926019.0,002233.SZ,2026-03-24,塔牌集团,,CNY
9.5,9.52,9.12,9.25,10867448.0,002233.SZ,2026-03-25,塔牌集团,,CNY
9.25,9.34,9.19,9.23,7911823.0,002233.SZ,2026-03-26,塔牌集团,,CNY
9.19,9.32,9.15,9.27,8028678.0,002233.SZ,2026-03-27,塔牌集团,,CNY
9.21,9.52,9.2,9.42,12325709.0,002233.SZ,2026-03-30,塔牌集团,,CNY
9.41,9.52,9.35,9.37,9566801.0,002233.SZ,2026-03-31,塔牌集团,,CNY
9.46,9.52,9.34,9.4,7581784.0,002233.SZ,2026-04-01,塔牌集团,,CNY
9.4,9.44,9.31,9.36,5291480.0,002233.SZ,2026-04-02,塔牌集团,,CNY
9.37,9.43,9.09,9.12,7663501.0,002233.SZ,2026-04-03,塔牌集团,,CNY
9.13,9.33,9.1,9.19,9240492.0,002233.SZ,2026-04-07,塔牌集团,,CNY
9.3,9.42,9.25,9.42,8848131.0,002233.SZ,2026-04-08,塔牌集团,,CNY
9.37,9.56,9.36,9.44,8018714.0,002233.SZ,2026-04-09,塔牌集团,,CNY
9.43,9.5,9.36,9.39,5392183.0,002233.SZ,2026-04-10,塔牌集团,,CNY
9.39,9.45,9.33,9.41,6322970.0,002233.SZ,2026-04-13,塔牌集团,,CNY
9.47,9.47,9.23,9.3,7535398.0,002233.SZ,2026-04-14,塔牌集团,,CNY
9.32,9.34,9.18,9.2,6145972.0,002233.SZ,2026-04-15,塔牌集团,,CNY
9.19,9.31,9.18,9.27,6551926.0,002233.SZ,2026-04-16,塔牌集团,,CNY
9.25,9.25,9.05,9.09,8482101.0,002233.SZ,2026-04-17,塔牌集团,,CNY
9.09,9.24,9.03,9.17,6643779.0,002233.SZ,2026-04-20,塔牌集团,,CNY
9.18,9.23,9.12,9.18,4072889.0,002233.SZ,2026-04-21,塔牌集团,,CNY
9.14,9.29,9.14,9.25,4877568.0,002233.SZ,2026-04-22,塔牌集团,,CNY
9.53,9.7,9.46,9.51,23832010.0,002233.SZ,2026-04-23,塔牌集团,,CNY
9.5,9.57,9.3,9.39,12547100.0,002233.SZ,2026-04-24,塔牌集团,,CNY
9.34,9.59,9.34,9.46,11780522.0,002233.SZ,2026-04-27,塔牌集团,,CNY
9.44,9.83,9.4,9.8,23285240.0,002233.SZ,2026-04-28,塔牌集团,,CNY
9.8,9.83,9.45,9.55,23244300.0,002233.SZ,2026-04-29,塔牌集团,,CNY
8.93,8.96,8.5,8.56,20821544.0,002233.SZ,2026-04-30,塔牌集团,,CNY
10.1,10.1,9.47,9.66,63630226.0,002235.SZ,2026-03-02,安妮股份,,CNY
9.67,10.04,9.59,9.61,46301733.0,002235.SZ,2026-03-03,安妮股份,,CNY
9.45,9.7,9.38,9.65,27350843.0,002235.SZ,2026-03-04,安妮股份,,CNY
10.45,10.62,10.32,10.62,33067287.0,002235.SZ,2026-03-05,安妮股份,,CNY
10.62,10.7,10.22,10.67,76615523.0,002235.SZ,2026-03-06,安妮股份,,CNY
10.61,10.88,10.59,10.82,61016101.0,002235.SZ,2026-03-09,安妮股份,,CNY
10.72,11.17,10.72,11.09,68234640.0,002235.SZ,2026-03-10,安妮股份,,CNY
11.1,11.28,11.0,11.16,68122378.0,002235.SZ,2026-03-11,安妮股份,,CNY
11.12,11.26,10.94,10.98,47204053.0,002235.SZ,2026-03-12,安妮股份,,CNY
10.9,10.94,10.48,10.51,45003558.0,002235.SZ,2026-03-13,安妮股份,,CNY
10.51,11.56,10.45,11.56,89577073.0,002235.SZ,2026-03-16,安妮股份,,CNY
11.4,11.65,11.28,11.37,82402365.0,002235.SZ,2026-03-17,安妮股份,,CNY
11.43,11.49,11.04,11.39,49659100.0,002235.SZ,2026-03-18,安妮股份,,CNY
11.24,11.25,10.91,10.97,44009100.0,002235.SZ,2026-03-19,安妮股份,,CNY
11.09,11.21,10.5,10.54,43191959.0,002235.SZ,2026-03-20,安妮股份,,CNY
10.18,10.2,9.49,9.6,55574196.0,002235.SZ,2026-03-23,安妮股份,,CNY
9.81,10.06,9.5,10.04,47066316.0,002235.SZ,2026-03-24,安妮股份,,CNY
10.16,10.37,10.07,10.22,33217132.0,002235.SZ,2026-03-25,安妮股份,,CNY
10.28,10.34,9.55,9.57,46259250.0,002235.SZ,2026-03-26,安妮股份,,CNY
9.48,10.18,9.21,9.95,46636215.0,002235.SZ,2026-03-27,安妮股份,,CNY
9.83,10.13,9.57,10.03,33561797.0,002235.SZ,2026-03-30,安妮股份,,CNY
10.04,10.12,9.75,9.82,25469897.0,002235.SZ,2026-03-31,安妮股份,,CNY
10.11,10.3,10.03,10.25,38959222.0,002235.SZ,2026-04-01,安妮股份,,CNY
10.17,10.35,10.03,10.22,28729300.0,002235.SZ,2026-04-02,安妮股份,,CNY
10.3,10.31,9.82,9.85,26096200.0,002235.SZ,2026-04-03,安妮股份,,CNY
9.85,10.2,9.83,10.12,22746256.0,002235.SZ,2026-04-07,安妮股份,,CNY
10.31,10.57,10.3,10.56,30342521.0,002235.SZ,2026-04-08,安妮股份,,CNY
10.46,10.5,10.15,10.2,30312699.0,002235.SZ,2026-04-09,安妮股份,,CNY
10.33,10.39,9.94,9.97,37685580.0,002235.SZ,2026-04-10,安妮股份,,CNY
9.97,10.01,9.57,9.69,34898846.0,002235.SZ,2026-04-13,安妮股份,,CNY
9.72,9.85,9.22,9.43,51854473.0,002235.SZ,2026-04-14,安妮股份,,CNY
9.45,9.48,9.24,9.29,28742861.0,002235.SZ,2026-04-15,安妮股份,,CNY
9.29,10.05,9.27,9.74,67178174.0,002235.SZ,2026-04-16,安妮股份,,CNY
9.6,9.64,9.32,9.46,43504864.0,002235.SZ,2026-04-17,安妮股份,,CNY
9.38,9.69,9.36,9.67,35342925.0,002235.SZ,2026-04-20,安妮股份,,CNY
9.55,9.55,9.33,9.45,29162154.0,002235.SZ,2026-04-21,安妮股份,,CNY
9.36,9.42,9.31,9.38,21019899.0,002235.SZ,2026-04-22,安妮股份,,CNY
9.41,9.65,9.37,9.51,36213253.0,002235.SZ,2026-04-23,安妮股份,,CNY
9.42,9.6,9.1,9.43,35644702.0,002235.SZ,2026-04-24,安妮股份,,CNY
9.38,9.93,9.2,9.77,51201938.0,002235.SZ,2026-04-27,安妮股份,,CNY
9.65,10.0,9.61,9.84,39258222.0,002235.SZ,2026-04-28,安妮股份,,CNY
9.84,10.22,9.81,10.18,44209930.0,002235.SZ,2026-04-29,安妮股份,,CNY
10.21,11.2,10.21,11.2,105983611.0,002235.SZ,2026-04-30,安妮股份,,CNY
19.34,20.59,18.47,20.49,137476372.0,002237.SZ,2026-03-02,恒邦股份,,CNY
19.68,20.16,18.66,18.68,104137523.0,002237.SZ,2026-03-03,恒邦股份,,CNY
18.2,18.93,17.85,18.3,62801339.0,002237.SZ,2026-03-04,恒邦股份,,CNY
18.53,18.55,17.68,17.9,47492666.0,002237.SZ,2026-03-05,恒邦股份,,CNY
17.58,17.94,17.4,17.67,34380908.0,002237.SZ,2026-03-06,恒邦股份,,CNY
17.3,17.86,17.06,17.66,40254096.0,002237.SZ,2026-03-09,恒邦股份,,CNY
17.83,17.93,17.56,17.65,30394468.0,002237.SZ,2026-03-10,恒邦股份,,CNY
17.82,17.94,17.45,17.53,25549131.0,002237.SZ,2026-03-11,恒邦股份,,CNY
17.42,17.58,17.16,17.32,24202005.0,002237.SZ,2026-03-12,恒邦股份,,CNY
17.22,17.42,16.7,16.79,30353367.0,002237.SZ,2026-03-13,恒邦股份,,CNY
16.55,16.58,15.87,16.24,43575742.0,002237.SZ,2026-03-16,恒邦股份,,CNY
16.18,16.51,16.14,16.16,25536842.0,002237.SZ,2026-03-17,恒邦股份,,CNY
16.12,16.18,15.91,16.11,20111382.0,002237.SZ,2026-03-18,恒邦股份,,CNY
15.78,15.86,15.19,15.29,36667249.0,002237.SZ,2026-03-19,恒邦股份,,CNY
15.36,15.5,14.96,14.96,33785412.0,002237.SZ,2026-03-20,恒邦股份,,CNY
14.31,14.5,13.56,13.72,54767029.0,002237.SZ,2026-03-23,恒邦股份,,CNY
14.1,14.35,13.73,14.31,37854309.0,002237.SZ,2026-03-24,恒邦股份,,CNY
14.69,14.93,14.42,14.51,48331767.0,002237.SZ,2026-03-25,恒邦股份,,CNY
14.5,14.59,14.04,14.11,28025242.0,002237.SZ,2026-03-26,恒邦股份,,CNY
13.98,14.67,13.88,14.65,34432305.0,002237.SZ,2026-03-27,恒邦股份,,CNY
14.5,15.02,14.48,14.99,29721814.0,002237.SZ,2026-03-30,恒邦股份,,CNY
15.15,15.32,14.81,14.9,28752128.0,002237.SZ,2026-03-31,恒邦股份,,CNY
15.27,15.34,14.98,15.16,21735966.0,002237.SZ,2026-04-01,恒邦股份,,CNY
15.0,15.0,14.55,14.75,20345932.0,002237.SZ,2026-04-02,恒邦股份,,CNY
14.77,14.85,14.4,14.43,18190884.0,002237.SZ,2026-04-03,恒邦股份,,CNY
14.48,14.7,14.46,14.66,16450376.0,002237.SZ,2026-04-07,恒邦股份,,CNY
15.19,15.67,15.15,15.61,46082934.0,002237.SZ,2026-04-08,恒邦股份,,CNY
15.2,15.32,15.08,15.14,26903022.0,002237.SZ,2026-04-09,恒邦股份,,CNY
15.44,15.45,15.08,15.08,20444944.0,002237.SZ,2026-04-10,恒邦股份,,CNY
14.91,15.09,14.88,15.01,16941582.0,002237.SZ,2026-04-13,恒邦股份,,CNY
15.19,15.28,14.87,15.04,19010434.0,002237.SZ,2026-04-14,恒邦股份,,CNY
15.29,15.4,14.96,15.01,28868603.0,002237.SZ,2026-04-15,恒邦股份,,CNY
15.25,16.51,15.1,16.51,58517135.0,002237.SZ,2026-04-16,恒邦股份,,CNY
16.51,17.39,16.49,16.82,97194892.0,002237.SZ,2026-04-17,恒邦股份,,CNY
16.76,17.15,16.65,16.91,44021513.0,002237.SZ,2026-04-20,恒邦股份,,CNY
16.92,17.32,16.74,17.25,41972562.0,002237.SZ,2026-04-21,恒邦股份,,CNY
17.1,18.74,17.05,18.48,84963181.0,002237.SZ,2026-04-22,恒邦股份,,CNY
18.18,18.3,17.06,17.13,55314167.0,002237.SZ,2026-04-23,恒邦股份,,CNY
17.28,17.45,16.66,17.32,40257854.0,002237.SZ,2026-04-24,恒邦股份,,CNY
16.2,16.59,15.85,16.47,61667898.0,002237.SZ,2026-04-27,恒邦股份,,CNY
16.34,16.39,15.79,15.91,28301552.0,002237.SZ,2026-04-28,恒邦股份,,CNY
15.86,17.35,15.74,16.96,44955885.0,002237.SZ,2026-04-29,恒邦股份,,CNY
16.82,16.95,16.37,16.61,28562664.0,002237.SZ,2026-04-30,恒邦股份,,CNY
3.24,3.26,3.16,3.17,108080893.0,002239.SZ,2026-03-02,奥特佳,,CNY
3.17,3.2,3.03,3.04,117900592.0,002239.SZ,2026-03-03,奥特佳,,CNY
3.0,3.06,2.99,3.02,73595392.0,002239.SZ,2026-03-04,奥特佳,,CNY
3.08,3.12,3.06,3.1,89317689.0,002239.SZ,2026-03-05,奥特佳,,CNY
3.08,3.22,3.07,3.21,105311136.0,002239.SZ,2026-03-06,奥特佳,,CNY
3.16,3.2,3.1,3.18,89551924.0,002239.SZ,2026-03-09,奥特佳,,CNY
3.19,3.22,3.18,3.19,69270000.0,002239.SZ,2026-03-10,奥特佳,,CNY
3.19,3.26,3.16,3.24,78911928.0,002239.SZ,2026-03-11,奥特佳,,CNY
3.24,3.26,3.22,3.23,76455259.0,002239.SZ,2026-03-12,奥特佳,,CNY
3.21,3.25,3.18,3.19,74246519.0,002239.SZ,2026-03-13,奥特佳,,CNY
3.18,3.2,3.14,3.19,67926977.0,002239.SZ,2026-03-16,奥特佳,,CNY
3.2,3.27,3.16,3.16,85321841.0,002239.SZ,2026-03-17,奥特佳,,CNY
3.17,3.18,3.09,3.14,70898240.0,002239.SZ,2026-03-18,奥特佳,,CNY
3.1,3.13,3.06,3.08,63535800.0,002239.SZ,2026-03-19,奥特佳,,CNY
3.08,3.12,3.02,3.02,80790960.0,002239.SZ,2026-03-20,奥特佳,,CNY
2.98,2.99,2.8,2.84,125461125.0,002239.SZ,2026-03-23,奥特佳,,CNY
2.89,2.92,2.82,2.92,81019869.0,002239.SZ,2026-03-24,奥特佳,,CNY
2.94,3.05,2.92,3.03,98733163.0,002239.SZ,2026-03-25,奥特佳,,CNY
3.04,3.1,3.0,3.01,84262532.0,002239.SZ,2026-03-26,奥特佳,,CNY
2.99,3.05,2.97,3.04,57058247.0,002239.SZ,2026-03-27,奥特佳,,CNY
3.0,3.06,2.97,3.06,62231561.0,002239.SZ,2026-03-30,奥特佳,,CNY
3.05,3.1,3.04,3.05,59832010.0,002239.SZ,2026-03-31,奥特佳,,CNY
3.09,3.11,3.05,3.07,54573400.0,002239.SZ,2026-04-01,奥特佳,,CNY
3.05,3.06,2.98,3.01,54011120.0,002239.SZ,2026-04-02,奥特佳,,CNY
3.01,3.02,2.91,2.92,63960304.0,002239.SZ,2026-04-03,奥特佳,,CNY
2.93,2.98,2.92,2.94,46149200.0,002239.SZ,2026-04-07,奥特佳,,CNY
2.99,3.06,2.99,3.06,72006865.0,002239.SZ,2026-04-08,奥特佳,,CNY
3.03,3.06,3.01,3.02,49890300.0,002239.SZ,2026-04-09,奥特佳,,CNY
3.04,3.08,3.03,3.04,60270145.0,002239.SZ,2026-04-10,奥特佳,,CNY
3.02,3.06,3.01,3.05,43892804.0,002239.SZ,2026-04-13,奥特佳,,CNY
3.08,3.08,3.03,3.05,50515700.0,002239.SZ,2026-04-14,奥特佳,,CNY
3.06,3.07,2.99,2.99,67127900.0,002239.SZ,2026-04-15,奥特佳,,CNY
3.02,3.1,3.02,3.07,93482725.0,002239.SZ,2026-04-16,奥特佳,,CNY
3.06,3.07,3.02,3.05,52686016.0,002239.SZ,2026-04-17,奥特佳,,CNY
3.05,3.08,3.03,3.06,53232280.0,002239.SZ,2026-04-20,奥特佳,,CNY
3.07,3.07,3.02,3.05,51336600.0,002239.SZ,2026-04-21,奥特佳,,CNY
3.04,3.05,3.02,3.03,49258387.0,002239.SZ,2026-04-22,奥特佳,,CNY
3.03,3.04,2.97,2.98,73819580.0,002239.SZ,2026-04-23,奥特佳,,CNY
2.99,3.0,2.94,2.97,57090918.0,002239.SZ,2026-04-24,奥特佳,,CNY
2.97,2.99,2.92,2.97,57322431.0,002239.SZ,2026-04-27,奥特佳,,CNY
2.97,2.97,2.85,2.87,113528593.0,002239.SZ,2026-04-28,奥特佳,,CNY
2.86,2.91,2.85,2.9,59394727.0,002239.SZ,2026-04-29,奥特佳,,CNY
2.89,2.91,2.87,2.89,49831636.0,002239.SZ,2026-04-30,奥特佳,,CNY
44.6,47.01,43.75,45.65,80090709.0,002151.SZ,2026-03-02,北斗星通,,CNY
45.4,45.47,41.09,41.09,57334549.0,002151.SZ,2026-03-03,北斗星通,,CNY
40.8,42.17,40.61,41.59,26786034.0,002151.SZ,2026-03-04,北斗星通,,CNY
42.16,42.5,41.17,41.88,22504992.0,002151.SZ,2026-03-05,北斗星通,,CNY
41.48,42.48,41.35,41.82,17393945.0,002151.SZ,2026-03-06,北斗星通,,CNY
42.3,46.0,42.1,44.84,87953504.0,002151.SZ,2026-03-09,北斗星通,,CNY
44.01,44.98,43.51,44.31,57475568.0,002151.SZ,2026-03-10,北斗星通,,CNY
44.44,45.9,44.0,45.65,57241003.0,002151.SZ,2026-03-11,北斗星通,,CNY
45.01,45.1,43.31,43.85,40428134.0,002151.SZ,2026-03-12,北斗星通,,CNY
43.36,48.24,41.95,45.7,67931039.0,002151.SZ,2026-03-13,北斗星通,,CNY
45.75,48.0,45.12,47.99,72457103.0,002151.SZ,2026-03-16,北斗星通,,CNY
48.0,48.01,46.2,46.56,48120669.0,002151.SZ,2026-03-17,北斗星通,,CNY
47.43,47.7,45.08,47.08,44119399.0,002151.SZ,2026-03-18,北斗星通,,CNY
45.44,46.17,44.5,44.6,32976651.0,002151.SZ,2026-03-19,北斗星通,,CNY
44.76,45.0,40.66,41.18,40598227.0,002151.SZ,2026-03-20,北斗星通,,CNY
39.38,39.71,37.15,37.61,38475543.0,002151.SZ,2026-03-23,北斗星通,,CNY
38.12,38.48,36.64,37.94,27897628.0,002151.SZ,2026-03-24,北斗星通,,CNY
37.96,38.98,37.96,38.29,24227205.0,002151.SZ,2026-03-25,北斗星通,,CNY
39.0,39.28,36.66,36.99,26808750.0,002151.SZ,2026-03-26,北斗星通,,CNY
36.53,37.45,36.04,37.04,20116344.0,002151.SZ,2026-03-27,北斗星通,,CNY
36.44,38.08,36.3,37.87,21815598.0,002151.SZ,2026-03-30,北斗星通,,CNY
37.89,39.1,37.83,37.88,23690288.0,002151.SZ,2026-03-31,北斗星通,,CNY
38.4,38.58,37.23,37.61,17199953.0,002151.SZ,2026-04-01,北斗星通,,CNY
37.6,37.75,36.31,36.66,14115072.0,002151.SZ,2026-04-02,北斗星通,,CNY
36.83,37.0,35.72,35.78,14897892.0,002151.SZ,2026-04-03,北斗星通,,CNY
35.93,36.49,35.85,36.31,12893632.0,002151.SZ,2026-04-07,北斗星通,,CNY
37.03,38.3,37.02,38.29,19753264.0,002151.SZ,2026-04-08,北斗星通,,CNY
37.81,38.19,37.53,37.74,13970383.0,002151.SZ,2026-04-09,北斗星通,,CNY
37.92,38.45,37.76,37.79,13218412.0,002151.SZ,2026-04-10,北斗星通,,CNY
37.49,38.07,37.35,37.68,13101127.0,002151.SZ,2026-04-13,北斗星通,,CNY
38.04,38.47,37.53,38.47,18610417.0,002151.SZ,2026-04-14,北斗星通,,CNY
38.76,39.26,38.09,38.2,18381017.0,002151.SZ,2026-04-15,北斗星通,,CNY
38.21,38.52,37.95,38.38,12749457.0,002151.SZ,2026-04-16,北斗星通,,CNY
38.27,38.76,38.06,38.48,11109683.0,002151.SZ,2026-04-17,北斗星通,,CNY
38.48,40.2,38.32,40.12,33917125.0,002151.SZ,2026-04-20,北斗星通,,CNY
40.0,40.5,39.46,39.77,21243949.0,002151.SZ,2026-04-21,北斗星通,,CNY
39.46,40.28,38.97,39.99,17379198.0,002151.SZ,2026-04-22,北斗星通,,CNY
39.99,40.3,39.11,39.33,18420387.0,002151.SZ,2026-04-23,北斗星通,,CNY
39.03,39.31,37.91,38.08,16387006.0,002151.SZ,2026-04-24,北斗星通,,CNY
39.8,41.0,39.8,40.21,34009735.0,002151.SZ,2026-04-27,北斗星通,,CNY
39.95,40.4,39.12,39.3,19904574.0,002151.SZ,2026-04-28,北斗星通,,CNY
38.88,40.78,38.81,39.96,19750505.0,002151.SZ,2026-04-29,北斗星通,,CNY
39.86,41.12,39.73,40.9,24793751.0,002151.SZ,2026-04-30,北斗星通,,CNY
27.18,27.7,27.0,27.15,7002244.0,002158.SZ,2026-03-02,汉钟精机,,CNY
27.29,27.43,25.53,25.65,9328600.0,002158.SZ,2026-03-03,汉钟精机,,CNY
25.56,26.05,25.0,25.09,6640410.0,002158.SZ,2026-03-04,汉钟精机,,CNY
25.56,25.7,24.76,24.91,7471190.0,002158.SZ,2026-03-05,汉钟精机,,CNY
25.06,25.1,24.4,24.58,7222905.0,002158.SZ,2026-03-06,汉钟精机,,CNY
24.5,24.5,23.0,23.72,11339600.0,002158.SZ,2026-03-09,汉钟精机,,CNY
24.03,24.51,24.0,24.49,6252666.0,002158.SZ,2026-03-10,汉钟精机,,CNY
24.49,25.11,24.25,24.42,6175466.0,002158.SZ,2026-03-11,汉钟精机,,CNY
24.46,24.5,23.7,23.99,5138800.0,002158.SZ,2026-03-12,汉钟精机,,CNY
24.3,24.72,23.9,24.33,7346104.0,002158.SZ,2026-03-13,汉钟精机,,CNY
24.12,24.2,23.59,24.04,5395100.0,002158.SZ,2026-03-16,汉钟精机,,CNY
24.25,24.27,23.35,23.35,4602424.0,002158.SZ,2026-03-17,汉钟精机,,CNY
23.41,23.95,23.23,23.9,4468678.0,002158.SZ,2026-03-18,汉钟精机,,CNY
23.52,23.69,23.3,23.41,4384700.0,002158.SZ,2026-03-19,汉钟精机,,CNY
23.5,23.81,23.15,23.53,5213050.0,002158.SZ,2026-03-20,汉钟精机,,CNY
23.23,23.5,22.07,22.27,8036635.0,002158.SZ,2026-03-23,汉钟精机,,CNY
22.58,22.96,22.33,22.91,3958512.0,002158.SZ,2026-03-24,汉钟精机,,CNY
22.91,23.49,22.8,23.15,5235953.0,002158.SZ,2026-03-25,汉钟精机,,CNY
23.1,23.19,22.71,22.74,2754500.0,002158.SZ,2026-03-26,汉钟精机,,CNY
22.58,22.83,22.22,22.8,2864940.0,002158.SZ,2026-03-27,汉钟精机,,CNY
22.52,22.56,22.15,22.39,3558900.0,002158.SZ,2026-03-30,汉钟精机,,CNY
22.33,22.66,21.93,21.97,3692038.0,002158.SZ,2026-03-31,汉钟精机,,CNY
22.46,22.55,22.24,22.5,4022598.0,002158.SZ,2026-04-01,汉钟精机,,CNY
22.24,22.48,21.72,21.92,3966300.0,002158.SZ,2026-04-02,汉钟精机,,CNY
21.86,22.0,21.46,21.8,2614900.0,002158.SZ,2026-04-03,汉钟精机,,CNY
21.78,22.24,21.7,22.14,2616600.0,002158.SZ,2026-04-07,汉钟精机,,CNY
22.64,23.12,22.64,23.08,5414700.0,002158.SZ,2026-04-08,汉钟精机,,CNY
22.81,23.96,22.75,23.47,6667000.0,002158.SZ,2026-04-09,汉钟精机,,CNY
23.82,25.0,23.72,24.53,11093634.0,002158.SZ,2026-04-10,汉钟精机,,CNY
24.4,24.63,24.1,24.26,4262340.0,002158.SZ,2026-04-13,汉钟精机,,CNY
24.5,25.3,24.5,25.0,6650191.0,002158.SZ,2026-04-14,汉钟精机,,CNY
25.09,25.16,24.47,24.5,4264500.0,002158.SZ,2026-04-15,汉钟精机,,CNY
24.7,24.93,24.45,24.73,4045000.0,002158.SZ,2026-04-16,汉钟精机,,CNY
24.64,24.83,24.47,24.66,3116792.0,002158.SZ,2026-04-17,汉钟精机,,CNY
24.66,25.18,24.4,24.85,3992100.0,002158.SZ,2026-04-20,汉钟精机,,CNY
24.81,25.14,24.7,25.03,4048610.0,002158.SZ,2026-04-21,汉钟精机,,CNY
24.88,26.28,24.87,26.18,10542680.0,002158.SZ,2026-04-22,汉钟精机,,CNY
26.19,26.48,25.48,25.71,6794800.0,002158.SZ,2026-04-23,汉钟精机,,CNY
25.65,26.44,25.55,25.75,6247390.0,002158.SZ,2026-04-24,汉钟精机,,CNY
25.88,26.78,25.62,26.02,9920770.0,002158.SZ,2026-04-27,汉钟精机,,CNY
25.96,25.96,25.2,25.38,6998473.0,002158.SZ,2026-04-28,汉钟精机,,CNY
25.37,25.48,24.91,25.1,5571494.0,002158.SZ,2026-04-29,汉钟精机,,CNY
25.15,27.61,25.03,27.61,15399025.0,002158.SZ,2026-04-30,汉钟精机,,CNY
19.06,19.89,18.62,19.07,8823894.0,002159.SZ,2026-03-02,三特索道,,CNY
19.36,20.29,18.88,19.52,11660300.0,002159.SZ,2026-03-03,三特索道,,CNY
19.3,19.65,18.63,19.53,8491900.0,002159.SZ,2026-03-04,三特索道,,CNY
19.57,19.98,18.52,18.71,8089900.0,002159.SZ,2026-03-05,三特索道,,CNY
18.7,19.15,18.27,18.96,6281900.0,002159.SZ,2026-03-06,三特索道,,CNY
18.7,19.09,18.46,19.05,5466202.0,002159.SZ,2026-03-09,三特索道,,CNY
19.05,20.19,18.86,19.83,8996300.0,002159.SZ,2026-03-10,三特索道,,CNY
19.83,20.22,19.39,19.61,6721890.0,002159.SZ,2026-03-11,三特索道,,CNY
19.65,20.25,19.43,19.74,5749100.0,002159.SZ,2026-03-12,三特索道,,CNY
19.56,21.62,19.56,20.31,9315100.0,002159.SZ,2026-03-13,三特索道,,CNY
20.37,20.89,20.12,20.62,9183602.0,002159.SZ,2026-03-16,三特索道,,CNY
20.73,21.43,20.21,20.33,8359700.0,002159.SZ,2026-03-17,三特索道,,CNY
20.33,20.4,19.6,20.02,6201100.0,002159.SZ,2026-03-18,三特索道,,CNY
19.75,19.82,19.3,19.36,4521000.0,002159.SZ,2026-03-19,三特索道,,CNY
19.59,20.2,19.35,19.59,5029700.0,002159.SZ,2026-03-20,三特索道,,CNY
19.23,19.38,17.81,17.94,6716913.0,002159.SZ,2026-03-23,三特索道,,CNY
18.39,19.11,18.21,19.08,5147113.0,002159.SZ,2026-03-24,三特索道,,CNY
19.17,19.72,19.01,19.33,3627000.0,002159.SZ,2026-03-25,三特索道,,CNY
19.42,19.63,19.08,19.15,2965500.0,002159.SZ,2026-03-26,三特索道,,CNY
19.0,19.25,18.68,19.18,4164300.0,002159.SZ,2026-03-27,三特索道,,CNY
18.8,19.28,18.3,19.19,4709000.0,002159.SZ,2026-03-30,三特索道,,CNY
19.25,19.83,18.7,18.97,4225906.0,002159.SZ,2026-03-31,三特索道,,CNY
19.08,19.65,18.74,19.54,4881900.0,002159.SZ,2026-04-01,三特索道,,CNY
19.47,19.85,19.19,19.59,4800800.0,002159.SZ,2026-04-02,三特索道,,CNY
19.6,19.63,18.33,18.53,4561800.0,002159.SZ,2026-04-03,三特索道,,CNY
18.48,18.79,18.0,18.38,3777100.0,002159.SZ,2026-04-07,三特索道,,CNY
18.7,19.15,18.63,19.08,3894700.0,002159.SZ,2026-04-08,三特索道,,CNY
18.91,18.91,17.48,17.92,9996100.0,002159.SZ,2026-04-09,三特索道,,CNY
17.9,18.34,17.61,18.07,5289800.0,002159.SZ,2026-04-10,三特索道,,CNY
17.89,17.99,17.26,17.76,6018800.0,002159.SZ,2026-04-13,三特索道,,CNY
17.87,18.25,17.22,17.42,4298900.0,002159.SZ,2026-04-14,三特索道,,CNY
17.5,17.79,17.38,17.53,4374000.0,002159.SZ,2026-04-15,三特索道,,CNY
17.59,17.93,17.5,17.72,4327800.0,002159.SZ,2026-04-16,三特索道,,CNY
17.81,17.92,17.01,17.14,5338852.0,002159.SZ,2026-04-17,三特索道,,CNY
17.08,17.53,16.93,17.5,4369100.0,002159.SZ,2026-04-20,三特索道,,CNY
17.41,17.59,17.08,17.26,2776100.0,002159.SZ,2026-04-21,三特索道,,CNY
17.23,17.35,17.1,17.24,2245300.0,002159.SZ,2026-04-22,三特索道,,CNY
17.29,17.77,17.08,17.64,5207400.0,002159.SZ,2026-04-23,三特索道,,CNY
17.47,17.57,17.11,17.34,3174400.0,002159.SZ,2026-04-24,三特索道,,CNY
17.34,17.37,16.84,17.22,4003900.0,002159.SZ,2026-04-27,三特索道,,CNY
17.08,17.16,16.6,16.69,3808157.0,002159.SZ,2026-04-28,三特索道,,CNY
16.68,17.17,16.68,16.91,3086531.0,002159.SZ,2026-04-29,三特索道,,CNY
16.89,16.91,16.19,16.34,5648157.0,002159.SZ,2026-04-30,三特索道,,CNY
6.06,6.16,5.86,6.11,78369967.0,002160.SZ,2026-03-02,常铝股份,,CNY
6.05,6.15,5.76,5.78,63435026.0,002160.SZ,2026-03-03,常铝股份,,CNY
5.75,6.13,5.72,5.88,67643770.0,002160.SZ,2026-03-04,常铝股份,,CNY
6.01,6.08,5.88,5.91,65686947.0,002160.SZ,2026-03-05,常铝股份,,CNY
5.86,5.87,5.68,5.78,43080990.0,002160.SZ,2026-03-06,常铝股份,,CNY
5.81,5.88,5.68,5.74,46083405.0,002160.SZ,2026-03-09,常铝股份,,CNY
5.76,5.88,5.63,5.66,44333700.0,002160.SZ,2026-03-10,常铝股份,,CNY
5.67,5.69,5.58,5.61,31356368.0,002160.SZ,2026-03-11,常铝股份,,CNY
5.6,5.95,5.59,5.81,81558192.0,002160.SZ,2026-03-12,常铝股份,,CNY
5.72,5.85,5.56,5.59,64200357.0,002160.SZ,2026-03-13,常铝股份,,CNY
5.67,5.72,5.35,5.47,52583942.0,002160.SZ,2026-03-16,常铝股份,,CNY
5.47,5.58,5.29,5.3,43606751.0,002160.SZ,2026-03-17,常铝股份,,CNY
5.3,5.31,5.11,5.19,34067908.0,002160.SZ,2026-03-18,常铝股份,,CNY
5.1,5.12,4.91,4.94,38225001.0,002160.SZ,2026-03-19,常铝股份,,CNY
5.01,5.03,4.78,4.79,29177182.0,002160.SZ,2026-03-20,常铝股份,,CNY
4.66,4.71,4.42,4.46,38511445.0,002160.SZ,2026-03-23,常铝股份,,CNY
4.62,4.77,4.47,4.76,47382640.0,002160.SZ,2026-03-24,常铝股份,,CNY
4.9,4.97,4.81,4.96,35944926.0,002160.SZ,2026-03-25,常铝股份,,CNY
4.93,5.01,4.87,4.89,27828369.0,002160.SZ,2026-03-26,常铝股份,,CNY
4.8,5.01,4.79,4.99,21558956.0,002160.SZ,2026-03-27,常铝股份,,CNY
5.49,5.49,5.49,5.49,19973100.0,002160.SZ,2026-03-30,常铝股份,,CNY
5.79,5.79,5.26,5.38,140410382.0,002160.SZ,2026-03-31,常铝股份,,CNY
5.35,5.36,5.03,5.11,86795848.0,002160.SZ,2026-04-01,常铝股份,,CNY
5.39,5.55,5.09,5.19,81823934.0,002160.SZ,2026-04-02,常铝股份,,CNY
5.13,5.18,4.68,4.75,71018942.0,002160.SZ,2026-04-03,常铝股份,,CNY
4.69,4.98,4.69,4.97,59121555.0,002160.SZ,2026-04-07,常铝股份,,CNY
5.08,5.14,4.99,5.14,46057979.0,002160.SZ,2026-04-08,常铝股份,,CNY
5.06,5.17,5.03,5.17,34492255.0,002160.SZ,2026-04-09,常铝股份,,CNY
5.17,5.19,5.09,5.1,29938759.0,002160.SZ,2026-04-10,常铝股份,,CNY
5.05,5.12,5.02,5.11,21045835.0,002160.SZ,2026-04-13,常铝股份,,CNY
5.19,5.2,5.07,5.15,25368889.0,002160.SZ,2026-04-14,常铝股份,,CNY
5.16,5.2,5.02,5.04,23945500.0,002160.SZ,2026-04-15,常铝股份,,CNY
5.06,5.19,5.06,5.15,28727409.0,002160.SZ,2026-04-16,常铝股份,,CNY
5.12,5.2,5.09,5.2,31881811.0,002160.SZ,2026-04-17,常铝股份,,CNY
5.16,5.19,5.12,5.16,21000552.0,002160.SZ,2026-04-20,常铝股份,,CNY
5.16,5.16,5.07,5.11,21486419.0,002160.SZ,2026-04-21,常铝股份,,CNY
5.08,5.1,5.03,5.05,23600400.0,002160.SZ,2026-04-22,常铝股份,,CNY
5.04,5.06,4.86,4.91,26521933.0,002160.SZ,2026-04-23,常铝股份,,CNY
4.86,4.98,4.82,4.93,24155150.0,002160.SZ,2026-04-24,常铝股份,,CNY
4.9,4.94,4.82,4.93,20511477.0,002160.SZ,2026-04-27,常铝股份,,CNY
4.9,4.9,4.76,4.79,20749271.0,002160.SZ,2026-04-28,常铝股份,,CNY
4.79,4.95,4.76,4.94,22626200.0,002160.SZ,2026-04-29,常铝股份,,CNY
4.9,4.95,4.83,4.88,15723300.0,002160.SZ,2026-04-30,常铝股份,,CNY
5.41,5.6,5.39,5.47,49980696.0,002162.SZ,2026-03-02,悦心健康,,CNY
5.47,5.82,5.47,5.53,78199998.0,002162.SZ,2026-03-03,悦心健康,,CNY
5.49,6.08,5.46,6.08,87915956.0,002162.SZ,2026-03-04,悦心健康,,CNY
6.41,6.45,5.98,6.05,130537365.0,002162.SZ,2026-03-05,悦心健康,,CNY
5.98,6.02,5.82,5.86,73414700.0,002162.SZ,2026-03-06,悦心健康,,CNY
5.72,5.77,5.48,5.6,67584100.0,002162.SZ,2026-03-09,悦心健康,,CNY
5.6,5.62,5.4,5.42,67175439.0,002162.SZ,2026-03-10,悦心健康,,CNY
5.43,5.59,5.41,5.49,61830340.0,002162.SZ,2026-03-11,悦心健康,,CNY
5.4,5.42,4.94,5.08,92146020.0,002162.SZ,2026-03-12,悦心健康,,CNY
4.98,5.03,4.91,4.98,35865264.0,002162.SZ,2026-03-13,悦心健康,,CNY
4.97,5.02,4.91,5.01,27225458.0,002162.SZ,2026-03-16,悦心健康,,CNY
5.01,5.01,4.87,4.87,24944480.0,002162.SZ,2026-03-17,悦心健康,,CNY
4.87,4.93,4.8,4.92,18836928.0,002162.SZ,2026-03-18,悦心健康,,CNY
4.85,4.88,4.74,4.77,20650900.0,002162.SZ,2026-03-19,悦心健康,,CNY
4.77,4.83,4.62,4.63,21190150.0,002162.SZ,2026-03-20,悦心健康,,CNY
4.52,4.54,4.3,4.32,27695172.0,002162.SZ,2026-03-23,悦心健康,,CNY
4.44,4.53,4.34,4.51,25724701.0,002162.SZ,2026-03-24,悦心健康,,CNY
4.55,4.88,4.53,4.73,43734774.0,002162.SZ,2026-03-25,悦心健康,,CNY
4.81,4.95,4.66,4.68,38788470.0,002162.SZ,2026-03-26,悦心健康,,CNY
4.64,4.77,4.62,4.73,26592691.0,002162.SZ,2026-03-27,悦心健康,,CNY
4.66,4.78,4.62,4.78,20544570.0,002162.SZ,2026-03-30,悦心健康,,CNY
4.76,4.81,4.68,4.7,20771668.0,002162.SZ,2026-03-31,悦心健康,,CNY
4.76,4.8,4.7,4.79,17230823.0,002162.SZ,2026-04-01,悦心健康,,CNY
4.77,4.8,4.7,4.72,14135985.0,002162.SZ,2026-04-02,悦心健康,,CNY
4.73,4.75,4.56,4.56,14709150.0,002162.SZ,2026-04-03,悦心健康,,CNY
4.57,4.7,4.56,4.66,14968739.0,002162.SZ,2026-04-07,悦心健康,,CNY
4.74,4.85,4.73,4.83,18064755.0,002162.SZ,2026-04-08,悦心健康,,CNY
4.78,4.82,4.7,4.72,15430370.0,002162.SZ,2026-04-09,悦心健康,,CNY
4.77,4.82,4.72,4.76,13078220.0,002162.SZ,2026-04-10,悦心健康,,CNY
4.72,4.75,4.67,4.72,12483090.0,002162.SZ,2026-04-13,悦心健康,,CNY
4.74,4.75,4.62,4.71,16189991.0,002162.SZ,2026-04-14,悦心健康,,CNY
4.73,4.74,4.62,4.63,11779610.0,002162.SZ,2026-04-15,悦心健康,,CNY
4.63,4.7,4.61,4.69,13562080.0,002162.SZ,2026-04-16,悦心健康,,CNY
4.67,4.68,4.57,4.59,14813970.0,002162.SZ,2026-04-17,悦心健康,,CNY
4.58,4.6,4.55,4.59,13519220.0,002162.SZ,2026-04-20,悦心健康,,CNY
4.56,4.61,4.47,4.53,17974714.0,002162.SZ,2026-04-21,悦心健康,,CNY
4.53,4.54,4.43,4.45,16065875.0,002162.SZ,2026-04-22,悦心健康,,CNY
4.46,4.47,4.39,4.42,13188050.0,002162.SZ,2026-04-23,悦心健康,,CNY
4.42,4.47,4.38,4.45,14585491.0,002162.SZ,2026-04-24,悦心健康,,CNY
4.44,4.52,4.32,4.51,16292949.0,002162.SZ,2026-04-27,悦心健康,,CNY
4.49,4.51,4.41,4.44,11418916.0,002162.SZ,2026-04-28,悦心健康,,CNY
4.41,4.53,4.41,4.49,12382188.0,002162.SZ,2026-04-29,悦心健康,,CNY
4.47,4.55,4.45,4.47,12985673.0,002162.SZ,2026-04-30,悦心健康,,CNY
14.95,15.03,14.55,14.78,50049824.0,002163.SZ,2026-03-02,海南发展,,CNY
14.75,15.11,14.13,14.18,47790070.0,002163.SZ,2026-03-03,海南发展,,CNY
13.99,14.34,13.93,14.02,37539645.0,002163.SZ,2026-03-04,海南发展,,CNY
14.29,14.43,14.12,14.2,31238778.0,002163.SZ,2026-03-05,海南发展,,CNY
14.18,14.39,14.04,14.3,22084937.0,002163.SZ,2026-03-06,海南发展,,CNY
14.05,14.25,13.84,14.14,30877465.0,002163.SZ,2026-03-09,海南发展,,CNY
14.4,14.49,14.16,14.2,24386034.0,002163.SZ,2026-03-10,海南发展,,CNY
14.26,14.3,14.05,14.09,22446384.0,002163.SZ,2026-03-11,海南发展,,CNY
14.04,14.1,13.84,13.91,22680915.0,002163.SZ,2026-03-12,海南发展,,CNY
13.87,13.98,13.57,13.6,26697147.0,002163.SZ,2026-03-13,海南发展,,CNY
13.66,13.92,13.54,13.74,26214870.0,002163.SZ,2026-03-16,海南发展,,CNY
13.85,14.4,13.78,13.98,57122591.0,002163.SZ,2026-03-17,海南发展,,CNY
13.95,14.26,13.46,13.6,41190625.0,002163.SZ,2026-03-18,海南发展,,CNY
13.4,13.44,13.09,13.17,34805544.0,002163.SZ,2026-03-19,海南发展,,CNY
13.26,13.32,12.9,12.9,27199700.0,002163.SZ,2026-03-20,海南发展,,CNY
12.63,12.99,12.28,12.37,38092421.0,002163.SZ,2026-03-23,海南发展,,CNY
12.59,12.8,12.38,12.78,38085757.0,002163.SZ,2026-03-24,海南发展,,CNY
12.84,13.08,12.78,13.08,26100464.0,002163.SZ,2026-03-25,海南发展,,CNY
13.07,13.22,12.79,12.86,20843060.0,002163.SZ,2026-03-26,海南发展,,CNY
12.82,13.13,12.72,13.07,22964330.0,002163.SZ,2026-03-27,海南发展,,CNY
12.9,13.24,12.73,13.18,25391400.0,002163.SZ,2026-03-30,海南发展,,CNY
13.12,13.44,13.08,13.11,24418381.0,002163.SZ,2026-03-31,海南发展,,CNY
13.3,13.35,12.95,13.04,21642918.0,002163.SZ,2026-04-01,海南发展,,CNY
12.94,13.03,12.72,12.81,19421317.0,002163.SZ,2026-04-02,海南发展,,CNY
12.81,12.85,12.27,12.35,18768979.0,002163.SZ,2026-04-03,海南发展,,CNY
12.36,12.57,12.3,12.51,15480201.0,002163.SZ,2026-04-07,海南发展,,CNY
12.76,13.07,12.7,13.06,25871496.0,002163.SZ,2026-04-08,海南发展,,CNY
12.91,12.97,12.73,12.78,21105105.0,002163.SZ,2026-04-09,海南发展,,CNY
12.94,12.96,12.71,12.73,20484703.0,002163.SZ,2026-04-10,海南发展,,CNY
12.76,12.87,12.7,12.77,19171000.0,002163.SZ,2026-04-13,海南发展,,CNY
12.86,12.9,12.6,12.89,20933097.0,002163.SZ,2026-04-14,海南发展,,CNY
12.95,13.06,12.72,12.76,20464500.0,002163.SZ,2026-04-15,海南发展,,CNY
12.76,13.05,12.67,12.95,24149658.0,002163.SZ,2026-04-16,海南发展,,CNY
12.89,13.07,12.71,13.01,20399809.0,002163.SZ,2026-04-17,海南发展,,CNY
13.03,13.56,12.86,13.19,56524789.0,002163.SZ,2026-04-20,海南发展,,CNY
13.23,13.27,12.81,12.91,39211147.0,002163.SZ,2026-04-21,海南发展,,CNY
12.85,12.91,12.39,12.56,34481642.0,002163.SZ,2026-04-22,海南发展,,CNY
12.48,12.55,12.06,12.18,33190455.0,002163.SZ,2026-04-23,海南发展,,CNY
12.16,12.16,11.8,11.84,24574500.0,002163.SZ,2026-04-24,海南发展,,CNY
11.84,11.98,11.56,11.93,24928594.0,002163.SZ,2026-04-27,海南发展,,CNY
12.05,12.65,12.0,12.19,55982613.0,002163.SZ,2026-04-28,海南发展,,CNY
12.1,12.36,12.03,12.17,29704998.0,002163.SZ,2026-04-29,海南发展,,CNY
12.16,12.6,12.15,12.46,29880092.0,002163.SZ,2026-04-30,海南发展,,CNY
15.0,15.98,15.0,15.54,54239347.0,002169.SZ,2026-03-02,智光电气,,CNY
15.54,15.73,14.54,14.55,61793111.0,002169.SZ,2026-03-03,智光电气,,CNY
14.37,15.18,14.37,14.8,44086027.0,002169.SZ,2026-03-04,智光电气,,CNY
15.25,15.35,14.95,15.1,34256791.0,002169.SZ,2026-03-05,智光电气,,CNY
15.0,15.91,14.99,15.59,43600673.0,002169.SZ,2026-03-06,智光电气,,CNY
15.19,15.75,15.18,15.38,38099375.0,002169.SZ,2026-03-09,智光电气,,CNY
15.6,16.38,15.52,16.18,51008671.0,002169.SZ,2026-03-10,智光电气,,CNY
16.3,16.49,15.83,15.92,39454994.0,002169.SZ,2026-03-11,智光电气,,CNY
15.84,16.65,15.61,15.95,48314102.0,002169.SZ,2026-03-12,智光电气,,CNY
15.88,16.27,15.43,15.53,40099175.0,002169.SZ,2026-03-13,智光电气,,CNY
15.7,15.86,15.35,15.68,32896366.0,002169.SZ,2026-03-16,智光电气,,CNY
15.73,15.77,14.62,14.66,49199385.0,002169.SZ,2026-03-17,智光电气,,CNY
14.61,15.1,14.5,15.07,32096884.0,002169.SZ,2026-03-18,智光电气,,CNY
14.8,14.8,14.01,14.17,37376520.0,002169.SZ,2026-03-19,智光电气,,CNY
14.28,14.53,13.98,14.0,29080354.0,002169.SZ,2026-03-20,智光电气,,CNY
13.8,14.14,13.21,13.35,37877721.0,002169.SZ,2026-03-23,智光电气,,CNY
13.61,13.98,13.28,13.9,31768332.0,002169.SZ,2026-03-24,智光电气,,CNY
14.1,14.45,14.02,14.41,27910345.0,002169.SZ,2026-03-25,智光电气,,CNY
14.36,14.48,14.18,14.33,22709726.0,002169.SZ,2026-03-26,智光电气,,CNY
14.17,14.92,14.12,14.8,26352922.0,002169.SZ,2026-03-27,智光电气,,CNY
14.52,14.72,14.12,14.44,23504804.0,002169.SZ,2026-03-30,智光电气,,CNY
14.45,14.73,14.17,14.23,19881132.0,002169.SZ,2026-03-31,智光电气,,CNY
14.73,14.78,14.24,14.33,20384500.0,002169.SZ,2026-04-01,智光电气,,CNY
14.4,14.66,14.16,14.2,24982852.0,002169.SZ,2026-04-02,智光电气,,CNY
14.23,14.66,13.79,13.9,25684968.0,002169.SZ,2026-04-03,智光电气,,CNY
13.99,14.04,13.65,13.88,19806953.0,002169.SZ,2026-04-07,智光电气,,CNY
14.29,14.88,14.25,14.85,30840675.0,002169.SZ,2026-04-08,智光电气,,CNY
14.69,14.89,14.6,14.85,19729711.0,002169.SZ,2026-04-09,智光电气,,CNY
14.9,15.18,14.78,14.85,21387917.0,002169.SZ,2026-04-10,智光电气,,CNY
14.75,15.16,14.65,15.09,25067756.0,002169.SZ,2026-04-13,智光电气,,CNY
15.2,15.35,14.95,15.35,25133432.0,002169.SZ,2026-04-14,智光电气,,CNY
15.38,15.55,14.71,14.9,39135752.0,002169.SZ,2026-04-15,智光电气,,CNY
15.06,15.24,14.48,14.75,32670706.0,002169.SZ,2026-04-16,智光电气,,CNY
14.62,14.68,14.15,14.54,33419101.0,002169.SZ,2026-04-17,智光电气,,CNY
14.48,14.74,14.31,14.61,25060639.0,002169.SZ,2026-04-20,智光电气,,CNY
14.67,14.92,14.33,14.9,28979027.0,002169.SZ,2026-04-21,智光电气,,CNY
14.72,14.8,13.77,13.93,59909799.0,002169.SZ,2026-04-22,智光电气,,CNY
13.85,13.87,12.78,12.97,54264107.0,002169.SZ,2026-04-23,智光电气,,CNY
12.97,13.16,12.78,12.91,27493694.0,002169.SZ,2026-04-24,智光电气,,CNY
12.94,13.03,12.61,12.93,22685583.0,002169.SZ,2026-04-27,智光电气,,CNY
12.78,12.85,12.54,12.74,22660381.0,002169.SZ,2026-04-28,智光电气,,CNY
12.77,13.0,12.7,12.93,20088506.0,002169.SZ,2026-04-29,智光电气,,CNY
12.85,13.19,12.81,13.1,20738188.0,002169.SZ,2026-04-30,智光电气,,CNY
13.59,13.88,13.5,13.71,68356738.0,002171.SZ,2026-03-02,楚江新材,,CNY
13.7,13.74,12.82,12.85,79890401.0,002171.SZ,2026-03-03,楚江新材,,CNY
12.65,13.12,12.58,12.85,43356254.0,002171.SZ,2026-03-04,楚江新材,,CNY
13.1,13.27,12.85,12.97,43765956.0,002171.SZ,2026-03-05,楚江新材,,CNY
12.85,13.03,12.74,12.81,37687389.0,002171.SZ,2026-03-06,楚江新材,,CNY
12.69,12.69,11.98,12.3,64844673.0,002171.SZ,2026-03-09,楚江新材,,CNY
12.49,12.62,12.37,12.55,40896428.0,002171.SZ,2026-03-10,楚江新材,,CNY
12.55,12.74,12.53,12.61,32514708.0,002171.SZ,2026-03-11,楚江新材,,CNY
12.79,13.07,12.57,12.72,54221418.0,002171.SZ,2026-03-12,楚江新材,,CNY
12.61,12.72,12.36,12.4,39132657.0,002171.SZ,2026-03-13,楚江新材,,CNY
12.31,12.36,12.02,12.27,31882632.0,002171.SZ,2026-03-16,楚江新材,,CNY
12.33,12.38,11.9,11.92,37506305.0,002171.SZ,2026-03-17,楚江新材,,CNY
11.93,11.97,11.6,11.88,36513270.0,002171.SZ,2026-03-18,楚江新材,,CNY
11.65,11.68,11.25,11.3,41287487.0,002171.SZ,2026-03-19,楚江新材,,CNY
11.41,11.46,11.06,11.07,30324972.0,002171.SZ,2026-03-20,楚江新材,,CNY
10.88,11.04,10.36,10.45,45238331.0,002171.SZ,2026-03-23,楚江新材,,CNY
10.69,10.78,10.4,10.75,31468532.0,002171.SZ,2026-03-24,楚江新材,,CNY
10.86,10.98,10.86,10.93,31036347.0,002171.SZ,2026-03-25,楚江新材,,CNY
10.94,10.98,10.74,10.8,24589851.0,002171.SZ,2026-03-26,楚江新材,,CNY
10.63,11.03,10.59,10.96,24701618.0,002171.SZ,2026-03-27,楚江新材,,CNY
10.84,11.15,10.84,11.1,36971040.0,002171.SZ,2026-03-30,楚江新材,,CNY
11.12,11.47,11.1,11.36,46671077.0,002171.SZ,2026-03-31,楚江新材,,CNY
11.5,11.55,11.18,11.27,34857457.0,002171.SZ,2026-04-01,楚江新材,,CNY
11.21,11.29,10.9,10.98,25609710.0,002171.SZ,2026-04-02,楚江新材,,CNY
10.95,11.05,10.77,10.78,19042209.0,002171.SZ,2026-04-03,楚江新材,,CNY
10.85,10.93,10.76,10.87,13863907.0,002171.SZ,2026-04-07,楚江新材,,CNY
11.15,11.36,11.11,11.36,32566591.0,002171.SZ,2026-04-08,楚江新材,,CNY
11.25,11.33,11.15,11.18,23468176.0,002171.SZ,2026-04-09,楚江新材,,CNY
11.31,11.44,11.26,11.32,26536812.0,002171.SZ,2026-04-10,楚江新材,,CNY
11.31,11.46,11.26,11.35,23789899.0,002171.SZ,2026-04-13,楚江新材,,CNY
11.44,11.56,11.37,11.56,32797065.0,002171.SZ,2026-04-14,楚江新材,,CNY
11.67,11.73,11.4,11.44,30340443.0,002171.SZ,2026-04-15,楚江新材,,CNY
11.47,11.53,11.41,11.49,22682735.0,002171.SZ,2026-04-16,楚江新材,,CNY
11.5,11.86,11.45,11.79,43014432.0,002171.SZ,2026-04-17,楚江新材,,CNY
11.84,12.09,11.84,11.97,43264839.0,002171.SZ,2026-04-20,楚江新材,,CNY
11.98,11.98,11.75,11.83,28675556.0,002171.SZ,2026-04-21,楚江新材,,CNY
11.76,12.02,11.73,12.0,35963230.0,002171.SZ,2026-04-22,楚江新材,,CNY
12.03,12.09,11.69,11.82,33577405.0,002171.SZ,2026-04-23,楚江新材,,CNY
11.72,11.85,11.51,11.65,27396832.0,002171.SZ,2026-04-24,楚江新材,,CNY
11.62,11.71,11.36,11.52,29097888.0,002171.SZ,2026-04-27,楚江新材,,CNY
11.5,11.51,11.19,11.3,30152983.0,002171.SZ,2026-04-28,楚江新材,,CNY
11.26,11.44,11.22,11.42,22712329.0,002171.SZ,2026-04-29,楚江新材,,CNY
11.4,11.43,11.22,11.31,25298921.0,002171.SZ,2026-04-30,楚江新材,,CNY
4.46,4.48,4.31,4.34,31598700.0,002172.SZ,2026-03-02,澳洋健康,,CNY
4.35,4.41,4.2,4.2,23897600.0,002172.SZ,2026-03-03,澳洋健康,,CNY
4.18,4.38,4.14,4.28,28980351.0,002172.SZ,2026-03-04,澳洋健康,,CNY
4.35,4.4,4.32,4.34,24649702.0,002172.SZ,2026-03-05,澳洋健康,,CNY
4.32,4.48,4.31,4.47,33551600.0,002172.SZ,2026-03-06,澳洋健康,,CNY
4.39,4.47,4.35,4.37,28171300.0,002172.SZ,2026-03-09,澳洋健康,,CNY
4.39,4.41,4.36,4.41,16376100.0,002172.SZ,2026-03-10,澳洋健康,,CNY
4.43,4.44,4.33,4.34,17758100.0,002172.SZ,2026-03-11,澳洋健康,,CNY
4.35,4.37,4.24,4.25,22790600.0,002172.SZ,2026-03-12,澳洋健康,,CNY
4.25,4.34,4.22,4.27,17745400.0,002172.SZ,2026-03-13,澳洋健康,,CNY
4.27,4.34,4.24,4.26,16545400.0,002172.SZ,2026-03-16,澳洋健康,,CNY
4.25,4.33,4.18,4.18,16589550.0,002172.SZ,2026-03-17,澳洋健康,,CNY
4.21,4.22,4.14,4.19,14017100.0,002172.SZ,2026-03-18,澳洋健康,,CNY
4.17,4.18,4.03,4.05,23512123.0,002172.SZ,2026-03-19,澳洋健康,,CNY
4.03,4.07,3.89,3.9,21820400.0,002172.SZ,2026-03-20,澳洋健康,,CNY
3.85,3.85,3.6,3.62,29738176.0,002172.SZ,2026-03-23,澳洋健康,,CNY
3.71,3.85,3.64,3.84,28713300.0,002172.SZ,2026-03-24,澳洋健康,,CNY
3.86,3.93,3.84,3.91,15544522.0,002172.SZ,2026-03-25,澳洋健康,,CNY
3.96,4.1,3.89,3.92,32311036.0,002172.SZ,2026-03-26,澳洋健康,,CNY
3.9,4.2,3.86,4.08,35436001.0,002172.SZ,2026-03-27,澳洋健康,,CNY
4.05,4.15,4.02,4.14,25895510.0,002172.SZ,2026-03-30,澳洋健康,,CNY
4.12,4.19,4.04,4.05,21904210.0,002172.SZ,2026-03-31,澳洋健康,,CNY
4.11,4.12,3.99,4.06,18908400.0,002172.SZ,2026-04-01,澳洋健康,,CNY
4.1,4.1,4.0,4.03,15553300.0,002172.SZ,2026-04-02,澳洋健康,,CNY
4.0,4.04,3.87,3.88,17181300.0,002172.SZ,2026-04-03,澳洋健康,,CNY
3.9,4.02,3.84,3.99,17440800.0,002172.SZ,2026-04-07,澳洋健康,,CNY
4.03,4.08,3.98,4.05,17824500.0,002172.SZ,2026-04-08,澳洋健康,,CNY
4.01,4.05,3.9,3.92,16775400.0,002172.SZ,2026-04-09,澳洋健康,,CNY
3.93,3.99,3.9,3.92,16435100.0,002172.SZ,2026-04-10,澳洋健康,,CNY
3.9,3.91,3.83,3.86,16255000.0,002172.SZ,2026-04-13,澳洋健康,,CNY
3.9,3.91,3.79,3.85,16843100.0,002172.SZ,2026-04-14,澳洋健康,,CNY
3.87,3.9,3.8,3.82,14349500.0,002172.SZ,2026-04-15,澳洋健康,,CNY
3.82,3.87,3.78,3.87,14561510.0,002172.SZ,2026-04-16,澳洋健康,,CNY
3.86,3.87,3.76,3.78,16479700.0,002172.SZ,2026-04-17,澳洋健康,,CNY
3.78,3.83,3.75,3.83,13496400.0,002172.SZ,2026-04-20,澳洋健康,,CNY
3.82,3.84,3.74,3.78,13460801.0,002172.SZ,2026-04-21,澳洋健康,,CNY
3.78,3.79,3.74,3.77,10540400.0,002172.SZ,2026-04-22,澳洋健康,,CNY
3.76,3.78,3.7,3.73,13745500.0,002172.SZ,2026-04-23,澳洋健康,,CNY
3.71,3.76,3.66,3.73,15509400.0,002172.SZ,2026-04-24,澳洋健康,,CNY
3.73,3.79,3.63,3.77,17512260.0,002172.SZ,2026-04-27,澳洋健康,,CNY
3.76,3.82,3.72,3.77,16498200.0,002172.SZ,2026-04-28,澳洋健康,,CNY
3.75,3.85,3.73,3.83,17297500.0,002172.SZ,2026-04-29,澳洋健康,,CNY
3.83,3.85,3.73,3.81,20856827.0,002172.SZ,2026-04-30,澳洋健康,,CNY
10.91,10.98,10.57,10.63,33697835.0,002174.SZ,2026-03-02,游族网络,,CNY
10.62,10.69,10.33,10.34,27925870.0,002174.SZ,2026-03-03,游族网络,,CNY
10.2,10.34,10.05,10.11,20268350.0,002174.SZ,2026-03-04,游族网络,,CNY
10.31,10.53,10.13,10.35,23805563.0,002174.SZ,2026-03-05,游族网络,,CNY
10.28,10.87,10.26,10.79,24064105.0,002174.SZ,2026-03-06,游族网络,,CNY
10.7,10.7,10.42,10.62,20263743.0,002174.SZ,2026-03-09,游族网络,,CNY
10.72,10.85,10.55,10.6,19808112.0,002174.SZ,2026-03-10,游族网络,,CNY
10.63,10.66,10.47,10.55,13443083.0,002174.SZ,2026-03-11,游族网络,,CNY
10.53,11.09,10.51,10.56,26418870.0,002174.SZ,2026-03-12,游族网络,,CNY
10.86,10.9,10.38,10.4,22718663.0,002174.SZ,2026-03-13,游族网络,,CNY
10.37,10.49,10.29,10.39,14433890.0,002174.SZ,2026-03-16,游族网络,,CNY
10.41,10.58,10.32,10.32,14685848.0,002174.SZ,2026-03-17,游族网络,,CNY
10.44,10.45,10.17,10.29,16609848.0,002174.SZ,2026-03-18,游族网络,,CNY
10.17,10.23,9.98,10.0,20542674.0,002174.SZ,2026-03-19,游族网络,,CNY
9.99,10.1,9.56,9.57,25981677.0,002174.SZ,2026-03-20,游族网络,,CNY
9.38,9.39,8.89,8.98,31246309.0,002174.SZ,2026-03-23,游族网络,,CNY
9.12,9.3,9.0,9.27,20388633.0,002174.SZ,2026-03-24,游族网络,,CNY
9.32,9.57,9.28,9.46,16932707.0,002174.SZ,2026-03-25,游族网络,,CNY
9.46,9.56,9.23,9.28,14116996.0,002174.SZ,2026-03-26,游族网络,,CNY
9.16,9.5,9.13,9.45,13937432.0,002174.SZ,2026-03-27,游族网络,,CNY
9.33,9.6,9.28,9.56,18244324.0,002174.SZ,2026-03-30,游族网络,,CNY
9.55,9.73,9.53,9.54,12928003.0,002174.SZ,2026-03-31,游族网络,,CNY
9.69,9.81,9.56,9.77,15226499.0,002174.SZ,2026-04-01,游族网络,,CNY
9.74,9.84,9.54,9.59,12171696.0,002174.SZ,2026-04-02,游族网络,,CNY
9.64,9.69,9.33,9.36,10591137.0,002174.SZ,2026-04-03,游族网络,,CNY
9.36,9.48,9.33,9.4,6930913.0,002174.SZ,2026-04-07,游族网络,,CNY
9.6,10.04,9.6,10.01,20385061.0,002174.SZ,2026-04-08,游族网络,,CNY
9.92,9.95,9.68,9.7,13691045.0,002174.SZ,2026-04-09,游族网络,,CNY
9.78,9.96,9.76,9.81,12731369.0,002174.SZ,2026-04-10,游族网络,,CNY
9.71,9.75,9.55,9.61,18148026.0,002174.SZ,2026-04-13,游族网络,,CNY
9.69,9.74,9.53,9.61,10676571.0,002174.SZ,2026-04-14,游族网络,,CNY
9.65,9.73,9.55,9.56,11058214.0,002174.SZ,2026-04-15,游族网络,,CNY
9.62,9.76,9.59,9.72,16017886.0,002174.SZ,2026-04-16,游族网络,,CNY
9.72,9.75,9.52,9.65,15977741.0,002174.SZ,2026-04-17,游族网络,,CNY
9.62,9.74,9.6,9.67,13177026.0,002174.SZ,2026-04-20,游族网络,,CNY
9.67,9.81,9.65,9.72,18802719.0,002174.SZ,2026-04-21,游族网络,,CNY
9.69,9.69,9.52,9.65,15593436.0,002174.SZ,2026-04-22,游族网络,,CNY
9.69,9.83,9.43,9.47,20805029.0,002174.SZ,2026-04-23,游族网络,,CNY
9.4,9.47,9.07,9.15,23279303.0,002174.SZ,2026-04-24,游族网络,,CNY
9.16,9.5,9.04,9.34,26060492.0,002174.SZ,2026-04-27,游族网络,,CNY
9.29,9.53,9.21,9.25,17054400.0,002174.SZ,2026-04-28,游族网络,,CNY
9.85,10.18,9.77,10.18,28076445.0,002174.SZ,2026-04-29,游族网络,,CNY
10.17,10.35,10.11,10.24,70075895.0,002174.SZ,2026-04-30,游族网络,,CNY
12.62,12.78,12.36,12.46,20410486.0,002194.SZ,2026-03-02,武汉凡谷,,CNY
12.53,12.59,11.82,11.99,21637541.0,002194.SZ,2026-03-03,武汉凡谷,,CNY
11.9,12.04,11.78,11.82,13726335.0,002194.SZ,2026-03-04,武汉凡谷,,CNY
11.98,12.23,11.95,12.11,14984195.0,002194.SZ,2026-03-05,武汉凡谷,,CNY
12.04,12.23,11.97,12.15,11492120.0,002194.SZ,2026-03-06,武汉凡谷,,CNY
11.93,12.05,11.66,12.01,15978008.0,002194.SZ,2026-03-09,武汉凡谷,,CNY
12.13,12.95,12.11,12.61,38180000.0,002194.SZ,2026-03-10,武汉凡谷,,CNY
12.61,13.15,12.59,12.7,41755277.0,002194.SZ,2026-03-11,武汉凡谷,,CNY
12.6,12.78,12.37,12.49,24829626.0,002194.SZ,2026-03-12,武汉凡谷,,CNY
12.4,12.56,12.21,12.23,15904701.0,002194.SZ,2026-03-13,武汉凡谷,,CNY
12.17,12.36,12.1,12.35,12099412.0,002194.SZ,2026-03-16,武汉凡谷,,CNY
12.38,12.42,11.93,11.94,14158563.0,002194.SZ,2026-03-17,武汉凡谷,,CNY
11.96,12.19,11.87,12.17,12700572.0,002194.SZ,2026-03-18,武汉凡谷,,CNY
11.98,12.08,11.81,11.85,10681344.0,002194.SZ,2026-03-19,武汉凡谷,,CNY
11.99,12.1,11.5,11.5,14437060.0,002194.SZ,2026-03-20,武汉凡谷,,CNY
10.83,10.88,10.35,10.35,29322896.0,002194.SZ,2026-03-23,武汉凡谷,,CNY
10.32,10.36,9.79,10.31,33140753.0,002194.SZ,2026-03-24,武汉凡谷,,CNY
10.35,10.64,10.35,10.54,20291533.0,002194.SZ,2026-03-25,武汉凡谷,,CNY
10.51,10.58,10.17,10.21,13127105.0,002194.SZ,2026-03-26,武汉凡谷,,CNY
10.02,10.38,10.0,10.36,9441179.0,002194.SZ,2026-03-27,武汉凡谷,,CNY
10.16,10.43,10.13,10.42,9604634.0,002194.SZ,2026-03-30,武汉凡谷,,CNY
10.45,10.6,10.31,10.34,10794106.0,002194.SZ,2026-03-31,武汉凡谷,,CNY
10.51,10.55,10.36,10.46,8827125.0,002194.SZ,2026-04-01,武汉凡谷,,CNY
10.41,10.51,10.17,10.25,7917608.0,002194.SZ,2026-04-02,武汉凡谷,,CNY
10.35,10.37,10.05,10.08,7273620.0,002194.SZ,2026-04-03,武汉凡谷,,CNY
10.09,10.31,10.09,10.25,8547306.0,002194.SZ,2026-04-07,武汉凡谷,,CNY
10.45,10.72,10.44,10.72,12665620.0,002194.SZ,2026-04-08,武汉凡谷,,CNY
10.6,10.78,10.59,10.7,10500825.0,002194.SZ,2026-04-09,武汉凡谷,,CNY
10.71,10.85,10.67,10.67,8467734.0,002194.SZ,2026-04-10,武汉凡谷,,CNY
10.66,10.7,10.55,10.6,7428572.0,002194.SZ,2026-04-13,武汉凡谷,,CNY
10.68,10.71,10.51,10.6,6911688.0,002194.SZ,2026-04-14,武汉凡谷,,CNY
10.65,10.68,10.41,10.45,8812206.0,002194.SZ,2026-04-15,武汉凡谷,,CNY
10.46,10.68,10.39,10.64,10815959.0,002194.SZ,2026-04-16,武汉凡谷,,CNY
10.66,10.96,10.61,10.79,12810200.0,002194.SZ,2026-04-17,武汉凡谷,,CNY
10.79,10.92,10.75,10.88,9727900.0,002194.SZ,2026-04-20,武汉凡谷,,CNY
10.85,10.97,10.73,10.78,12413562.0,002194.SZ,2026-04-21,武汉凡谷,,CNY
11.86,11.86,11.86,11.86,15087859.0,002194.SZ,2026-04-22,武汉凡谷,,CNY
12.3,12.99,12.11,12.36,103417801.0,002194.SZ,2026-04-23,武汉凡谷,,CNY
11.72,11.88,11.26,11.27,62370723.0,002194.SZ,2026-04-24,武汉凡谷,,CNY
11.27,11.59,11.11,11.37,36567398.0,002194.SZ,2026-04-27,武汉凡谷,,CNY
11.18,11.24,10.7,10.87,37956471.0,002194.SZ,2026-04-28,武汉凡谷,,CNY
10.76,11.03,10.76,10.91,21025676.0,002194.SZ,2026-04-29,武汉凡谷,,CNY
10.86,11.08,10.65,11.03,23181014.0,002194.SZ,2026-04-30,武汉凡谷,,CNY
16.0,16.35,15.87,15.88,54165362.0,002196.SZ,2026-03-02,方正电机,,CNY
15.83,16.0,14.53,14.56,53192123.0,002196.SZ,2026-03-03,方正电机,,CNY
14.3,15.04,14.23,14.95,39099410.0,002196.SZ,2026-03-04,方正电机,,CNY
15.22,15.48,15.16,15.31,31448090.0,002196.SZ,2026-03-05,方正电机,,CNY
15.33,15.42,15.06,15.09,27681500.0,002196.SZ,2026-03-06,方正电机,,CNY
14.65,15.03,14.48,14.99,27889790.0,002196.SZ,2026-03-09,方正电机,,CNY
15.19,15.49,15.1,15.31,34809010.0,002196.SZ,2026-03-10,方正电机,,CNY
15.21,15.33,14.85,14.89,32918950.0,002196.SZ,2026-03-11,方正电机,,CNY
14.78,15.0,14.6,14.63,22712650.0,002196.SZ,2026-03-12,方正电机,,CNY
14.48,14.64,14.28,14.36,21243810.0,002196.SZ,2026-03-13,方正电机,,CNY
14.2,14.31,13.96,14.31,21770210.0,002196.SZ,2026-03-16,方正电机,,CNY
14.5,14.55,13.91,13.93,18359020.0,002196.SZ,2026-03-17,方正电机,,CNY
14.06,14.22,13.91,14.21,17848830.0,002196.SZ,2026-03-18,方正电机,,CNY
14.04,14.05,13.77,13.82,19046848.0,002196.SZ,2026-03-19,方正电机,,CNY
13.83,13.94,13.43,13.46,18945420.0,002196.SZ,2026-03-20,方正电机,,CNY
13.34,13.85,12.99,13.1,36656220.0,002196.SZ,2026-03-23,方正电机,,CNY
13.37,13.5,13.06,13.45,28137933.0,002196.SZ,2026-03-24,方正电机,,CNY
13.45,13.77,13.45,13.7,19746531.0,002196.SZ,2026-03-25,方正电机,,CNY
13.71,13.94,13.44,13.5,20677853.0,002196.SZ,2026-03-26,方正电机,,CNY
13.31,13.74,13.21,13.71,19335032.0,002196.SZ,2026-03-27,方正电机,,CNY
13.51,13.77,13.48,13.73,14769153.0,002196.SZ,2026-03-30,方正电机,,CNY
13.74,14.06,13.66,13.68,21203240.0,002196.SZ,2026-03-31,方正电机,,CNY
13.88,14.01,13.78,13.94,21560853.0,002196.SZ,2026-04-01,方正电机,,CNY
13.88,14.04,13.64,13.74,16970390.0,002196.SZ,2026-04-02,方正电机,,CNY
13.7,13.75,13.4,13.41,13842200.0,002196.SZ,2026-04-03,方正电机,,CNY
13.41,13.66,13.4,13.59,12435340.0,002196.SZ,2026-04-07,方正电机,,CNY
13.85,14.27,13.85,14.27,27466062.0,002196.SZ,2026-04-08,方正电机,,CNY
14.01,14.08,13.82,13.88,19342420.0,002196.SZ,2026-04-09,方正电机,,CNY
13.98,14.74,13.95,14.35,39607450.0,002196.SZ,2026-04-10,方正电机,,CNY
14.45,14.73,14.29,14.68,42881970.0,002196.SZ,2026-04-13,方正电机,,CNY
14.7,14.75,14.31,14.52,35304717.0,002196.SZ,2026-04-14,方正电机,,CNY
14.7,14.8,14.14,14.18,33175665.0,002196.SZ,2026-04-15,方正电机,,CNY
14.5,14.79,14.27,14.47,32591600.0,002196.SZ,2026-04-16,方正电机,,CNY
14.31,14.45,14.16,14.36,24905385.0,002196.SZ,2026-04-17,方正电机,,CNY
14.44,14.5,14.16,14.36,24859300.0,002196.SZ,2026-04-20,方正电机,,CNY
14.31,14.68,14.11,14.5,38263835.0,002196.SZ,2026-04-21,方正电机,,CNY
14.34,14.5,14.15,14.36,23766910.0,002196.SZ,2026-04-22,方正电机,,CNY
14.36,14.37,13.86,14.03,33954760.0,002196.SZ,2026-04-23,方正电机,,CNY
14.01,14.35,13.9,14.17,28272700.0,002196.SZ,2026-04-24,方正电机,,CNY
14.09,14.34,13.7,14.25,28886563.0,002196.SZ,2026-04-27,方正电机,,CNY
14.17,14.17,13.5,13.54,31757715.0,002196.SZ,2026-04-28,方正电机,,CNY
13.55,13.85,13.45,13.77,18949643.0,002196.SZ,2026-04-29,方正电机,,CNY
13.66,14.06,13.66,13.97,22426900.0,002196.SZ,2026-04-30,方正电机,,CNY
7.28,7.34,7.12,7.14,19099602.0,002198.SZ,2026-03-02,嘉应制药,,CNY
7.14,7.27,7.05,7.06,17259500.0,002198.SZ,2026-03-03,嘉应制药,,CNY
7.0,7.35,6.98,7.33,25058504.0,002198.SZ,2026-03-04,嘉应制药,,CNY
7.4,7.54,7.3,7.37,22021623.0,002198.SZ,2026-03-05,嘉应制药,,CNY
7.37,7.54,7.31,7.51,19403648.0,002198.SZ,2026-03-06,嘉应制药,,CNY
7.47,7.63,7.27,7.58,22030000.0,002198.SZ,2026-03-09,嘉应制药,,CNY
7.58,8.14,7.58,8.04,36862049.0,002198.SZ,2026-03-10,嘉应制药,,CNY
8.19,8.2,7.98,8.07,28225101.0,002198.SZ,2026-03-11,嘉应制药,,CNY
8.09,8.1,7.8,7.88,20139100.0,002198.SZ,2026-03-12,嘉应制药,,CNY
7.91,8.03,7.81,7.87,13473000.0,002198.SZ,2026-03-13,嘉应制药,,CNY
7.76,8.03,7.7,7.99,16666400.0,002198.SZ,2026-03-16,嘉应制药,,CNY
8.02,8.08,7.78,7.79,15104800.0,002198.SZ,2026-03-17,嘉应制药,,CNY
7.85,8.06,7.76,8.01,16017400.0,002198.SZ,2026-03-18,嘉应制药,,CNY
7.91,7.99,7.62,7.69,17989367.0,002198.SZ,2026-03-19,嘉应制药,,CNY
7.71,7.77,7.41,7.43,18140500.0,002198.SZ,2026-03-20,嘉应制药,,CNY
7.39,7.39,6.9,7.0,25858467.0,002198.SZ,2026-03-23,嘉应制药,,CNY
7.1,7.6,7.1,7.54,23836691.0,002198.SZ,2026-03-24,嘉应制药,,CNY
7.54,7.71,7.46,7.63,12225115.0,002198.SZ,2026-03-25,嘉应制药,,CNY
7.67,7.8,7.56,7.71,12291900.0,002198.SZ,2026-03-26,嘉应制药,,CNY
7.8,7.91,7.6,7.8,15623288.0,002198.SZ,2026-03-27,嘉应制药,,CNY
7.91,7.94,7.72,7.9,14559249.0,002198.SZ,2026-03-30,嘉应制药,,CNY
7.91,8.0,7.68,7.68,15135359.0,002198.SZ,2026-03-31,嘉应制药,,CNY
7.84,7.99,7.78,7.83,13550800.0,002198.SZ,2026-04-01,嘉应制药,,CNY
7.82,7.89,7.68,7.76,10768700.0,002198.SZ,2026-04-02,嘉应制药,,CNY
7.71,7.8,7.39,7.42,18161864.0,002198.SZ,2026-04-03,嘉应制药,,CNY
7.39,7.63,7.34,7.57,12901500.0,002198.SZ,2026-04-07,嘉应制药,,CNY
7.7,7.86,7.67,7.83,18109200.0,002198.SZ,2026-04-08,嘉应制药,,CNY
7.87,7.95,7.75,7.88,18797037.0,002198.SZ,2026-04-09,嘉应制药,,CNY
7.89,8.05,7.82,7.83,15019200.0,002198.SZ,2026-04-10,嘉应制药,,CNY
7.84,7.86,7.55,7.65,16136900.0,002198.SZ,2026-04-13,嘉应制药,,CNY
7.73,7.78,7.52,7.71,12960176.0,002198.SZ,2026-04-14,嘉应制药,,CNY
7.79,7.82,7.61,7.66,14040600.0,002198.SZ,2026-04-15,嘉应制药,,CNY
7.65,7.75,7.56,7.72,11400818.0,002198.SZ,2026-04-16,嘉应制药,,CNY
7.72,7.87,7.63,7.84,16943315.0,002198.SZ,2026-04-17,嘉应制药,,CNY
7.83,7.89,7.71,7.86,17402521.0,002198.SZ,2026-04-20,嘉应制药,,CNY
7.85,8.01,7.62,7.62,22027928.0,002198.SZ,2026-04-21,嘉应制药,,CNY
7.59,7.71,7.46,7.63,15147385.0,002198.SZ,2026-04-22,嘉应制药,,CNY
7.61,7.62,7.36,7.38,14206484.0,002198.SZ,2026-04-23,嘉应制药,,CNY
7.38,7.38,7.11,7.15,17234200.0,002198.SZ,2026-04-24,嘉应制药,,CNY
6.44,6.65,6.44,6.59,45097216.0,002198.SZ,2026-04-27,嘉应制药,,CNY
6.17,6.73,6.17,6.46,34736621.0,002198.SZ,2026-04-28,嘉应制药,,CNY
6.3,6.31,5.81,5.84,75488538.0,002198.SZ,2026-04-29,嘉应制药,,CNY
7.53,7.58,7.43,7.45,37254189.0,002204.SZ,2026-03-02,大连重工,,CNY
7.45,7.47,7.0,7.0,60585434.0,002204.SZ,2026-03-03,大连重工,,CNY
6.9,7.05,6.89,6.91,32172995.0,002204.SZ,2026-03-04,大连重工,,CNY
7.03,7.17,7.02,7.1,29284006.0,002204.SZ,2026-03-05,大连重工,,CNY
7.08,7.3,7.03,7.22,30573114.0,002204.SZ,2026-03-06,大连重工,,CNY
7.17,7.19,7.05,7.12,29015488.0,002204.SZ,2026-03-09,大连重工,,CNY
7.17,7.22,7.12,7.15,21794209.0,002204.SZ,2026-03-10,大连重工,,CNY
7.16,7.17,7.07,7.11,22149049.0,002204.SZ,2026-03-11,大连重工,,CNY
7.11,7.14,7.0,7.11,29417509.0,002204.SZ,2026-03-12,大连重工,,CNY
7.11,7.4,7.08,7.27,55112767.0,002204.SZ,2026-03-13,大连重工,,CNY
7.42,7.53,7.06,7.11,87636543.0,002204.SZ,2026-03-16,大连重工,,CNY
7.01,7.17,6.95,6.98,54799182.0,002204.SZ,2026-03-17,大连重工,,CNY
6.94,7.0,6.74,6.86,46520709.0,002204.SZ,2026-03-18,大连重工,,CNY
6.78,6.8,6.64,6.68,32118839.0,002204.SZ,2026-03-19,大连重工,,CNY
6.67,6.74,6.56,6.57,28043542.0,002204.SZ,2026-03-20,大连重工,,CNY
6.45,6.56,6.19,6.24,38836219.0,002204.SZ,2026-03-23,大连重工,,CNY
6.35,6.46,6.24,6.45,33555250.0,002204.SZ,2026-03-24,大连重工,,CNY
6.49,6.65,6.45,6.58,27783128.0,002204.SZ,2026-03-25,大连重工,,CNY
6.56,6.68,6.52,6.56,22565071.0,002204.SZ,2026-03-26,大连重工,,CNY
6.49,6.65,6.47,6.59,17514822.0,002204.SZ,2026-03-27,大连重工,,CNY
6.53,6.65,6.43,6.63,20224907.0,002204.SZ,2026-03-30,大连重工,,CNY
6.62,6.81,6.62,6.64,29978377.0,002204.SZ,2026-03-31,大连重工,,CNY
6.75,6.77,6.63,6.74,28136256.0,002204.SZ,2026-04-01,大连重工,,CNY
6.83,6.84,6.55,6.59,29277200.0,002204.SZ,2026-04-02,大连重工,,CNY
6.63,6.63,6.45,6.57,29353637.0,002204.SZ,2026-04-03,大连重工,,CNY
6.58,6.7,6.57,6.65,18689158.0,002204.SZ,2026-04-07,大连重工,,CNY
6.75,6.99,6.7,6.97,49346971.0,002204.SZ,2026-04-08,大连重工,,CNY
6.85,6.87,6.77,6.77,30909600.0,002204.SZ,2026-04-09,大连重工,,CNY
6.82,6.87,6.76,6.76,37144792.0,002204.SZ,2026-04-10,大连重工,,CNY
6.73,6.78,6.67,6.74,23661479.0,002204.SZ,2026-04-13,大连重工,,CNY
6.78,6.87,6.65,6.75,28865419.0,002204.SZ,2026-04-14,大连重工,,CNY
6.79,6.8,6.73,6.74,19401213.0,002204.SZ,2026-04-15,大连重工,,CNY
6.74,6.77,6.68,6.75,24923148.0,002204.SZ,2026-04-16,大连重工,,CNY
6.78,6.8,6.68,6.72,21054808.0,002204.SZ,2026-04-17,大连重工,,CNY
6.72,6.9,6.7,6.88,39483312.0,002204.SZ,2026-04-20,大连重工,,CNY
6.89,6.93,6.86,6.9,23610247.0,002204.SZ,2026-04-21,大连重工,,CNY
6.89,6.98,6.87,6.91,24658631.0,002204.SZ,2026-04-22,大连重工,,CNY
6.9,6.96,6.81,6.89,24439300.0,002204.SZ,2026-04-23,大连重工,,CNY
6.87,6.87,6.78,6.81,19849645.0,002204.SZ,2026-04-24,大连重工,,CNY
6.8,6.84,6.75,6.82,24534464.0,002204.SZ,2026-04-27,大连重工,,CNY
6.82,6.95,6.78,6.89,42949757.0,002204.SZ,2026-04-28,大连重工,,CNY
6.86,6.9,6.83,6.87,24717825.0,002204.SZ,2026-04-29,大连重工,,CNY
6.85,6.92,6.82,6.85,24266085.0,002204.SZ,2026-04-30,大连重工,,CNY
14.66,14.81,14.18,14.51,5055200.0,002205.SZ,2026-03-02,国统股份,,CNY
14.47,14.69,14.19,14.23,4732360.0,002205.SZ,2026-03-03,国统股份,,CNY
14.0,14.33,13.89,14.15,4163062.0,002205.SZ,2026-03-04,国统股份,,CNY
14.4,15.08,14.4,14.48,4695730.0,002205.SZ,2026-03-05,国统股份,,CNY
14.56,14.85,14.32,14.85,4936660.0,002205.SZ,2026-03-06,国统股份,,CNY
14.71,14.93,14.33,14.42,4469304.0,002205.SZ,2026-03-09,国统股份,,CNY
14.54,14.7,14.31,14.58,3094600.0,002205.SZ,2026-03-10,国统股份,,CNY
14.65,14.65,14.3,14.37,3317400.0,002205.SZ,2026-03-11,国统股份,,CNY
14.41,14.45,13.8,13.91,4368701.0,002205.SZ,2026-03-12,国统股份,,CNY
13.91,14.18,13.82,13.87,2812400.0,002205.SZ,2026-03-13,国统股份,,CNY
13.87,14.31,13.72,13.91,3742600.0,002205.SZ,2026-03-16,国统股份,,CNY
13.98,14.14,13.62,13.63,2894700.0,002205.SZ,2026-03-17,国统股份,,CNY
13.77,13.84,13.53,13.84,2367600.0,002205.SZ,2026-03-18,国统股份,,CNY
13.76,13.79,13.26,13.3,2660320.0,002205.SZ,2026-03-19,国统股份,,CNY
13.47,13.58,12.82,12.83,3030102.0,002205.SZ,2026-03-20,国统股份,,CNY
12.56,12.72,12.02,12.14,4145480.0,002205.SZ,2026-03-23,国统股份,,CNY
12.51,12.78,12.18,12.76,3802300.0,002205.SZ,2026-03-24,国统股份,,CNY
12.94,13.19,12.7,13.13,2839600.0,002205.SZ,2026-03-25,国统股份,,CNY
13.13,13.27,12.76,12.83,2308000.0,002205.SZ,2026-03-26,国统股份,,CNY
12.72,13.04,12.65,13.0,1709700.0,002205.SZ,2026-03-27,国统股份,,CNY
12.84,13.52,12.84,13.31,3791380.0,002205.SZ,2026-03-30,国统股份,,CNY
13.32,13.65,13.18,13.18,3205180.0,002205.SZ,2026-03-31,国统股份,,CNY
13.44,13.48,12.91,13.07,3126600.0,002205.SZ,2026-04-01,国统股份,,CNY
13.11,13.16,12.72,12.9,2596760.0,002205.SZ,2026-04-02,国统股份,,CNY
12.96,13.18,12.31,12.35,3056860.0,002205.SZ,2026-04-03,国统股份,,CNY
12.47,13.18,12.38,12.78,4005200.0,002205.SZ,2026-04-07,国统股份,,CNY
13.04,13.13,12.87,13.11,2990302.0,002205.SZ,2026-04-08,国统股份,,CNY
13.02,13.1,12.65,12.74,2290700.0,002205.SZ,2026-04-09,国统股份,,CNY
13.07,13.25,12.8,12.91,3619200.0,002205.SZ,2026-04-10,国统股份,,CNY
12.86,13.18,12.71,12.99,3540160.0,002205.SZ,2026-04-13,国统股份,,CNY
13.15,13.15,12.57,12.76,2684431.0,002205.SZ,2026-04-14,国统股份,,CNY
12.82,12.99,12.7,12.75,2210360.0,002205.SZ,2026-04-15,国统股份,,CNY
12.82,13.03,12.51,12.95,2384140.0,002205.SZ,2026-04-16,国统股份,,CNY
12.87,13.03,12.7,12.76,2026529.0,002205.SZ,2026-04-17,国统股份,,CNY
12.89,12.99,12.7,12.98,2858425.0,002205.SZ,2026-04-20,国统股份,,CNY
12.96,13.0,12.69,12.79,3523680.0,002205.SZ,2026-04-21,国统股份,,CNY
12.74,12.77,12.39,12.49,2993410.0,002205.SZ,2026-04-22,国统股份,,CNY
12.56,12.73,12.32,12.64,3170820.0,002205.SZ,2026-04-23,国统股份,,CNY
12.56,12.78,12.4,12.73,2502940.0,002205.SZ,2026-04-24,国统股份,,CNY
12.74,12.94,12.32,12.91,3928822.0,002205.SZ,2026-04-27,国统股份,,CNY
12.83,13.24,12.83,13.09,4476242.0,002205.SZ,2026-04-28,国统股份,,CNY
13.05,13.46,13.01,13.32,3247280.0,002205.SZ,2026-04-29,国统股份,,CNY
13.26,13.51,13.2,13.38,2629602.0,002205.SZ,2026-04-30,国统股份,,CNY
7.26,7.3,7.1,7.22,23685030.0,002206.SZ,2026-03-02,海利得,,CNY
7.26,7.26,6.88,6.9,28945820.0,002206.SZ,2026-03-03,海利得,,CNY
6.82,6.93,6.77,6.85,21915522.0,002206.SZ,2026-03-04,海利得,,CNY
6.95,7.05,6.87,6.98,17539436.0,002206.SZ,2026-03-05,海利得,,CNY
6.95,7.27,6.91,7.24,22635250.0,002206.SZ,2026-03-06,海利得,,CNY
7.11,7.23,6.8,6.89,34000529.0,002206.SZ,2026-03-09,海利得,,CNY
6.95,7.02,6.89,6.98,18623900.0,002206.SZ,2026-03-10,海利得,,CNY
6.99,7.1,6.93,7.06,17717850.0,002206.SZ,2026-03-11,海利得,,CNY
7.15,7.31,7.09,7.1,29087175.0,002206.SZ,2026-03-12,海利得,,CNY
7.07,7.14,6.87,6.88,30235670.0,002206.SZ,2026-03-13,海利得,,CNY
6.9,7.0,6.77,6.85,20251600.0,002206.SZ,2026-03-16,海利得,,CNY
6.86,6.94,6.7,6.72,16038497.0,002206.SZ,2026-03-17,海利得,,CNY
6.72,6.75,6.65,6.74,14172214.0,002206.SZ,2026-03-18,海利得,,CNY
6.65,6.68,6.36,6.38,24257333.0,002206.SZ,2026-03-19,海利得,,CNY
6.39,6.44,6.19,6.24,17630326.0,002206.SZ,2026-03-20,海利得,,CNY
6.1,6.12,5.68,5.8,31859780.0,002206.SZ,2026-03-23,海利得,,CNY
5.91,6.03,5.8,6.03,20886108.0,002206.SZ,2026-03-24,海利得,,CNY
6.06,6.2,6.03,6.13,17269814.0,002206.SZ,2026-03-25,海利得,,CNY
6.13,6.23,5.96,6.01,22843516.0,002206.SZ,2026-03-26,海利得,,CNY
5.95,6.12,5.93,6.07,14003041.0,002206.SZ,2026-03-27,海利得,,CNY
5.99,6.13,5.95,6.1,16575100.0,002206.SZ,2026-03-30,海利得,,CNY
6.12,6.35,6.03,6.06,17877300.0,002206.SZ,2026-03-31,海利得,,CNY
6.19,6.29,6.15,6.22,21645524.0,002206.SZ,2026-04-01,海利得,,CNY
6.19,6.23,6.06,6.12,12641500.0,002206.SZ,2026-04-02,海利得,,CNY
6.16,6.16,5.95,6.01,11975600.0,002206.SZ,2026-04-03,海利得,,CNY
6.03,6.21,5.99,6.16,18186900.0,002206.SZ,2026-04-07,海利得,,CNY
6.23,6.37,6.18,6.37,20576000.0,002206.SZ,2026-04-08,海利得,,CNY
6.34,6.42,6.28,6.3,15261747.0,002206.SZ,2026-04-09,海利得,,CNY
6.33,6.43,6.3,6.35,12061030.0,002206.SZ,2026-04-10,海利得,,CNY
6.35,6.35,6.23,6.3,13331158.0,002206.SZ,2026-04-13,海利得,,CNY
6.35,6.37,6.26,6.31,10723047.0,002206.SZ,2026-04-14,海利得,,CNY
6.32,6.37,6.28,6.29,12292664.0,002206.SZ,2026-04-15,海利得,,CNY
6.32,6.43,6.28,6.41,13634986.0,002206.SZ,2026-04-16,海利得,,CNY
6.38,6.41,6.24,6.25,18966402.0,002206.SZ,2026-04-17,海利得,,CNY
6.21,6.31,6.18,6.25,17299586.0,002206.SZ,2026-04-20,海利得,,CNY
6.25,6.28,6.15,6.26,13670700.0,002206.SZ,2026-04-21,海利得,,CNY
6.23,6.28,6.2,6.22,12481145.0,002206.SZ,2026-04-22,海利得,,CNY
6.23,6.25,6.14,6.2,12117903.0,002206.SZ,2026-04-23,海利得,,CNY
6.16,6.23,6.1,6.18,12830450.0,002206.SZ,2026-04-24,海利得,,CNY
6.13,6.16,5.99,6.03,17070800.0,002206.SZ,2026-04-27,海利得,,CNY
6.06,6.2,6.03,6.1,15225521.0,002206.SZ,2026-04-28,海利得,,CNY
6.07,6.21,6.06,6.19,11751419.0,002206.SZ,2026-04-29,海利得,,CNY
6.2,6.25,6.14,6.18,15333954.0,002206.SZ,2026-04-30,海利得,,CNY
15.25,15.66,15.15,15.35,35505462.0,002208.SZ,2026-03-02,合肥城建,,CNY
15.35,15.78,14.7,14.71,42288595.0,002208.SZ,2026-03-03,合肥城建,,CNY
14.7,15.28,14.7,14.97,32153947.0,002208.SZ,2026-03-04,合肥城建,,CNY
15.5,15.56,14.88,15.05,33823070.0,002208.SZ,2026-03-05,合肥城建,,CNY
15.2,16.19,15.11,15.82,62758669.0,002208.SZ,2026-03-06,合肥城建,,CNY
15.1,16.65,14.43,15.87,70893600.0,002208.SZ,2026-03-09,合肥城建,,CNY
16.1,16.44,15.86,15.97,47988160.0,002208.SZ,2026-03-10,合肥城建,,CNY
16.01,16.34,15.86,16.18,46883700.0,002208.SZ,2026-03-11,合肥城建,,CNY
16.4,16.4,15.66,15.88,38981189.0,002208.SZ,2026-03-12,合肥城建,,CNY
15.8,16.35,15.52,15.54,49101320.0,002208.SZ,2026-03-13,合肥城建,,CNY
15.3,16.1,15.14,15.8,49941290.0,002208.SZ,2026-03-16,合肥城建,,CNY
15.72,16.58,15.55,15.6,57462770.0,002208.SZ,2026-03-17,合肥城建,,CNY
15.85,16.19,15.29,16.08,58925047.0,002208.SZ,2026-03-18,合肥城建,,CNY
15.7,15.95,15.15,15.46,50012650.0,002208.SZ,2026-03-19,合肥城建,,CNY
15.6,15.7,13.91,13.91,67023611.0,002208.SZ,2026-03-20,合肥城建,,CNY
13.0,13.3,12.52,12.52,45581740.0,002208.SZ,2026-03-23,合肥城建,,CNY
12.65,12.95,12.25,12.9,40070176.0,002208.SZ,2026-03-24,合肥城建,,CNY
12.92,13.28,12.83,13.02,38412463.0,002208.SZ,2026-03-25,合肥城建,,CNY
12.86,12.87,12.41,12.47,30484541.0,002208.SZ,2026-03-26,合肥城建,,CNY
12.13,12.69,12.05,12.59,25590380.0,002208.SZ,2026-03-27,合肥城建,,CNY
12.29,12.4,12.09,12.35,23629799.0,002208.SZ,2026-03-30,合肥城建,,CNY
12.3,12.94,11.62,12.12,56406520.0,002208.SZ,2026-03-31,合肥城建,,CNY
12.35,12.45,11.79,11.9,38740100.0,002208.SZ,2026-04-01,合肥城建,,CNY
12.01,12.03,11.46,11.5,27480641.0,002208.SZ,2026-04-02,合肥城建,,CNY
11.55,11.59,11.11,11.38,25725584.0,002208.SZ,2026-04-03,合肥城建,,CNY
11.35,11.45,11.15,11.19,17608640.0,002208.SZ,2026-04-07,合肥城建,,CNY
11.48,11.96,11.32,11.91,33539200.0,002208.SZ,2026-04-08,合肥城建,,CNY
11.87,12.07,11.6,11.9,24300200.0,002208.SZ,2026-04-09,合肥城建,,CNY
12.15,12.27,11.98,11.98,21797860.0,002208.SZ,2026-04-10,合肥城建,,CNY
11.9,12.1,11.83,12.07,17446260.0,002208.SZ,2026-04-13,合肥城建,,CNY
12.3,13.07,12.13,12.54,45484560.0,002208.SZ,2026-04-14,合肥城建,,CNY
12.4,12.68,12.22,12.27,27381900.0,002208.SZ,2026-04-15,合肥城建,,CNY
12.2,12.48,12.1,12.36,23295583.0,002208.SZ,2026-04-16,合肥城建,,CNY
12.48,12.92,12.28,12.71,43580319.0,002208.SZ,2026-04-17,合肥城建,,CNY
12.5,12.64,12.34,12.38,31024620.0,002208.SZ,2026-04-20,合肥城建,,CNY
12.5,12.78,12.2,12.7,32518631.0,002208.SZ,2026-04-21,合肥城建,,CNY
12.68,12.98,12.56,12.93,24658264.0,002208.SZ,2026-04-22,合肥城建,,CNY
12.95,12.99,12.46,12.51,22805302.0,002208.SZ,2026-04-23,合肥城建,,CNY
12.5,12.74,12.39,12.57,19727173.0,002208.SZ,2026-04-24,合肥城建,,CNY
12.54,12.74,12.31,12.61,15855880.0,002208.SZ,2026-04-27,合肥城建,,CNY
12.72,13.08,12.65,12.79,26672979.0,002208.SZ,2026-04-28,合肥城建,,CNY
12.66,13.04,12.6,12.98,23244559.0,002208.SZ,2026-04-29,合肥城建,,CNY
13.03,14.26,12.85,13.74,62280663.0,002208.SZ,2026-04-30,合肥城建,,CNY
16.27,16.51,15.2,15.25,18658300.0,002209.SZ,2026-03-02,达意隆,,CNY
15.3,15.44,14.72,14.74,7349700.0,002209.SZ,2026-03-03,达意隆,,CNY
14.69,15.05,14.53,14.87,5325100.0,002209.SZ,2026-03-04,达意隆,,CNY
15.07,15.54,15.05,15.4,5110318.0,002209.SZ,2026-03-05,达意隆,,CNY
15.31,15.73,15.18,15.55,4903718.0,002209.SZ,2026-03-06,达意隆,,CNY
15.56,15.56,15.01,15.16,4528600.0,002209.SZ,2026-03-09,达意隆,,CNY
15.45,15.61,15.27,15.58,3246900.0,002209.SZ,2026-03-10,达意隆,,CNY
15.68,16.13,15.59,15.61,4513700.0,002209.SZ,2026-03-11,达意隆,,CNY
15.75,15.75,15.14,15.19,4550200.0,002209.SZ,2026-03-12,达意隆,,CNY
15.19,15.44,15.11,15.16,2668400.0,002209.SZ,2026-03-13,达意隆,,CNY
15.28,15.33,14.87,15.02,2742000.0,002209.SZ,2026-03-16,达意隆,,CNY
15.15,15.24,14.96,14.96,3512000.0,002209.SZ,2026-03-17,达意隆,,CNY
15.04,15.5,14.94,15.45,3553800.0,002209.SZ,2026-03-18,达意隆,,CNY
15.28,15.92,15.13,15.22,6746000.0,002209.SZ,2026-03-19,达意隆,,CNY
15.4,15.45,14.45,14.5,5528200.0,002209.SZ,2026-03-20,达意隆,,CNY
14.25,14.45,13.5,13.73,6151810.0,002209.SZ,2026-03-23,达意隆,,CNY
14.0,14.19,13.58,14.19,6038900.0,002209.SZ,2026-03-24,达意隆,,CNY
14.29,14.8,14.29,14.52,4914410.0,002209.SZ,2026-03-25,达意隆,,CNY
14.55,15.8,14.55,15.45,13986020.0,002209.SZ,2026-03-26,达意隆,,CNY
15.56,16.81,15.33,16.54,22431950.0,002209.SZ,2026-03-27,达意隆,,CNY
16.36,16.52,15.62,15.7,12888200.0,002209.SZ,2026-03-30,达意隆,,CNY
15.7,15.87,15.42,15.45,5745652.0,002209.SZ,2026-03-31,达意隆,,CNY
15.7,16.19,15.5,15.97,8495511.0,002209.SZ,2026-04-01,达意隆,,CNY
15.89,15.9,15.18,15.31,6065400.0,002209.SZ,2026-04-02,达意隆,,CNY
15.38,15.54,15.01,15.35,4946100.0,002209.SZ,2026-04-03,达意隆,,CNY
15.49,15.49,15.02,15.13,4316900.0,002209.SZ,2026-04-07,达意隆,,CNY
15.66,15.76,15.43,15.68,5107500.0,002209.SZ,2026-04-08,达意隆,,CNY
15.88,15.93,15.36,15.44,3517600.0,002209.SZ,2026-04-09,达意隆,,CNY
15.5,15.98,15.38,15.55,5596101.0,002209.SZ,2026-04-10,达意隆,,CNY
15.55,15.68,15.28,15.41,3735325.0,002209.SZ,2026-04-13,达意隆,,CNY
15.6,15.62,15.13,15.32,3353020.0,002209.SZ,2026-04-14,达意隆,,CNY
15.37,15.37,14.97,15.0,3294200.0,002209.SZ,2026-04-15,达意隆,,CNY
15.11,16.5,14.92,16.5,11115463.0,002209.SZ,2026-04-16,达意隆,,CNY
16.48,16.74,16.2,16.68,13139564.0,002209.SZ,2026-04-17,达意隆,,CNY
16.84,16.94,16.46,16.77,9847200.0,002209.SZ,2026-04-20,达意隆,,CNY
16.93,16.93,16.52,16.8,6694000.0,002209.SZ,2026-04-21,达意隆,,CNY
16.81,17.51,16.62,17.33,12650102.0,002209.SZ,2026-04-22,达意隆,,CNY
17.21,17.42,16.78,16.93,7006602.0,002209.SZ,2026-04-23,达意隆,,CNY
16.8,16.92,16.5,16.65,5448901.0,002209.SZ,2026-04-24,达意隆,,CNY
16.61,16.88,16.5,16.7,4558400.0,002209.SZ,2026-04-27,达意隆,,CNY
16.68,16.93,16.01,16.15,5793000.0,002209.SZ,2026-04-28,达意隆,,CNY
16.0,16.96,15.91,16.73,6477680.0,002209.SZ,2026-04-29,达意隆,,CNY
15.5,15.72,15.06,15.06,10408100.0,002209.SZ,2026-04-30,达意隆,,CNY
8.58,8.61,8.26,8.31,47193400.0,002212.SZ,2026-03-02,天融信,,CNY
8.38,8.39,7.92,7.93,39922810.0,002212.SZ,2026-03-03,天融信,,CNY
7.82,8.0,7.81,7.87,22079900.0,002212.SZ,2026-03-04,天融信,,CNY
8.01,8.23,7.98,8.14,31822578.0,002212.SZ,2026-03-05,天融信,,CNY
8.11,8.27,8.07,8.22,19769122.0,002212.SZ,2026-03-06,天融信,,CNY
8.14,8.34,8.06,8.33,29695414.0,002212.SZ,2026-03-09,天融信,,CNY
8.59,9.16,8.55,8.92,117797305.0,002212.SZ,2026-03-10,天融信,,CNY
9.18,9.29,8.89,8.9,95459114.0,002212.SZ,2026-03-11,天融信,,CNY
8.86,8.97,8.75,8.8,54248413.0,002212.SZ,2026-03-12,天融信,,CNY
8.72,8.73,8.44,8.46,44117526.0,002212.SZ,2026-03-13,天融信,,CNY
8.43,8.57,8.4,8.55,26153484.0,002212.SZ,2026-03-16,天融信,,CNY
8.52,8.52,8.19,8.21,33810736.0,002212.SZ,2026-03-17,天融信,,CNY
8.24,8.4,8.21,8.38,21567397.0,002212.SZ,2026-03-18,天融信,,CNY
8.25,8.33,8.17,8.21,19482405.0,002212.SZ,2026-03-19,天融信,,CNY
8.23,8.3,7.9,7.9,31070965.0,002212.SZ,2026-03-20,天融信,,CNY
7.79,7.79,7.23,7.34,40288246.0,002212.SZ,2026-03-23,天融信,,CNY
7.46,7.56,7.32,7.55,26455453.0,002212.SZ,2026-03-24,天融信,,CNY
7.55,7.7,7.5,7.63,20670182.0,002212.SZ,2026-03-25,天融信,,CNY
7.63,7.66,7.37,7.41,19444575.0,002212.SZ,2026-03-26,天融信,,CNY
7.31,7.5,7.27,7.46,15437902.0,002212.SZ,2026-03-27,天融信,,CNY
7.36,7.44,7.21,7.43,16698691.0,002212.SZ,2026-03-30,天融信,,CNY
7.41,7.52,7.3,7.31,17624100.0,002212.SZ,2026-03-31,天融信,,CNY
7.49,7.53,7.4,7.49,19876900.0,002212.SZ,2026-04-01,天融信,,CNY
7.45,7.48,7.25,7.29,18220010.0,002212.SZ,2026-04-02,天融信,,CNY
7.33,7.36,7.12,7.15,14985200.0,002212.SZ,2026-04-03,天融信,,CNY
7.15,7.26,7.15,7.23,12211461.0,002212.SZ,2026-04-07,天融信,,CNY
7.39,7.55,7.38,7.54,26475884.0,002212.SZ,2026-04-08,天融信,,CNY
7.46,7.48,7.35,7.37,16722211.0,002212.SZ,2026-04-09,天融信,,CNY
7.43,7.51,7.41,7.44,17537300.0,002212.SZ,2026-04-10,天融信,,CNY
7.37,7.55,7.36,7.5,16151865.0,002212.SZ,2026-04-13,天融信,,CNY
7.58,7.64,7.46,7.54,16130836.0,002212.SZ,2026-04-14,天融信,,CNY
7.76,7.8,7.45,7.46,22717173.0,002212.SZ,2026-04-15,天融信,,CNY
7.52,7.57,7.46,7.55,19985661.0,002212.SZ,2026-04-16,天融信,,CNY
7.5,7.53,7.43,7.49,17913667.0,002212.SZ,2026-04-17,天融信,,CNY
7.48,7.55,7.45,7.52,17502000.0,002212.SZ,2026-04-20,天融信,,CNY
7.52,7.73,7.48,7.59,32440473.0,002212.SZ,2026-04-21,天融信,,CNY
7.54,7.83,7.49,7.76,35163465.0,002212.SZ,2026-04-22,天融信,,CNY
7.79,7.82,7.69,7.77,26377401.0,002212.SZ,2026-04-23,天融信,,CNY
7.84,7.98,7.77,7.8,53102055.0,002212.SZ,2026-04-24,天融信,,CNY
7.86,7.95,7.81,7.93,35577171.0,002212.SZ,2026-04-27,天融信,,CNY
7.93,7.95,7.76,7.81,30346910.0,002212.SZ,2026-04-28,天融信,,CNY
7.76,7.83,7.72,7.75,27498373.0,002212.SZ,2026-04-29,天融信,,CNY
7.4,7.4,7.17,7.28,60359248.0,002212.SZ,2026-04-30,天融信,,CNY
27.5,28.8,27.48,27.7,21884388.0,002213.SZ,2026-03-02,大为股份,,CNY
27.7,27.97,26.0,26.02,16507300.0,002213.SZ,2026-03-03,大为股份,,CNY
25.45,27.8,25.4,26.98,18407301.0,002213.SZ,2026-03-04,大为股份,,CNY
27.5,27.78,26.91,27.17,13744900.0,002213.SZ,2026-03-05,大为股份,,CNY
26.7,28.08,26.69,27.99,18599500.0,002213.SZ,2026-03-06,大为股份,,CNY
27.48,27.85,26.89,27.8,15101600.0,002213.SZ,2026-03-09,大为股份,,CNY
28.05,28.43,27.85,28.2,15245800.0,002213.SZ,2026-03-10,大为股份,,CNY
28.07,28.4,27.45,27.45,15995100.0,002213.SZ,2026-03-11,大为股份,,CNY
27.22,27.9,26.55,26.67,12353301.0,002213.SZ,2026-03-12,大为股份,,CNY
26.5,29.34,26.43,28.38,49230414.0,002213.SZ,2026-03-13,大为股份,,CNY
28.2,29.88,28.03,29.87,48678089.0,002213.SZ,2026-03-16,大为股份,,CNY
29.2,29.65,28.92,29.12,28242200.0,002213.SZ,2026-03-17,大为股份,,CNY
29.47,31.35,29.16,30.58,43032002.0,002213.SZ,2026-03-18,大为股份,,CNY
29.37,30.43,29.21,29.6,28005490.0,002213.SZ,2026-03-19,大为股份,,CNY
29.6,30.79,28.96,29.14,28031161.0,002213.SZ,2026-03-20,大为股份,,CNY
28.63,29.76,27.63,28.0,25601302.0,002213.SZ,2026-03-23,大为股份,,CNY
28.63,29.44,27.77,29.39,28337951.0,002213.SZ,2026-03-24,大为股份,,CNY
29.35,30.21,29.2,29.58,24904264.0,002213.SZ,2026-03-25,大为股份,,CNY
28.98,30.1,28.5,29.81,26690489.0,002213.SZ,2026-03-26,大为股份,,CNY
28.98,31.0,27.66,30.67,37967200.0,002213.SZ,2026-03-27,大为股份,,CNY
30.7,31.9,29.92,31.0,34227600.0,002213.SZ,2026-03-30,大为股份,,CNY
30.33,30.45,29.13,29.13,27442938.0,002213.SZ,2026-03-31,大为股份,,CNY
30.16,30.26,28.8,29.29,25002550.0,002213.SZ,2026-04-01,大为股份,,CNY
29.28,30.2,29.03,29.34,20144200.0,002213.SZ,2026-04-02,大为股份,,CNY
29.05,29.2,26.48,26.61,26704004.0,002213.SZ,2026-04-03,大为股份,,CNY
26.46,28.07,26.07,26.86,15584385.0,002213.SZ,2026-04-07,大为股份,,CNY
27.75,29.55,27.75,29.55,21937494.0,002213.SZ,2026-04-08,大为股份,,CNY
30.16,32.51,30.16,32.51,65026575.0,002213.SZ,2026-04-09,大为股份,,CNY
33.09,34.94,32.38,33.87,67657956.0,002213.SZ,2026-04-10,大为股份,,CNY
32.71,35.03,32.71,34.62,42904429.0,002213.SZ,2026-04-13,大为股份,,CNY
34.88,38.08,34.53,38.08,17972601.0,002213.SZ,2026-04-14,大为股份,,CNY
37.97,37.97,34.27,34.85,57420599.0,002213.SZ,2026-04-15,大为股份,,CNY
34.89,38.34,33.87,38.34,43375299.0,002213.SZ,2026-04-16,大为股份,,CNY
39.06,39.45,37.19,37.73,54784662.0,002213.SZ,2026-04-17,大为股份,,CNY
37.25,38.0,36.56,37.3,35626551.0,002213.SZ,2026-04-20,大为股份,,CNY
37.28,37.28,35.96,36.18,24411862.0,002213.SZ,2026-04-21,大为股份,,CNY
36.12,36.12,35.27,35.81,23535862.0,002213.SZ,2026-04-22,大为股份,,CNY
36.12,36.49,33.69,34.13,27983299.0,002213.SZ,2026-04-23,大为股份,,CNY
34.16,36.58,33.63,35.64,48954550.0,002213.SZ,2026-04-24,大为股份,,CNY
36.21,37.0,35.72,36.52,40257850.0,002213.SZ,2026-04-27,大为股份,,CNY
36.54,37.36,35.5,35.7,36430550.0,002213.SZ,2026-04-28,大为股份,,CNY
35.38,37.26,34.88,37.01,38597722.0,002213.SZ,2026-04-29,大为股份,,CNY
37.0,38.41,36.44,37.3,41870610.0,002213.SZ,2026-04-30,大为股份,,CNY
